卷章名,領域,標題,勉勵,經文
01創世記第01章,信仰,天父創造你，說你是甚好的,你是否曾懷疑自己的生命有沒有意義？創世記第一章告訴我們一個最深刻的真理：神照著自己的形像造人。你不是偶然存在的，而是被神親手塑造的，帶著祂的印記。在所有受造物中，唯有人有神聖的尊嚴。更美麗的是，神每次看見祂的創造，說的都是「甚好」——包括看見你。天父對你的評價不是你的成就或外貌，而是你本身。今天，讓這個真理成為你站立的根基。,神說：我們要照著我們的形像、按著我們的樣式造人。《創世記1:26》
01創世記第02章,家庭,天父為你設計了安息與相伴的需要,你是否在忙碌中，忘了停下來的重要？神在創造完成後親自歇息，為第七日賜福，定為聖日。那不是因為神疲倦，而是為人設立安息的典範——停下來，與神親近，享受祂的同在。更美的是，神說「那人獨居不好」，親手為人預備了伴侶。天父深知你需要休息，也需要彼此。今天，讓你的心先回到安靜，你不是一個人，祂早就看見了你的需要。,因此，人要離開父母，與妻子連合，二人成為一體。《創世記2:24》
01創世記第03章,信仰,天父在你跌倒後仍為你預備了出路,你是否在某個軟弱的時刻，選擇了錯的路，之後感到難以回頭？人類的第一次跌倒就是如此——信任動搖、誘惑臨到，選擇了偏離。但在宣告後果的同時，神悄悄放入了應許：「女人的後裔要傷你的頭」——那是最早的救贖預言，是神在審判中的恩典。天父從未因人的失敗而放棄計畫，反而早在失敗發生前，就預備了恢復的路。你的跌倒，不是故事的終點。,我又要叫你和女人彼此為仇；你的後裔和女人的後裔也彼此為仇。女人的後裔要傷你的頭。《創世記3:15》
01創世記第04章,品格,天父看的是你獻上時的內心,你是否曾勉強地完成信仰上的義務，卻缺少真實的投入？亞伯帶著頭生的、最好的羊來獻，那是他真正在乎的東西；該隱只是拿了地裡的出產，沒有留意是否獻出了最好的。神看中的不是祭物的種類，而是獻祭者的心。當你為神或他人做任何事，天父看的不只是行為，更是那個行為背後的動機。你今天獻上的，是你真正在乎的嗎？,亞伯也將他羊群中頭生的和羊的脂油獻上。耶和華看中了亞伯和他的供物。《創世記4:4》
01創世記第05章,敬拜,天父看顧那些在平凡日子中仍願意與祂同行的你,你是否覺得自己的信仰生活太平凡，沒有什麼大的見證？本章記錄了許多名字，每一個都以「就死了」結尾，唯有以諾例外——「以諾與神同行，神將他取去，他就不在世了」。以諾沒有傳奇的事蹟，只有一個描述：與神同行。這是最低調、也最有分量的屬靈見證。天父不要求你有驚天動地的成就，只要你今天仍在與祂同行，每一步都被祂看見。,以諾與神同行，神將他取去，他就不在世了。《創世記5:24》
01創世記第06章,信仰,天父在敗壞的世代仍尋找那個願意說「好」的你,當周遭的人都在離神而行時，你是否感到孤單，甚至懷疑自己的堅持是否值得？挪亞那個時代，「終日所思想的盡都是惡」，然而就在這樣的黑暗中，聖經記載：「挪亞是個義人，挪亞與神同行。」他沒有跟隨大流，更重要的是：「凡神所吩咐的，他都照樣行了。」天父從來不缺少工人，祂一直在尋找那個願意說「好，我照著行」的人。你願意嗎？,挪亞是個義人，在當時的世代是個完全人。挪亞與神同行。《創世記6:9》
01創世記第07章,禱告,天父親自為你關上保護的門,你是否有時感到無助，覺得自己的安全感無從掌握？當洪水將至，挪亞一家進入方舟之後，聖經說了一句非常溫柔的話：「耶和華就把他關在方舟裡頭。」不是挪亞自己關上門，是神親自關上的。那道門，是保護，是同在，是愛。無論外面的風浪多猛烈，天父早已把你關在祂的保護之中。你今天是否願意信靠那雙為你關門的手？,耶和華就把他關在方舟裡頭。《創世記7:16》
01創世記第08章,信仰,天父記念你，是祂使你的處境開始改變的時刻,你是否曾在漫長的等候中，以為神已經忘記了你？方舟上的挪亞等候了很長的時間，不確定大水何時退去。然而這一切的轉折，始於一句話：「神記念挪亞。」在他開口求告之前，神已經記念了。「神叫風吹地，水勢漸落」——那是神記念帶出的行動。天父記念你，就是使你的處境開始改變的時刻。你所在的等候中，神從未停止記念。,神記念挪亞和挪亞方舟裡的一切走獸牲畜。神叫風吹地，水勢漸落。《創世記8:1》
01創世記第09章,信仰,天父以彩虹立約，讓你在風雨後看見祂的信實,你是否需要一個記號，提醒自己神的應許是真實的？洪水過後，神把彩虹放在雲彩中，說：「這就可作我與地立約的記號。」那個約完全是神的恩典，不是因為人配得，而是神主動的承諾。每次看見彩虹，都是天父在說：「我記得我的應許。」信徒在人生風雨之後，也有這樣的記號——神的信實，是一直掛在天上、不褪色的盼望。,我把虹放在雲彩中，這就可作我與地立約的記號。《創世記9:13》
01創世記第10章,未來,天父的眼目看顧萬族萬民，你的背景在祂的計畫中,你是否曾感到自己的文化或群體被神忽視？這章詳細記錄各族各國的源頭，每個民族都在神的視野之中，沒有誰是被遺漏的。神的視野從來不狹窄，祂看見每個民族、每種文化的人，並有祂對全人類的心意。即使不是救恩主線上的族群，神也記錄了他們、記念了他們。天父的眼目遍及萬族，包括你所屬的那一群。,這些都是挪亞三個兒子的宗族，各隨他們的支派立國。洪水以後，他們在地上分為邦國。《創世記10:32》
01創世記第11章,品格,天父看見驕傲如何讓你走向毀滅，也為你預備了謙卑的路,你是否曾在某個成就中，開始以傳揚自己的名聲為首要目標？巴別塔的建造者喊出「為要傳揚我們的名」，那不只是工程計畫，更是人心驕傲的宣言——他們想靠集體力量達到神聖的高度。神一句話，就讓那個計畫瓦解。天父不是嫉妒人的成就，而是看見驕傲的心會把人帶向毀滅。你的成就，是指向自己，還是指向那位賜你一切的神？,他們說：來吧！我們要建造一座城和一座塔，塔頂通天，為要傳揚我們的名。《創世記11:4》
01創世記第12章,信仰,天父在呼召你離開安舒，走向祂所應許你的未來,你是否正站在一個要你放下熟悉、踏向未知的呼召前？神對亞伯蘭說「往我所要指示你的地去」，那不是一張清楚的地圖，而是一個方向。亞伯蘭沒有等到所有細節明朗，就照著神的吩咐出發了。天父的呼召常常先於祂的解釋，信心就是在不知道全部答案時，仍選擇跟隨那位知道一切的神。你願意出發嗎？,耶和華對亞伯蘭說：你要離開本地、本族、父家，往我所要指示你的地去。《創世記12:1》
01創世記第13章,品格,天父看見你在衝突中選擇退讓，並為你預備更大的空間,你是否曾在利益衝突中，選擇了謙讓而非爭奪，卻不確定這是否是正確的選擇？亞伯蘭是長輩，本有優先選擇權，卻主動讓羅得先選，為了避免骨肉相爭。他放棄了眼前最好的選擇，卻在讓出之後，得到神更大的應許：「你舉目向東西南北觀看，凡你所看見的一切地，我都要賜給你。」天父看見你退讓的心，並為那些甘願吃虧的人，保留了更寬廣的將來。,亞伯蘭就對羅得說：你我不可相爭，你的牧人和我的牧人也不可相爭，因為我們是骨肉。《創世記13:8》
01創世記第14章,信仰,天父看你面對誘人利益時，你選擇倚靠的是誰,你是否曾面對誘人的報酬，卻因著對神的委身而選擇放棄？亞伯拉罕打了勝仗，所多瑪王要把財物都給他，他卻說「連一根線、一根鞋帶，我都不拿」。他不要讓人說「我使亞伯拉罕富足了」——他的豐盛只屬於神。麥基洗德稱他是蒙「至高神賜福的人」，那是天父對他真正的評語。你的富足，是靠誰的名聲而來的？,願天地的主、至高的神賜福與亞伯蘭！《創世記14:19》
01創世記第15章,信仰,天父以你的信心算為你的義,你是否在等候一個看似遙不可及的應許，開始懷疑自己的信心是否有任何意義？亞伯蘭年老無子，處境和神的應許之間存在著巨大的落差，但「他信耶和華，耶和華就以此為他的義」。不是他的工作，不是他的完美，而是他在不可能中仍然信靠的那顆心，讓神稱他為義。天父稱你為義，不是因為你做得夠好，而是因為你願意信靠祂。那份信，就是一切。,亞伯蘭信耶和華，耶和華就以此為他的義。《創世記15:6》
01創世記第16章,家庭,天父在你被忽視的角落仍然看顧你,你是否曾感到被人忽視，在某個痛苦的角落不知道有沒有人在意？夏甲是個使女，在別人的故事裡扮演邊緣角色，卻在曠野中獨自哭泣時遇見了神。她成為聖經中第一個用一個名字稱呼神的人：「看顧人的神」——因為在那裡，她看見了那位看顧她的神。天父不只在意主角，祂也在你生命中最邊緣的時刻，看見了你。,夏甲就稱那對她說話的耶和華為看顧人的神，因而說：在這裡我也看見那看顧我的嗎？《創世記16:13》
01創世記第17章,信仰,天父是全能的神，祂的應許不因你的條件而縮水,你是否覺得自己已經太老、太晚，神的應許不再適用於你？亞伯拉罕九十九歲的時候，神說「我是全能的神」，並再次確認應許，甚至改了他的名字。名字的改變是身份的宣告，是神對未來的確認。天父是「全能的神」——「全能」的意思是，祂的應許不受你的年紀、條件或過去的失敗所限。只要祂說了，就必成就。,我是全能的神。你當在我面前作完全人，我就與你立約，使你的後裔極其繁多。《創世記17:1-2》
01創世記第18章,禱告,天父歡迎你大膽為他人代求,你是否曾為了他人的困境，鼓起勇氣在神面前懇切代求？亞伯拉罕看見所多瑪即將受審，沒有轉身離開，而是「近前來」，開始了一場大膽的代求，一次又一次地問，神也一次又一次地回應。天父不嫌你的禱告太大膽，祂喜悅那個懂得憂慮他人、把他人帶到神面前的心。你願意為誰大膽開口？,亞伯拉罕近前來，說：無論善惡，你都要剿滅嗎？《創世記18:23》
01創世記第19章,信仰,天父的拯救需要你起身離開，不讓你的心留戀舊地,你是否曾明知需要離開某件事，卻仍然拖延、依依不捨？神要拯救羅得一家，天使說「逃命吧！」，但羅得「遲延不走」，天使甚至必須「拉著他的手」才能讓他動身。羅得的妻子最終回頭看，就成了鹽柱。天父的拯救是真實的，但我們有時緊抓著那個需要放下的東西，不肯轉身。讓神拉著你的手前進，不要回頭。,那時，耶和華憐恤羅得，就拉著他的手和他妻子的手，把他們領出來。《創世記19:16》
01創世記第20章,品格,天父在你軟弱中仍守護祂對你的計畫,你是否曾在壓力下說了不完全誠實的話，然後懊悔自己的軟弱？亞伯拉罕再次犯了同樣的錯誤，然而神介入，保護了撒拉，也保護了應許不被破壞。神的保護不是因為亞伯拉罕做得完美，而是因為祂的計畫必須成就。你的軟弱和失敗，不能阻止天父的應許——祂的保守比你的表現更大。,神在夢中對他說：我知道你做這事是心中正直；我也攔阻了你，免得你得罪我。《創世記20:6》
01創世記第21章,信仰,天父在你最絕望的角落聽見了你,你是否曾在最深的無助中，覺得神不在？夏甲和以實瑪利在曠野中精疲力竭，水已喝盡，她把孩子放在小樹下，走開哭泣。就在那一刻，神的使者說：「神已經聽見童子的聲音了。」那句「已經聽見」，是在她開口之前。天父早已聽見了你最深的哭聲，甚至在你說出之前。你不需要先把話說得漂亮，只要發出那聲音，祂已聽見。,神聽見童子的聲音；神的使者從天上呼叫夏甲說：夏甲，你為何這樣呢？不要害怕，神已經聽見童子的聲音了。《創世記21:17》
01創世記第22章,信仰,天父的供應在你全然順服的那一刻出現,你是否面對一個要你放下最珍愛之物的呼召，內心掙扎不已？亞伯拉罕帶著以撒上山，以撒問：「燔祭的羊羔在哪裡？」父親說：「神必自己預備。」他不知道答案，卻選擇繼續走。當他舉起刀的那一刻，神的供應才出現——那是信心的法則：在完全順服之後，神的預備才完全顯現。天父的供應，在你信心最深的步伐之後等候著你。,亞伯拉罕說：我兒，神必自己預備作燔祭的羊羔。於是二人同行。《創世記22:8》
01創世記第23章,未來,天父看見你在等候中以行動表達信心的心,你是否曾在漫長等候中，以具體行動宣告你對應許的信心？亞伯拉罕在迦南一生寄居，一塊地都不屬於他，卻在撒拉死後，堅持花大價購買墳地——那是一個宣告：「我相信我的後代要住在這裡。」他沒有看見應許完全成就，卻用一個埋葬的行動宣告了對未來的信心。天父看見那份在看不見時仍然持守的信念，並記念它。,我在你們中間是外人，是寄居的。求你們在這裡給我一塊地，我好埋葬我的死人。《創世記23:4》
01創世記第24章,禱告,天父喜悅你帶著具體請求尋求祂對你的引導,你是否在某個重要決定前，嘗試過帶著具體的請求尋求神的引導？亞伯拉罕的老僕人設立了一個清楚的印證，帶著具體的請求對神禱告。他說的話還沒說完，利百加就出現了，並做了他所求的事——神的回應比他的禱告還快。天父喜悅那種帶著具體、誠實的請求來尋求引導的心。你有一個這樣的禱告嗎？,他說：耶和華─我主人亞伯拉罕的神啊，求你施恩給我主人亞伯拉罕，使我今日遇見好機會。《創世記24:12》
01創世記第25章,品格,天父看你如何對待生命中屬靈的產業,你是否曾為了眼前的一時滿足，輕忽了長遠有意義的東西？以掃那天很餓，覺得長子名分比不上一碗紅豆湯，就賣掉了。他沒有認為長子名分本身不好，只是此刻的飢餓讓他覺得那不重要。這是人心最常犯的錯：用現在的感覺判斷長遠的價值。天父看你如何對待那些屬靈的、永恆的事物——它們在你眼中，值多少？,以掃說：我將要死，這長子的名分於我有什麼益處呢？《創世記25:32》
01創世記第26章,信仰,天父為選擇退讓的你保留了寬闊之地,你是否曾因為不爭而感到吃虧，不確定退讓是否正確的選擇？以撒在非利士人一再封堵他的井時，沒有爭競，而是繼續挖新的井，直到對方不再爭奪。神讓他在一個叫「利河伯」——寬闊之地——的地方得到新井。以撒說：「耶和華現在給我們寬闊之地。」天父從不虧待那些選擇退讓的人，祂為你保留了更廣的地方。,他就給那井起名叫利河伯，他說：耶和華現在給我們寬闊之地，我們必在這地昌盛。《創世記26:22》
01創世記第27章,品格,天父看見用錯誤手段達到目的，會讓你付出沉重代價,你是否曾因為相信目標是對的，就用了一個不太對的方式去達成？利百加和雅各都知道神的旨意，卻選擇用欺騙來加速應許的成就，結果家庭破裂、雅各逃亡二十年。神的旨意不需要我們用謊言來守護，祂有自己成就的方式。天父看見目標背後的手段，正確的目標不能為錯誤的方式辯護。你今天的手段，是否與你的目標一樣純潔？,雅各對他父親說：我是你的長子以掃；我已照你所吩咐我的行了。《創世記27:19》
01創世記第28章,信仰,天父在你最孤單的夜裡悄悄同在,你是否曾在某個孤單、支撐都消失的夜晚，不確定神是否還在？雅各逃亡的那一夜，枕著石頭入睡，卻在夢中遇見了神，聽見那句話：「你無論往那裡去，我必保佑你，領你歸回這地，總不離棄你。」雅各醒來說：「耶和華真在這裡，我竟不知道！」天父最常在我們「竟不知道」的時刻，悄悄同在。你今天的孤單，不是神缺席的證明。,我也與你同在。你無論往那裡去，我必保佑你，領你歸回這地，總不離棄你。《創世記28:15》
01創世記第29章,家庭,天父看見你在關係中被忽視的苦情,你是否曾感到自己的付出和愛沒有被珍視，在關係中感到被輕視？利亞不被丈夫所愛，卻被神所看見。她生了兒子，每次都說出她的痛苦和盼望，而神回應她的方式是：「耶和華見利亞失寵，就使她生育。」那句「見……就」，是看見即行動。天父看見那些在關係中被忽視的人，祂不需要你先被人愛，才能被祂愛。,耶和華見利亞失寵，就使她生育，拉結卻不生育。利亞懷孕生子，就給他起名叫流便，因而說：耶和華看見我的苦情。《創世記29:31-32》
01創世記第30章,信仰,天父在祂的時間中記念你心深處的渴望,你是否有一個渴望，等候了很長的時間，覺得神是否真的看見了？拉結哭喊、嫉妒、用盡各種方法，都沒能懷孕，但聖經說「神顧念拉結，應允了她，使她能生育」。那個轉折不是靠她自己的方法，而是「神顧念」。拉結所做的一切努力都無法成就，但神顧念的那一刻，一切改變了。天父在祂最好的時間裡，記念你心深處的渴望。,神顧念拉結，應允了她，使她能生育。《創世記30:22》
01創世記第31章,職場,天父看見你在不公平中的忠心勞苦,你是否曾在一段不被公平對待的時期，竭力盡職，卻感到付出沒有得到應有的回報？雅各說：「我白日受盡乾熱，黑夜受盡寒霜，你十次改了我的工價。」二十年的不公正，神都看見。神說：「我是看見你的苦情和你的勞碌。」沒有一滴汗水是白流的，沒有一份不被看見的忠心。天父的眼睛從來沒有離開那個在無人注意時仍然盡力的你。,神看見我的苦情和我的勞碌。《創世記31:42》
01創世記第32章,信仰,天父在你激烈的掙扎中為你準備新的名字,你是否正在某個生命的夜晚，與自己、與神、與恐懼掙扎，不知道天亮會帶來什麼？雅各整夜不放手，說：「你不給我祝福，我就不容你去。」那一夜，他的大腿被摸而扭，卻得了新名字：以色列——「與神較力得勝的人」。傷痛和祝福，在那一夜同時來到。天父在你最劇烈的掙扎中，正在為你準備一個新的名字、一個新的開始。,那人說：你的名不要再叫雅各，要叫以色列；因為你與神與人較力，都得了勝。《創世記32:28》
01創世記第33章,家庭,天父能化解看似無法跨越的隔閡，使你與人和好,你是否有一段破裂的關係，覺得傷害太深、裂痕太大，不可能再和好？雅各懷著極度的恐懼去見以掃，以為必死無疑，結果「以掃跑來迎接他，將他抱住……兩個人就哭了」。那份和好，不是靠策略，而是神改變了以掃的心。天父有能力融化仇恨、軟化剛硬的心，使仇敵成為擁抱你的人。這是人做不到、但神能做到的事。,以掃跑來迎接他，將他抱住，又摟著他的頸項，與他親嘴，兩個人就哭了。《創世記33:4》
01創世記第34章,品格,天父看見屬靈界線模糊如何讓你所愛的人陷入危機,你是否曾讓信仰的界線悄悄模糊，以為不會影響太多，卻讓你愛的人暴露在危險中？雅各沒有帶領家人回伯特利敬拜神，選擇在示劍城外定居，漸漸融入當地的生活。結果底拿受了玷辱，兒子們以殘酷的方式報復，全家陷入危機。屬靈邊界的模糊代價最先由家人承擔。天父呼召你分別為聖，是為了保護你所愛的人。,雅各聽見示劍玷污了他的女兒底拿。那時他的兒子們正和群畜在田野，雅各就閉口不言，等他們回來。《創世記34:5》
01創世記第35章,信仰,天父邀請你回到起初遇見祂的地方重新出發,你是否曾離開生命的起點太久，想要回到那個最初遇見神的地方？神呼召雅各「回伯特利去」——那是他最初與神相遇、立石立誓的地方。回去之前，雅各吩咐家人「除掉你們中間的外邦神，也要自潔，更換衣裳」。那個清潔的行動，那個回歸的決定，是真正更新的開始。天父等著你回去那個起初的地方，再一次與祂相遇。,你們要除掉你們中間的外邦神，也要自潔，更換衣裳。《創世記35:2》
01創世記第36章,信仰,天父的主權涵蓋每一個被記念的生命，包括你,你是否有時覺得自己在神計畫的邊緣，不在最重要的那條線上？本章記錄了以掃的後代，雖然以掃在救恩主線之外，神仍詳細記錄了他的族裔、王、首領，一個都不少。神的記錄包含每一個生命，沒有誰是被神忽略的。天父的眼目涵蓋萬族萬民，即使你覺得自己在邊緣，神的記錄裡有你的名字，祂的眼目也看顧著你。,以掃就是以東，他的後代記在下面。《創世記36:1》
01創世記第37章,未來,天父在人的惡意中默默編織更大的計畫守護你,你是否曾受到最親近的人的傷害，覺得那道傷是最難癒合的？約瑟的哥哥們把他丟進坑裡，又賣給外邦人，他下到埃及時充滿恐懼與困惑。然而聖經後來揭示，神在人最醜陋的惡意中，默默編織著一個比任何人能想像的更大的計畫。天父在你現在所在的「坑」裡，也許正在醞釀一個你還看不見的轉折。,他們就把約瑟從坑裡拉上來，講定二十舍客勒銀子，把約瑟賣給以實瑪利人。《創世記37:28》
01創世記第38章,悔改,天父喜悅你勇敢承認錯誤、不顧面子的心,你是否曾在一件自己做錯的事上，為了面子而遲遲不肯認錯？猶大曾想讓他瑪受死，但當他瑪拿出那些物件證明時，猶大說：「她比我更有義。」他沒有找藉口，沒有轉移焦點，就是承認了。那句話比任何辯解都有力量——那是真正悔改的起點。天父喜悅那個願意說出「我錯了」的心，那不是軟弱，那是真實的義。,猶大承認說：她比我更有義，因為我沒有將她給我的兒子示拉。《創世記38:26》
01創世記第39章,品格,天父在無人看見的地方，看見你說「不」的那一刻,你是否曾面對一個誘人的試探，選擇說不，卻因此付出了代價？約瑟在最脆弱的環境中，面對最直接的誘惑，說了一句話：「我怎能作這大惡，得罪神呢？」然後他跑出去了——沒有猶豫，沒有反覆分析。他因此坐了冤獄，但神的同在始終沒有離開他。天父看見那個在無人看見的地方，為了祂說「不」的你，並且記念。,我怎能作這大惡，得罪神呢？《創世記39:9》
01創世記第40章,服事,天父看顧那些在自己苦難中仍然關心你旁邊之人的心,你是否曾在自己的苦難中，仍然注意到旁邊有人需要關心？約瑟身陷冤獄，卻在早晨注意到同囚者的愁容，主動問：「你們今日為何面帶愁容呢？」那個細小的關心，是他內心健康的證明——苦難沒有讓他只看見自己。天父記念那些在自己痛苦中仍然看見他人的心，那不是一種努力，而是愛的自然流露。,約瑟說：解夢不是出於神嗎？請你們將夢告訴我。《創世記40:8》
01創世記第41章,信仰,天父在你最被遺忘的時刻，正在醞釀對你最大的翻轉,你是否正在一段漫長的等候中，看不見出路，懷疑那個應許還算不算數？約瑟在監獄裡被遺忘了整整兩年，但法老的一個夢，就讓他從囚犯走向宰相。約瑟說：「這不在乎我，神必將平安的話回答法老。」他沒有靠自己的聰明爭取，而是謙卑地把榮耀歸給神。天父在你最被遺忘的時刻，往往正在醞釀最大的翻轉。,約瑟回答法老說：這不在乎我，神必將平安的話回答法老。《創世記41:16》
01創世記第42章,未來,天父有時用困境喚醒你對過去虧欠的正視,你是否有某件埋在心底已久的虧欠，每逢困境就會浮現？約瑟的哥哥們在困境中彼此說：「我們在兄弟身上實在有罪……我們見他心裡的愁苦，卻不肯聽。」二十多年過去了，那個愁苦的畫面還在。罪的記憶不會因時間消失，它在合適的時候重新顯現，呼喚我們面對。天父有時使用困境，不是要傷害你，而是要打開那道你一直不敢打開的門。,他們彼此說：我們在兄弟身上實在有罪。他哀求我們的時候，我們見他心裡的愁苦，卻不肯聽。《創世記42:21》
01創世記第43章,信仰,天父的供應在你願意放手的那一刻流入你的生命,你是否正緊抓著一個你最放不下的人或事，不敢交出去？雅各說：「我若喪了兒子，就喪了吧！」那句話說得沉重，卻是信心突破的一刻——不再掌控，把結果交給神。正是這份放手，讓一家人得以重聚、得以活命。天父的供應往往在你願意放手、不再死抓的那一刻，才能真正流入你的生命。,但願全能的神使你們在那人面前蒙憐憫。我若喪了兒子，就喪了吧！《創世記43:14》
01創世記第44章,品格,天父看見你在相同試探中做出不同的選擇,你是否曾想知道，你內心的改變是否真實，還是只是暫時的情緒？猶大當年賣掉了約瑟，如今卻說：「求你容僕人住下，替這童子作我主的奴僕。」同樣是弟弟陷入危難，這一次他選擇了捨己去救。生命是否真正改變，最真實的測試不是說什麼，而是當同樣的情況再次出現時，你會做什麼選擇。天父看見了那個真實改變的你。,現在求你容僕人住下，替這童子作我主的奴僕，叫童子和他哥哥們一同上去。《創世記44:33》
01創世記第45章,信仰,天父把人對你的惡意，轉化為祂救恩美意中的一部分,你是否曾受過傷，覺得那個傷害是多餘的、毫無意義的？約瑟認出哥哥們的那一刻，沒有秋後算帳，而是放聲大哭，然後說：「這是神差我在你們以先來，為要保全生命。」他從神的視角看見了整個故事。天父有能力把你所經歷的傷害，轉化為你生命中最有力量的見證。,現在，不要因為把我賣到這裡自憂自恨。這是神差我在你們以先來，為要保全生命。《創世記45:5》
01創世記第46章,家庭,天父在你最大的轉折前親自說：不要害怕，我與你同去,你是否正面對一個重大的人生轉變，感到既期待又恐懼？雅各在啟程下埃及前，先去獻祭尋求神，神在夜間的異象中說：「你下埃及去不要害怕，因為我必使你在那裡成為大族。我要和你同下埃及去，也必定帶你上來。」你面對最大的未知時，天父說的也是同樣的話：我同你一起去，我也必帶你回來。,神說：我是神，就是你父親的神。你下埃及去不要害怕，因為我必使你在那裡成為大族。《創世記46:3》
01創世記第47章,信仰,天父讓你成為他人的祝福，不只是單方面接受你,你是否覺得自己只是一個需要被幫助的人，很難想像自己能祝福別人？雅各是外來的寄居者，在法老眼中應是被保護的對象，但每次見面，他都先為法老祝福。一個被神同在的人，無論身份如何，都能成為他人的祝福管道。天父不只是要賜福給你，而是要透過你將祝福帶給你周圍的人。今天，你是誰的祝福？,約瑟領他父親雅各進到法老面前，雅各就給法老祝福。《創世記47:7》
01創世記第48章,未來,天父的揀選往往出乎你的意料，卻有祂更深的美意,你是否曾感到神似乎更喜悅別人，而忽略了你？雅各在晚年把右手按在次子以法蓮頭上，打破了長子優先的傳統。約瑟想糾正，但雅各說：「我知道，我兒，我知道。」這是神的揀選，不是錯誤。神的揀選從不依照人的期望，祂有祂的計畫，祂的眼光看見的比我們更深更遠。天父知道祂在做什麼，即使祂的方式讓你困惑。,願我祖亞伯拉罕和我父以撒所事奉的神，就是一生牧養我直到今日的神，救贖我脫離一切患難的那使者，賜福與這兩個童子。《創世記48:15-16》
01創世記第49章,信仰,天父的計畫不因你的過去而限定你未來的可能,你是否背負著過去的失敗，以為那已經決定了你的命運？雅各的臨終祝福中，猶大雖然犯過嚴重的罪，仍得到了最大的祝福：「圭必不離猶大……萬民都必歸順。」彌賽亞的血脈就從他而出。天父的計畫不因你的過去而受限，祂能在破碎的歷史中，成就最大的榮耀。你的昨天，不是你明天的天花板。,圭必不離猶大，杖必不離他兩腳之間，直等細羅來到，萬民都必歸順。《創世記49:10》
01創世記第50章,信仰,天父把人對你的惡意，化為祂救恩故事中最有力的見證,你是否曾受過傷，不確定神是否能把那個傷害轉化為有意義的事？約瑟在父親死後，哥哥們以為他會報復，但約瑟說：「從前你們的意思是要害我，但神的意思原是好的，要保全許多人的性命。」他沒有輕描淡寫痛苦，而是從神的視角重新詮釋了整個故事。天父有能力讓你也說出這句話——那份恩典，是真實的，是可能的。,從前你們的意思是要害我，但神的意思原是好的，要保全許多人的性命，成就今日的光景。《創世記50:20》
02出埃及記第01章,信仰,天父保守你在壓迫中的生命,你是否曾在某個困境中，感覺越努力越被打壓，彷彿根本看不到出路？以色列人在埃及受到的苦害越深，反而越發繁茂。這不是偶然，而是天父的應許有其不可攔阻的力量。收生婆施弗拉和普阿面對死亡的命令，因為敬畏神而選擇保存生命，神因此厚待她們。天父看見你所面對的壓迫，祂的應許不因苦難的份量而減輕，你的生命在祂的保守中，有一種超越環境的韌性。,只是越發苦害他們，他們越發多起來，越發蔓延；埃及人就因以色列人愁煩。《出埃及記1:12》
02出埃及記第02章,禱告,天父聽見你深處的哀聲,你是否曾在漫長的等待中懷疑：神真的聽見了嗎？以色列人在埃及的苦難中呻吟了多年，聖經卻記下了這句話：「神聽見他們的哀聲，就記念祂與亞伯拉罕、以撒、雅各所立的約。」神沒有遺忘。祂不是漠然的旁觀者，而是記念祂應許的那位。你今天的眼淚、你沉默的禱告、你說不出口的疲憊，天父都聽見了。祂記念你，也記念祂對你的應許。等候不是徒然，神的行動正在展開。,神聽見他們的哀聲，就記念他與亞伯拉罕、以撒、雅各所立的約。《出埃及記2:24》
02出埃及記第03章,信仰,天父看見你所受的苦楚,你是否曾感覺自己的痛苦沒有人知道，連神也好像沉默？荊棘火焰中，神對摩西說：「我的百姓在埃及所受的苦楚，我實在看見了；他們所發的哀聲，我也聽見了。」這句話不是神給以色列人才說的，也是神對你說的。天父不是遙遠的神學概念，祂是看見你、聽見你、願意親自介入的神。無論你身處何種困境，天父的眼目從未離開你，祂正在行動。,耶和華說：「我的百姓在埃及所受的苦楚，我實在看見了；他們因受督工的轄制所發的哀聲，我也聽見了。」《出埃及記3:7》
02出埃及記第04章,服事,天父的能力不受你的不足所限,你是否曾覺得自己能力不夠、口才不好、條件不足，因此不敢回應神的呼召？摩西以「我嘴笨舌拙」推辭，神卻回答：「誰使人有口呢？不是我耶和華嗎？」神不是在等一個完美的人，而是在尋找一個願意的人，然後親自裝備。天父知道你的不足，但祂的呼召帶著祂自己的資源。你今天所面對的那個「超過我能力的事」，也許正是天父邀請你體驗祂同在的開始。,耶和華對他說：「誰使人有口呢？誰使人口啞、耳聾、眼明、眼瞎呢？不是我耶和華嗎？」《出埃及記4:11》
02出埃及記第05章,信仰,天父在你的挫折中仍有祂的計畫,你是否曾忠心照著神的心意去做，結果卻帶來更大的麻煩，讓你不禁懷疑：我是不是走錯了？摩西奉神命去見法老，卻使以色列人的勞役加重，百姓指責他，他自己也困惑地向神呼喊。神並沒有責備他的疑問，因為摩西帶著困惑來找神，這本身就是信心的表現。天父在你看似失敗的處境中，計畫仍未改變。把你的困惑帶到祂面前，這是最好的選擇。,摩西回到耶和華那裏，說：「主啊，你為甚麼苦待這百姓呢？為甚麼打發我去呢？」《出埃及記5:22》
02出埃及記第06章,信仰,天父以祂的名向你保證應許成就,你是否曾因心靈太沉重，連盼望的話語也聽不進去？以色列人在埃及「因苦工心靈愁煩，不聽摩西的話」，神並沒有因此收回應許，反而更清楚地宣告：「我是耶和華，我要救贖你們」，用六個「我必……」來堅固動搖中的信心。天父知道你有時因疲憊而無法感受祂的話語，但祂的應許不因你的狀態而改變。祂的名字本身就是最可靠的保證。,我是耶和華；我要用伸出來的膀臂，並行大審判，救贖你們脫離他們的重擔。《出埃及記6:6》
02出埃及記第07章,敬拜,天父的能力超越你所面對的一切阻擋,你是否曾在使命的路上，一再遭遇拒絕和頑抗，感到精疲力竭？摩西面對法老剛硬的心，一次又一次被拒絕，但神早已告訴他這是計畫的一部分——為的是讓埃及人知道「我是耶和華」。天父不因人的剛硬而改變祂的計畫，反而讓頑抗成為彰顯祂大能的背景。你所面對的那道硬牆，在天父的手中不是終點，而是祂榮耀將要顯現的地方。,我要在埃及地伸手攻擊埃及，埃及人就知道我是耶和華了。《出埃及記7:5》
02出埃及記第08章,品格,天父看見你在舒暢中的心志,你是否曾在壓力下許下承諾，一旦壓力解除就漸漸淡忘？法老在苦難中呼求，一旦青蛙除去，就硬著心再度食言。這個模式令人警醒，因為它是人性最誠實的寫照——危機中向神靠近，平安後漸漸疏遠。天父看見你在「舒暢的日子」中的心志，祂不是只在你有需要時才重要的神。真正的信仰，在平順的日子更能顯出它的質地。,那日我要在我民所住的歌珊地施行拯救，使那裏沒有成群的蒼蠅，好叫你知道我耶和華在這地上。《出埃及記8:22》
02出埃及記第09章,悔改,天父的警告是為你預備的憐憫,你是否曾在神的話語中看見一個警告，卻遲遲沒有回應？神在雹災來臨前，給所有人一個機會：敬畏神話語的人把牲畜帶進屋，就得保全；輕忽的人則承受損失。神的警告從來不是威脅，而是憐憫的邀請。天父在你的生命中也常常透過祂的話語發出呼召，每一個來得及回應的機會，都是祂主動給出的恩典。不要等到雹災臨到，才想起那個早已聽見的提醒。,我叫你存立，是特要向你顯我的能力，並要使我的名傳遍天下。《出埃及記9:16》
02出埃及記第10章,敬拜,天父值得你帶著全部去事奉,你是否曾在敬拜神的事上，習慣性地「留一點在後面」，部分投入、部分保留？法老一再提出妥協方案——只去男丁、把牲畜留下——但摩西每次都拒絕：「一蹄也不留下，因為我們必用牛羊事奉耶和華。」完整的事奉不能半途妥協。天父配得你完全的敬拜，不只是你方便的時候、你感覺對的時候。把你全部帶到祂面前，是你能做出最有意義的選擇。,我們要帶着我們的牛羊去，因為我們必用牛羊事奉耶和華我們的神；我們到了那裏，才知道當用甚麼事奉耶和華。《出埃及記10:26》
02出埃及記第11章,信仰,天父在審判中仍分別保守你的生命,你是否曾在一個充滿審判與混亂的環境中，感到孤立無援，不知道神的保護是否仍在？神宣告長子之死的那夜，以色列人卻因血記號而得保全；更早，「以色列中，無論是人是牲畜，連狗也不向他們搖舌」。天父不只保護你的生命，祂也保護你的尊嚴。在這個世界的混亂中，天父的眼目看得出誰是祂的人，你並不是被淹沒在人群中無名的一個。,但以色列中，無論是人是牲畜，連狗也不向他們搖舌，好讓你知道耶和華把以色列人和埃及人分別出來了。《出埃及記11:7》
02出埃及記第12章,信仰,天父用羔羊的血越過你的審判,你是否曾想過，得救的根基究竟是什麼？不是以色列人的好行為，不是他們的禱告，而是門框上的血。「我一見這血，就越過你們去。」審判越過，是因為血在那裏，而不是因為裏面的人夠好。這個羔羊的血，是基督十字架最深刻的預表。天父不是因為你夠格才保護你，而是因為那寶血已經塗抹了你應得的審判。你是被血保守的人，這是你最穩固的身份。,這血要在你們所住的房屋上作記號；我一見這血，就越過你們去，我毀滅埃及地的時候，災殃必不臨到你們身上。《出埃及記12:13》
02出埃及記第13章,未來,天父在你旅途的每一步前面引路,你是否曾在人生的轉折點感到茫然，不知道該往哪個方向走？神帶領以色列人走的路，不是最短的路，而是神認為他們最需要走的路。白天有雲柱，夜間有火柱，日夜都可以行走。天父的引導是全時程的，不只在大事上，也在每一段平凡的旅途中。你不需要看清楚整條路，只需要看清楚下一步那一根柱子。天父在你前面，也在你身邊。,耶和華在他們前面行，白天在雲柱中引導他們的路，夜間在火柱中光照他們，使他們日夜都可以行走。《出埃及記13:21》
02出埃及記第14章,信仰,天父在你的絕境中開出一條路,你是否曾站在一個「前無去路、後有追兵」的處境，感到完全被困住？以色列人在紅海邊，前面是水，後面是軍隊，是完全的絕境。神卻說「你們只管站住，看耶和華向你們施行的救恩」，然後海分開了。天父不需要先清除障礙才能行動，祂在障礙中開路。你今天面對的那個「不可能」，也許正是祂要施展大能的舞台。站住，等候祂。,摩西對百姓說：「不要懼怕，只管站住，看耶和華今天向你們所要施行的救恩。」《出埃及記14:13》
02出埃及記第15章,敬拜,天父的拯救配得你最深的讚美,你是否曾在神的拯救中，真正停下來以讚美回應，而不是立刻轉向下一個擔憂？以色列人過了紅海，摩西帶著他們唱起了讚美的歌：「耶和華是我的力量，我的詩歌，也成了我的拯救。」這不只是一首歌，而是一個人在親歷神同在之後，從心底湧出的宣告。天父配得你生命中最真實、最深沉的讚美。每一次祂帶你渡過的難關，都值得一首屬於你的歌。,耶和華是我的力量，我的詩歌，也成了我的拯救；這是我的神，我要讚美他；是我父親的神，我要尊崇他。《出埃及記15:2》
02出埃及記第16章,信仰,天父每天供應你今天所需要的,你是否曾為了明天、後天、明年的事情焦慮，卻發現今天的恩典已經夠用？神降下嗎哪，但規定每天只能收當天的分，多收的第二天就腐爛。這是神刻意設計的依賴訓練——不是因為祂吝嗇，而是要我們每天都回到祂面前。天父的供應節奏是「今日的糧今日給」，不是一次給足讓你不再需要祂。讓今天的恩典餵飽今天，明天再來領明天的份。,耶和華吩咐摩西說：「你取一罐嗎哪一俄梅珥，存在耶和華面前，要留到後代。」《出埃及記16:32》
02出埃及記第17章,服事,天父在你最乾渴的地方湧出活水,你是否曾在自己看似最貧乏、最無資源的地方，突然經歷到出乎意料的豐盛？摩西在乾旱的曠野，擊打一塊磐石，水就從磐石湧出，讓整個會眾都有水喝。更美的是，亞倫和戶珥扶著摩西疲憊的雙手，以色列才得勝利。天父在你最不可能的地方開出泉源，也透過你身邊的人扶持你。你不必獨力支撐，也不必在最貧乏的地方絕望。,我必在何烈的磐石那裏，站在你面前。你要擊打磐石，從磐石裏必有水流出來，使百姓可以喝。《出埃及記17:6》
02出埃及記第18章,智慧,天父透過他人的智慧幫助你走得更遠,你是否曾因為驕傲或習慣，而無法接受別人給你的建議，即使那建議是對的？摩西身為神所用的領袖，卻願意聽從岳父葉忒羅的話，接受了分層授權的建議，「聽從他岳父的話，按着他所說的去行」。真正的智慧不在於凡事靠自己，而是知道何時接受幫助。天父把智慧放在你身邊的人身上，也許下一個改變你的建議，已經有人說出口了，你聽見了嗎？,你和這些百姓必都疲憊；因為這事太重，你獨自一人辦理不了。《出埃及記18:18》
02出埃及記第19章,信仰,天父呼召你成為祂聖潔的子民,你是否曾覺得自己只是個普通人，神對你沒有特別的期待？但神對以色列人說：「你們要歸我作祭司的國度，為聖潔的國民。」這不是對精英說的話，而是對整個得救群體的呼召——每一個人都是在神面前有身份、有使命的人。天父不只是把你從困境中救出來，祂還把你召進一個有使命的群體。你的生命不是偶然的，你是被天父特別揀選、呼召的人。,你們要歸我作祭司的國度，為聖潔的國民。《出埃及記19:6》
02出埃及記第20章,信仰,天父給你誡命是因祂先愛你、先救你,你是否曾覺得神的誡命是一種沉重的負擔，彷彿要達到某個標準才能被神接納？十誡的開頭不是「你們若遵行……我就愛你們」，而是「我是耶和華你的神，曾將你從為奴之家領出來」——救恩在先，誡命在後。天父不是因你守誡命才愛你，而是因祂愛你、救了你，才給你一條可以活得豐盛的路。誡命是愛的框架，不是換取愛的條件。,我是耶和華你的神，曾將你從埃及地、為奴之家領出來。除了我以外，你不可有別的神。《出埃及記20:2-3》
02出埃及記第21章,品格,天父看見你在關係中所維護的公義,你是否曾在職場或家庭中，目睹對弱勢者的不公平對待，卻不知道該如何回應？神在這裡給出的律法令人驚訝：受傷的奴僕可以得自由，打壞別人眼睛的人要負代價。每一條律法的背後，都是神對人的尊嚴的珍視。天父看見你在日常關係中的選擇——你是選擇保護弱者，還是對不公義保持沉默？在你身邊，有沒有需要你站出來維護的人？,以眼還眼，以牙還牙，以手還手，以腳還腳。《出埃及記21:24》
02出埃及記第22章,家庭,天父記念你在最脆弱時的哀求,你是否曾是那個沒有依靠、不知道向誰求助的人？神在這裡特別宣告：「不可苦待寡婦和孤兒；若是苦待他們一點，他們向我一哀求，我總要聽他們的哀聲。」天父不是等社會制度完善才保護弱者，祂自己就是那一個聽見哀聲的保護者。你曾是脆弱的人嗎？或者你現在就是？天父的耳朵靠近你，祂的心靠近你的哀求。,不可苦待寡婦和孤兒；若是苦待他們一點，他們向我一哀求，我總要聽他們的哀聲。《出埃及記22:22-23》
02出埃及記第23章,信仰,天父差遣使者在你前面保護你,你是否曾走在一條不確定的路上，不知道前面有什麼在等你？神對以色列人說：「看哪，我差遣使者在你前面，在路上保護你，領你到我所預備的地方去。」這個使者不是建議，而是承諾——在你前面、在你的旅途中、直到神所預備的地方。天父已經走過你前面的路，已經為你預備了落腳之處。你不是在黑暗中摸索，而是跟隨一位先行者前進。,看哪，我差遣使者在你前面，在路上保護你，領你到我所預備的地方去。《出埃及記23:20》
02出埃及記第24章,信仰,天父邀請你進到祂面前相遇,你是否曾想過，與神的相遇可以這麼真實——長老們「看見以色列的神」，還在神面前吃喝？立約的血、話語的宣讀、共同的筵席，不是遙遠的宗教形式，而是神渴望與人真實相交的圖畫。天父不只是要你知道關於祂的事，祂要你在祂面前坐下來。每一次禱告、每一次讀經、每一次聖餐，都是天父為你預備的相遇時刻。,他們看見以色列的神，他腳下彷彿有平鋪的藍寶石，如同天色明淨。《出埃及記24:10》
02出埃及記第25章,品格,天父渴望住在你生命的中心,你是否曾覺得神很遙遠，像是在某個高不可及的地方？神建造會幕的目的只有一個：「使我可以住在他們中間。」宇宙的創造主，要住在祂子民當中。這不是人努力爬向神，而是神主動要住在人裡面。新約說聖靈住在你心裡，這個應許已經成真。天父不是外在的神，而是要在你生命最核心的位置同住的神。祂現在就在那裡。,又當為我造聖所，使我可以住在他們中間。《出埃及記25:8》
02出埃及記第26章,禱告,天父為你預備了進入祂同在的路,你是否曾在禮拜或讀經中，感覺自己離神很遠，好像有一道幔子擋在中間？會幕的幔子確實分開了聖所和至聖所，那是神聖潔的真實體現。但耶穌在十字架上死去的那一刻，這幔子從上到下裂為兩半。天父用祂兒子的生命，拆除了人與神之間最深的隔閡。你現在可以坦然進入神的同在，不是因為你夠聖潔，而是因為幔子已經裂開。,要使幔子垂在鉤子下，把法櫃抬進幔子內；這幔子要將聖所和至聖所隔開。《出埃及記26:33》
02出埃及記第27章,服事,天父讓你的燈在祂面前常燃,你是否曾感覺自己的屬靈狀態起起伏伏，有時熱心，有時冷淡？神吩咐聖所的燈要「從晚上到早晨」常燃，「世世代代永遠的定例」。這盞燈不是靠感情維持，而是靠每日的橄欖油補充。信仰的持守不是靠情緒的高峰，而是靠每天對神的話語、禱告和敬拜的刻意補充。天父的「聖所」等候你每天帶著油來，讓那盞燈不熄滅。,你要吩咐以色列人，把那為點燈搗成的清橄欖油拿來給你，使燈常常點着。《出埃及記27:20》
02出埃及記第28章,悔改,天父在你名字刻在祂心上,你是否曾覺得自己在神眼中只是眾多人中的一個，沒有特別的分量？大祭司進入至聖所，胸牌上刻著十二支派每個人的名字，「在耶和華面前常作紀念」。沒有一個名字被遺漏，沒有一個人在神面前是匿名的。耶穌是我們今日的大祭司，祂帶著你的名字進入天父面前。你的名字刻在神的心上，你在祂面前，每天、每時、每刻，都是被記念的。,亞倫進聖所的時候，要將決斷胸牌，就是刻着以色列兒子名字的，帶在胸前，在耶和華面前常作紀念。《出埃及記28:29》
02出埃及記第29章,服事,天父在你每日的事奉中與你相會,你是否曾覺得信仰只在特殊場合才有意義，而平凡的每一天只是例行的重複？神吩咐每天早晚各獻一隻羊羔，作為「常獻的燔祭」，然後說：「我要在那裏與以色列人相會。」每日的敬拜不是例行公事，而是神與人相遇的時刻。天父不只在特別的靈修營或特殊的崇拜中等你，祂在你每天清晨的禱告、每天安靜的閱讀中等候與你相會。,我要在那裏與以色列人相會，會幕就要因我的榮耀成為聖。《出埃及記29:43》
02出埃及記第30章,禱告,天父在你每天的禱告中聞到馨香,你是否曾懷疑自己的禱告有沒有意義，是否只是自說自話？香壇的香每早晨、每黃昏都要燃燒，日夜不斷地升向神面前。詩篇說禱告「如香陳列在你面前」，啟示錄說寶座前的金香爐是「眾聖徒的祈禱」。天父不是漠然地接收你的禱告，祂聞到那馨香，記念每一次你向祂說話。你今天的禱告，即使只是幾句話，都是在神面前真實燃燒的馨香。,亞倫在壇上要燒馨香料作的香；每早晨他收拾燈的時候，要燒這香。《出埃及記30:7》
02出埃及記第31章,服事,天父以祂的靈裝備你的工作,你是否曾覺得只有牧師或傳道人才算「被聖靈充滿」？神充滿了比撒列，賜他「智慧、聰明、知識，能作各樣的工」——包括雕刻、設計、織繡。聖靈的充滿不只降在傳道人身上，也降在工匠、藝術家、設計師身上。天父以祂的靈裝備你在自己崗位上的工作。你今天在職場所做的工作，也可以是聖靈充滿的事奉。,我也以我的靈充滿了他，使他有智慧，有聰明，有知識，能作各樣的工。《出埃及記31:3》
02出埃及記第32章,禱告,天父因你的代求而轉向憐憫,你是否曾對代禱感到懷疑：我的禱告真的能影響什麼嗎？金牛犢事件後，神對摩西說「讓我發怒滅絕他們」，但摩西懇切代求，神「後悔，沒有把所說的災降與祂的百姓」。代禱有真實的力量。天父設計了禱告作為祂計畫的一部分，讓人的代求成為轉機的關鍵。你今天為誰代禱？那個代求，天父在聽，也在回應。,摩西便懇求耶和華他的神說：「耶和華啊，你為甚麼向你的百姓發烈怒呢？」《出埃及記32:11》
02出埃及記第33章,信仰,天父的同在比任何祝福都更寶貴,你是否曾為了神所賜的「東西」而禱告，卻很少渴望神「本身」？摩西說：「你若不親自和我同去，就不要把我們從這裏領上去。」應許之地是夢寐以求的目標，但沒有神同在的應許之地，摩西不要。天父的同在本身就是最大的恩賜，超越一切祂所賜的。你今天最渴望的是什麼？是神所賜的禮物，還是賜禮物的神？,摩西說：「你若不親自和我同去，就不要把我們從這裏領上去。」《出埃及記33:15》
02出埃及記第34章,悔改,天父宣告自己是充滿憐憫的神,你是否曾在犯錯之後，擔心神不願意再面對你、再接納你？金牛犢事件後，神主動要求重新立約，並在摩西面前宣告自己：「耶和華，是有憐憫有恩典的神，不輕易發怒，並有豐盛的慈愛和誠實。」這不是人描述神，而是神親自宣告自己的性情。天父不是以失敗者的身份看你，而是以這個充滿憐憫的眼光看你。你願意回轉嗎？,耶和華在他面前宣告說：「耶和華，耶和華，是有憐憫有恩典的神，不輕易發怒，並有豐盛的慈愛和誠實。」《出埃及記34:6》
02出埃及記第35章,奉獻,天父看見你甘心帶來的每一份奉獻,你是否曾在奉獻的時候，心裡其實是不情願的，只是因為習慣或壓力才給？本章的奉獻建造完全來自「心裏受感、甘心樂意的」，沒有任何強制。結果是材料太多，需要叫人停止奉獻。天父看重的是奉獻背後的心，而不只是奉獻的數量。今天你所給出的——時間、才能、金錢——若是出於甘心的愛，天父都看見了，都珍視了。,凡心裏受感和甘心樂意的都拿耶和華的禮物來，用以作會幕和其中一切的使用。《出埃及記35:21》
02出埃及記第36章,奉獻,天父讓甘心的奉獻超過一切所需,你是否曾擔憂教會或事工的資源不夠，為此感到焦慮？以色列人的奉獻多到工匠說「百姓為耶和華吩咐使用之工所拿來的，富富有餘」，摩西不得不發出命令叫人停止帶來奉獻。這在教會歷史中幾乎是奇蹟。當整個群體被神的恩典真正感動，甘心的奉獻可以超越任何需要。天父的資源，透過甘心的人，從不會不夠。,來對摩西說：「百姓為耶和華吩咐使用之工所拿來的，富富有餘。」《出埃及記36:5》
02出埃及記第37章,信仰,天父在你禱告的地方與你相會,你是否曾在禱告中感到乾燥，覺得禱告只是說給自己聽？神說「我要在那裏與你相會」——施恩座上，是神與人說話的地點。這裡是神設計好的相遇場所，不是人湊合出來的。今天我們沒有金色的施恩座，但我們有每一個向天父敞開的時刻。天父在你禱告的地方等你說話，那個相遇是真實的，不是你的想像。,用精金作施恩座，……二基路伯高張翅膀，遮掩施恩座；基路伯是臉對臉，朝着施恩座。《出埃及記37:6、9》
02出埃及記第38章,奉獻,天父把你所奉獻的轉化為聖潔的用途,你是否曾以為只有「大奉獻」才有意義，小的、日常的給出去不算什麼？婦女們把自己每天照鏡子的銅鏡奉獻出來，熔鑄成了洗濯盆——一個祭司進入神面前必須使用的器具。最私人的日常用品，變成了聖潔的事奉工具。天父把你所甘心給出的——無論多普通——都有辦法轉化為有意義的事奉。,他用銅作洗濯盆和盆座，是用會幕門前伺候的婦人之鏡子作的。《出埃及記38:8》
02出埃及記第39章,服事,天父在你忠心完成的工作中賜下祝福,你是否曾覺得自己的服事沒有被看見，默默做完也沒有人說一聲謝謝？以色列人按照神的吩咐完成會幕的一切製作，聖經記下：「摩西看見一切的工都作成了，就給他們祝福。」每一個細節的忠心都被看見了，都被記念了，都帶來了祝福。天父看見你在自己崗位上每一個按照祂吩咐所做的事，那些忠心都不是白費的。,摩西看見一切的工都作成了，就給他們祝福。《出埃及記39:43》
02出埃及記第40章,信仰,天父的榮耀充滿順服之人的生命,你是否曾想過，如果我真正按照神的話去建立自己的生命，會發生什麼？出埃及記的結尾，是以色列人完全照著神的吩咐安設好帳幕之後，「耶和華的榮光就充滿了帳幕」，連摩西也無法進入。順服帶來神的同在，這不是例外，而是神的邀請。天父的榮光在等候一個照著祂話語建立的生命。你願意讓祂的榮光充滿嗎？,當時，雲彩遮蓋會幕，耶和華的榮光就充滿了帳幕。《出埃及記40:34》
03利未記第01章,信仰,天父看見你全然獻上的心,你是否曾在敬拜中只是帶著一部分的自己，習慣性地保留了某些區塊不願意交出去？燔祭是唯一一種完全燒盡、沒有任何部分留給獻祭者的祭——全部歸給神。按手在祭物頭上，是把自己的一切轉移在那生命上。這幅圖畫是信仰最深的呼召：天父不是要你方便時給一點，而是邀請你把全人放在祂的壇上。你今天願意把什麼帶到祂面前？,他要按手在燔祭牲的頭上，燔祭便蒙悅納，為他贖罪。《利未記1:4》
03利未記第02章,服事,天父把你每天的勞動也當作馨香,你是否曾覺得自己的日常工作與信仰是兩件不相干的事？素祭是用麵粉、油、乳香做成的——全是農夫每天辛勤耕作的果實，拿來獻給神，神說是「馨香的火祭」。這告訴我們，天父不是只在教堂裡才看見你。你在廚房、辦公室、工廠所付出的心血，也可以是獻給神的馨香。帶著「凡所做的都是給主做」的心，你的每一天都是一份素祭。,凡獻給耶和華的素祭都不可有酵；凡獻為素祭的供物都要用鹽調和，在素祭上不可缺了你神立約的鹽。《利未記2:11、13》
03利未記第03章,敬拜,天父邀請你在祂面前享用平安的筵席,你是否曾想過，與神的關係不只是義務和責任，而可以是一場喜樂的筵席？平安祭的肉分給神、祭司和獻祭者三方共享，是神與人同桌用餐的美麗圖像。這不是遙遠的宗教儀式，而是天父對你說：「來，我們一起吃飯。」每一次聖餐，每一次禱告後的安靜，都是天父邀請你坐在祂桌旁的時刻。你還在站在門外嗎？,人獻供物為平安祭，若是從牛群中獻，無論是公的是母的，必用沒有殘疾的獻在耶和華面前。《利未記3:1》
03利未記第04章,悔改,天父為你在不知情中犯的罪預備了赦免,你是否曾擔心自己有些不知道的罪，在神面前還沒有被處理？神在律法中特別為「誤犯」——不知情中犯下的罪——設立了贖罪祭。這顯示神的恩典是全面的：不只赦免你知道的罪，也為你盲點中的缺失預備了途徑。天父不是要等你「完全搞清楚」才接納你，祂已為你看不見的地方預備了赦免。你願意定期求神光照你尚未察覺的角落嗎？,若有人在耶和華所吩咐不可行的甚麼事上誤犯了一件……就要牽一隻沒有殘疾的公山羊為供物……至於他的罪，祭司要為他贖了，他必蒙赦免。《利未記4:23、26》
03利未記第05章,品格,天父看見你說出真相需要的勇氣,你是否曾在需要開口說真相的時候，選擇了沉默？神的律法說，聽見了、看見了、知道了，卻不把真相說出來，這本身就是罪。沉默不是中立，在需要見證真理的時刻，不作為本身就是一種選擇。天父看見你在那個關鍵時刻的猶豫，祂也看見你鼓起勇氣說出真相的選擇。誠實需要代價，但天父在你身邊，扶持那份需要勇氣的誠實。,他有了罪的時候，就要承認所犯的罪。《利未記5:5》
03利未記第06章,信仰,天父希望你心中的火不要熄滅,你是否曾感覺對神的熱情已經冷卻，靈命的火焰不知道什麼時候悄悄地熄了？壇上的火「必有常常燒着的火，不可熄滅」，祭司每天早晨要清除灰燼、重新添柴。火不是自己燃燒的，需要每天刻意的維護。靈命的熱情不是一次點燃就永遠不熄，而是需要你每天的刻意「添柴」——禱告、讀經、敬拜。天父的呼召是：讓這火不要熄滅。,在壇上必有常常燒着的火，不可熄滅。《利未記6:13》
03利未記第07章,敬拜,天父看見你即時表達的感謝,你是否曾把「等一下再感謝」變成習慣，讓感恩的心漸漸積存卻從未真正表達出來？感恩的平安祭要在獻的那天吃完，一點不可留到早晨。神的設計就是：感恩要即時，不拖延。當神的恩典在你生命中發生，那份感謝最新鮮的時刻，就是最真實的時刻。天父不需要你等到什麼都想清楚了才感謝——今天，就在今天，對祂說謝謝。,為感謝獻平安祭牲的肉，要在獻的日子吃，一點不可留到早晨。《利未記7:15》
03利未記第08章,服事,天父親自分別你、預備你服事祂,你是否曾對自己是否配得上神的呼召感到疑惑？亞倫和他的兒子成為祭司，不是因為他們自我推薦或憑能力爭取，而是神親自揀選、親自分別、親自裝備——從洗滌到穿衣到膏抹，每個步驟都是「照耶和華所吩咐的」。你的服事崗位也是如此：不是你找到的，而是神為你預備的。天父親自揀選了你，這就是你最深的資格。,又把膏油倒在亞倫的頭上膏他，使他成聖。《利未記8:12》
03利未記第09章,信仰,天父以榮光回應你順服的生命,你是否曾渴望感受神的榮光，卻不知道如何靠近？亞倫照著神的吩咐，一步一步完成獻祭的儀式；百姓聚集、預備好了，「有火從耶和華面前出來，在壇上燒盡燔祭和脂油；眾民一見，就都歡呼，俯伏在地。」榮光的顯現跟隨順服而來。不是感情的高漲引來榮光，而是信從神話語的生命打開了榮光顯現的空間。天父的榮光在等候一個順服的心。,有火從耶和華面前出來，在壇上燒盡燔祭和脂油；眾民一見，就都歡呼，俯伏在地。《利未記9:24》
03利未記第10章,信仰,天父的聖潔要求我們以祂的方式親近,你是否曾以為只要動機是好的，如何敬拜都沒關係？拿答和亞比戶用了「耶和華沒有吩咐的凡火」，問題不在於他們是否認真，而在於他們用了自己以為對的方式，而不是神所指定的方式。天父的聖潔是真實的，親近祂需要按照祂所啟示的方式。你今天的敬拜，是按照神的話語，還是按照自己覺得合適的感覺？,我在親近我的人中要顯為聖；在眾民面前，我要得榮耀。《利未記10:3》
03利未記第11章,品格,天父呼召你在日常生活中活出分別,你是否曾以為信仰只在週日發生，其他日子跟別人沒什麼不同？飲食的潔淨律法把神的聖潔延伸到餐桌上，延伸到每天最平凡的時刻。「你們要成為聖潔，因為我是聖潔的」——這句話的背景不是崇拜會，而是你吃什麼、摸什麼。天父的呼召是讓信仰的光芒在日常生活的每個細節中可見，讓每天的選擇都成為你身份的表達。,我是耶和華你們的神；所以你們要成為聖潔，因為我是聖潔的。《利未記11:44》
03利未記第12章,信仰,天父在生命的每個新起點為你預備更新,你是否曾在人生的重大轉換之後，感覺需要一段時間讓靈魂安靜下來、重新定向？生育後的潔淨期不是懲罰，而是神在生命的大事件之後，為人預備的屬靈調適期。每一個新生命的誕生、每一段關係的開始、每一個重要的轉折，都值得在神面前停下來。天父邀請你在每一個新的起點，帶著這個新的季節來到祂面前，讓祂為你重新定位。,祭司要獻在耶和華面前，為她贖罪，她的血源就潔淨了。《利未記12:7》
03利未記第13章,悔改,天父看見你願意讓祂光照內心的深處,你是否曾有一些靈命深處的問題，你寧願不去面對、不去承認？痲瘋病必須被如實診斷，不能掩蓋，不能假裝。祭司的察看是嚴肅的，因為被遮蓋的疾病會繼續擴散。靈命的問題也是如此——被壓下去的罪不會自動消失，只會更深入。天父不是要揭露你的羞辱，而是要帶給你真正的醫治。誠實面對，是得著醫治的第一步。,那身上有長大痲瘋災病的……喊叫說：不潔淨了！不潔淨了！《利未記13:45》
03利未記第14章,信仰,天父主動走向你的不潔淨，帶你回到群體,你是否曾因為某個過去的罪或失敗，感覺自己已被排除在神的恩典之外，不值得再被接納？痲瘋病人得潔淨的程序，是祭司「走到營外」去找他——是祭司主動走向那個被排斥的人，不是等他爬著進城。這個圖畫是恩典的宣告：天父在你還被自己的羞恥感隔絕的時候，已經走向你。祂來找你，是為了帶你回家。,用以在那長大痲瘋求潔淨的人身上灑七次，就定他為潔淨，又把活鳥放在田野裏。《利未記14:7》
03利未記第15章,信仰,天父為你的不潔淨預備了回轉的路,你是否曾覺得自己靈命的「不潔淨」是無法改變的狀態？利未記的潔淨律法有一個貫穿其中的信念：不潔淨是暫時的，潔淨是可以恢復的。每一種不潔淨，神都設計了恢復的程序和時間。沒有任何一種污穢在神的恩典面前是永遠固定的。天父設計了一條從不潔淨走向潔淨的路，那條路向每一個願意走的人敞開。你願意走嗎？,你們要這樣使以色列人與他們的污穢隔絕，免得他們玷污我的帳幕，就因自己的污穢死亡。《利未記15:31》
03利未記第16章,悔改,天父讓一隻羊承擔了你所有的罪孽,你是否曾帶著那些一再出現的罪、那些你以為神早就厭倦赦免的過犯，感到疲憊？大祭司把手按在替罪羊頭上，「承認以色列人諸般的罪孽過犯，就是他們一切的罪愆，把這罪都歸在羊的頭上」，然後把羊送進曠野，「羊必擔當他們一切的罪孽，帶到無人之地」。那罪不再回來了。耶穌是那隻羊，祂把你的罪帶走，一次永遠。你的罪孽已經被帶走了。,兩手按在羊頭上，承認以色列人諸般的罪孽過犯，就是他們一切的罪愆，把這罪都歸在羊的頭上，……送到曠野去。《利未記16:21》
03利未記第17章,信仰,天父以生命換取你的生命,你是否曾認真想過十字架的代價有多沉重？「活物的生命是在血中……因血裏有生命，所以能贖罪。」生命換生命，不是冷漠的法律程序，而是神以血的高昂代價宣告你的生命在祂眼中無比珍貴。基督的血不是神隨意灑出的，那是生命換生命的代價。天父認為你值得，所以才讓那生命傾倒。你是被高價買來的，你的生命是珍貴的。,因為活物的生命是在血中。我把這血賜給你們，可以在壇上為你們的生命贖罪；因血裏有生命，所以能贖罪。《利未記17:11》
03利未記第18章,品格,天父給你一條與眾不同卻帶來生命的路,你是否曾因為周圍所有人都這樣做，就覺得自己的信仰標準太嚴格、太格格不入？「你們不可照他們的惡俗行」——神的呼召一直是要祂的子民與文化的洪流有所不同。這不是要你顯得優越或孤立，而是因為神的道路本就是生命的道路，「人若遵行，就必因此活著」。天父給你的那條與眾不同的路，看似更窄，走起來卻是真正的生命。你信任祂嗎？,你們要遵我的典章，守我的律例，按此而行。我是耶和華你們的神。《利未記18:4》
03利未記第19章,品格,天父在你最日常的選擇中看見你的聖潔,你是否曾把信仰和日常生活切割成兩個不同的世界？利未記19章把「要聖潔」這個呼召放在割田角、不欺壓雇工、不詛咒聾子、愛人如己這些最日常的場景中。天父不是只在崇拜時看見你，祂在你的職場、你的家庭、你的超市走道上都看見你。你對待那個看起來無力反抗的人的方式，就是你最真實的信仰表達。,不可報仇，也不可埋怨你本國的子民，卻要愛人如己。我是耶和華。《利未記19:18》
03利未記第20章,信仰,天父把你從萬民中分別出來，歸祂自己,你是否曾對自己的信仰身份感到模糊，不確定自己究竟是什麼樣的人？神對以色列人說：「我已將你們從萬民中分別出來，使你們歸我。」這是身份的宣告，不是規則的清單。你是被天父揀選、從人群中分別出來、歸給祂的人。這個身份不是靠你的表現維持的，而是神主動宣告的。知道自己是誰，你才能知道自己應該怎麼活。,你們要歸我為聖，因為我耶和華是聖的，並叫你們與萬民有分別，使你們作我的民。《利未記20:26》
03利未記第21章,服事,天父對服事者有更高的期許因為更近,你是否曾覺得神對服事者的要求比一般人更嚴格，這不公平？但這不是不公平，而是事實：越靠近神的人，其生命所傳遞的信息影響越大。祭司的每一個行為都在百姓眼前，他的生命就是神的形象。天父對你的要求與你的影響力成正比。在你的家庭、職場、教會，有人正在透過你的生命了解天父。你願意讓他們看見什麼？,要歸神為聖，不可褻瀆神的名；……所以他們要成為聖。《利未記21:6》
03利未記第22章,信仰,天父讓你的生命在祂的工作中被分別,你是否曾把給神的時間和精力當成是在「消耗」，而非被神「轉化」？聖衣、聖物、聖名，利未記22章一再強調神設立的一切都有其聖潔的意義。我們的生命在神的呼召中被聖別，不是失去，而是被賦予更深的意義。天父不是耗盡你的人生，祂是將你的生命轉化為最美麗的用途。讓祂使用你，是你能做的最有意義的選擇。,你們不可褻瀆我的聖名；我在以色列人中，卻要被尊為聖。我是叫你們成聖的耶和華。《利未記22:32》
03利未記第23章,信仰,天父在時間的節律中邀請你定期停下來相遇,你是否曾讓忙碌把你與神的定期相遇一個個吞噬掉？七個節期，把以色列人一整年的時間，圍繞在神的作為中。不是因為某件事情了不起才停下來慶祝，而是因為這是設計好的節奏——記念、感恩、聚集、相遇。天父知道人容易遺忘，所以設計了時間的節律，讓你定期停下來，重新記得：是誰把你從為奴之地帶出來的。你的年曆中，有這樣的停下來嗎？,耶和華的節期，你們要宣告為聖會的節期。《利未記23:2》
03利未記第24章,智慧,天父希望你的心每日在祂面前常燃,你是否曾讓信仰的燈慢慢變暗，卻渾然不覺？聖所中的燈從晚上到早晨都要燃燒，是「世世代代永遠的定例」，不靠感情，靠的是每天的刻意填油。你對神的愛、對祂話語的渴慕、在信仰群體中的參與，就是那個讓燈持續燃燒的橄欖油。天父的聖所一直亮著，那個光是為了讓你在黑暗的日子仍然能找到方向。你今天有填油嗎？,亞倫從晚上到早晨必在耶和華面前經理這燈。這要作你們世世代代永遠的定例。《利未記24:3》
03利未記第25章,財務,天父以禧年宣告你在祂手中的自由,你是否曾在財務的壓力或生命的某種束縛中，感覺出不來？禧年每五十年宣告：土地歸回原主，奴隸得釋放，「在遍地給一切的居民宣告自由」。耶穌在拿撒勒用這段話宣告自己的使命。天父的心意從來不是讓任何人永遠活在束縛中。祂宣告了你的自由，不只是將來的自由，而是已經成就的釋放。你願意站在那個自由裡嗎？,第五十年，你們要當作聖年，在遍地給一切的居民宣告自由。《利未記25:10》
03利未記第26章,信仰,天父即使在你的失敗中仍記念祂的約,你是否曾在反複犯錯、反複失敗之後，覺得神已經對你失去耐心？利未記26章列出了管教的層層加深，然後說：「雖是這樣，他們在仇敵之地，我卻不厭棄他們，也不厭惡他們……也不背棄我與他們所立的約。」管教不是放棄，是愛中的呼召。天父不因你的失敗而撕毀祂的約，祂一直在等候你回頭。那個約今天仍然有效。,雖是這樣，他們在仇敵之地，我卻不厭棄他們，也不厭惡他們……也不背棄我與他們所立的約。《利未記26:44》
03利未記第27章,奉獻,天父看重你在祂面前每一個誠實的承諾,你是否曾對神許下過什麼承諾，後來因為種種原因沒有實現？神的律法說許願後要還願，若要收回需要加上五分之一——不是要懲罰你，而是提醒你：對神說的話有其分量，不是隨意說說的。十一奉獻的意義也在這裡：不是「給神一份」，而是承認一切都是祂的。天父不是要取走你的，而是要讓你認識到，在祂那裡才是你最安全的存放之處。,地上所有的，無論是地上的種子是樹上的果子，十分之一是耶和華的，是歸給耶和華為聖的。《利未記27:30》
04民數記第01章,信仰,天父知道你的名字，也記念你的數目,你是否曾在龐大的人群中感覺自己是一個沒有名字的人，連神也未必記得？神吩咐摩西按名、按族、按家室逐一數點以色列人，沒有一個被遺漏。你的名字在天父那裡是有記錄的，不是被淹沒在人群中的一個號碼。耶穌說連你的頭髮都被數過了。天父不是以群體的方式模糊地愛你，而是以你這個人、你這個名字，精確地認識你、記念你。,你要按以色列全會眾的家室、宗族、人名的數目計算所有的男丁。《民數記1:2》
04民數記第02章,信仰,天父讓你在群體中有自己的位置和旗幟,你是否曾在信仰群體中感覺自己沒有明確的位置，不知道自己屬於哪裡？以色列人六十萬之眾，每個支派都有自己的旗幟和安營的位置，沒有一個是「隨便找個地方」的。神的群體不是模糊的集合，而是每個人有名有份、各在其位的有機整體。天父為你在祂的家中預備了一個位置，有你的旗幟，有你的呼召。你找到了嗎？,以色列人要各歸自己的纛下，在本族的旗號那裏，對着會幕的四圍安營。《民數記2:2》
04民數記第03章,服事,天父在看似無名的崗位中看見你的事奉,你是否曾在某個默默無聞的服事位置上，覺得自己的付出沒有人看見，連神也不在意？利未人的工作是扛帳幕的架子、管幕幔的布料——沒有人特別注意，卻缺一不可。神要求摩西一一數點他們，每個族、每個人都記錄在案。天父看見你在那個沒有掌聲的位置所做的每一件事，祂不只看見「重要的服事」，祂看見你。,凡頭生的是我的……他們定要屬我。我是耶和華。《民數記3:13》
04民數記第04章,服事,天父在你自己的崗位等候你忠心,你是否曾羨慕別人的服事位置，覺得自己的崗位不夠重要或不夠顯眼？哥轄族搬運至聖的器具，基順族負責幔子，米拉利族扛帳幕的柱子——每個崗位不同，卻同等重要，缺一不可。神要求每個族按名承擔自己被指定的責任，不能越界，也不能撂擔。天父在你所在的崗位等候你，那個地方是祂為你指定的，在那裡忠心就是最美的服事。,凡進入會幕做工，無論是扛抬的，是辦事的，摩西和亞倫照耶和華吩咐的數點了他們。《民數記4:49》
04民數記第05章,品格,天父看見你承認虧欠並願意賠還的心,你是否曾在承認過錯之後，心裡還有一個聲音說「說了對不起就夠了吧」，不願意真正賠還？神對以色列人說：犯了罪，「要承認所犯的罪，將所虧負人的如數賠還，另外加上五分之一」。真實的認罪不只是情感上的遺憾，而是有行動的改變和賠還。天父看見你願意在認罪之後做出具體彌補的心，那才是真正悔改的見證。,他要承認所犯的罪，將所虧負人的，如數賠還，另外加上五分之一。《民數記5:7》
04民數記第06章,信仰,天父賜福給你保護你使臉光照你,你是否曾渴望一個能涵蓋你整個生命的祝福？「願耶和華賜福給你，保護你；願耶和華使他的臉光照你，賜恩給你；願耶和華向你仰臉，賜你平安。」這是神親自設計的三重祝福：保護、恩典、平安。神說「他們如此奉我的名為以色列人祝福，我也要賜福給他們」。天父在今天，也把這個祝福說在你身上。你是被祝福的，保護在你身邊，平安也在你裡面。,願耶和華賜福給你，保護你。願耶和華使他的臉光照你，賜恩給你。願耶和華向你仰臉，賜你平安。《民數記6:24-26》
04民數記第07章,奉獻,天父珍視你每一份不被注意的奉獻,你是否曾覺得自己的奉獻太小、太普通，在神眼中根本不重要？十二位首領的供物完全相同，但聖經用了整整一章、十二段完整的記錄，逐一描述每個人的奉獻——沒有縮寫，沒有「其餘各人照此而行」。神把每一份奉獻都當作獨一無二的個別禮物記錄下來。天父珍視你每一次的給出，無論多小，都在祂面前有完整的位置。,用膏抹壇的日子，首領都來行奉獻壇的禮，眾首領就在壇前獻供物。《民數記7:10》
04民數記第08章,服事,天父讓你的光向前照亮別人,你是否曾把信仰生命只留在自己的內心，從未想過它是否能照亮周圍的人？七盞燈被設計成「向燈臺前面發光」，不是照亮燈台本身，而是向外照射。光的存在，是為了照亮其他地方。天父把你放在某個位置，不只是為了讓你自己的靈命成長，而是為了讓你的生命成為別人黑暗中的一道光。你現在在哪個位置？你的光，照到誰了？,點燈的時候，七盞燈都要向燈臺前面發光。《民數記8:2》
04民數記第09章,信仰,天父在你等候的時候一直在引導你,你是否曾在人生的某段時期，感覺被困在原地，不知道何時才能前進？雲彩停在帳幕上，不管是兩天、一個月還是一年，以色列人就住在那裡；雲彩一動，他們立刻起行。神的帶領節奏不總是符合人的預期，但它永遠是精確的。天父的「停下來」不是遺忘你，而是在為你的前行做預備。等候神，本身就是一種信心的行動。,以色列人遵耶和華的吩咐起行，也遵耶和華的吩咐安營。《民數記9:18》
04民數記第10章,信仰,天父的約櫃在你前面尋找安歇之所,你是否曾擔心自己的前途是一片未知，沒有人先為你探路？以色列人起行的時候，「耶和華的約櫃在他們前面行了三天的路程，為他們尋找安歇之所」。神不是站在後面推你，而是走在前面為你預備。你前面的路，天父已經走過了，已經為你找好了安歇的地方。你不是在摸黑探索，你是跟隨一位先行者前進。,耶和華的約櫃在他們前面行了三天的路程，為他們尋找安歇之所。《民數記10:33》
04民數記第11章,禱告,天父在你精疲力竭時等你把重擔告訴祂,你是否曾因為領袖的責任、家庭的重擔、或長期的壓力感到崩潰，卻不敢在神面前說出來？摩西向神傾吐了最真實的疲憊：「管理這百姓的責任太重了，我獨自擔當不起。」神的回應不是責備，而是立刻給予七十個長老分擔。天父不需要你在祂面前表現堅強，祂在等候你把真實的重擔帶到祂面前。那個最疲憊的禱告，往往帶來最真實的回應。,管理這百姓的責任太重了，我獨自擔當不起。《民數記11:14》
04民數記第12章,品格,天父為你謙和的沉默親自辯護,你是否曾在被人批評、誤解的時候，不知道該如何回應？摩西是世上最謙和的人，當米利暗和亞倫攻擊他時，他沒有自我辯護——是神親自出來說話：「你們為何不懼怕毀謗我的僕人摩西呢？」當你選擇謙和的沉默，不急著為自己辯護，天父看見了。祂是公義的見證者，也是謙和者最真實的保護者。,摩西為人極其謙和，勝過世上的眾人。《民數記12:3》
04民數記第13章,信仰,天父在你的前面已應許了那地，你足能得勝,你是否曾面對某個讓你覺得「太大了，我進不去」的挑戰？同樣的迦南地，十個探子說「我們就如蚱蜢一樣」，迦勒說「我們足能得勝」。信心和恐懼看的是同樣的現實，解讀卻完全不同。迦勒的眼睛不是放在巨人身上，而是放在神的應許上——神說要給的地，就必然能得。天父說了的應許，是比任何巨人都更大的現實。你選擇看什麼？,迦勒在摩西面前安撫百姓，說：「我們立刻上去得那地吧！我們足能得勝。」《民數記13:30》
04民數記第14章,禱告,天父因你真誠的代求而轉向憐憫,你是否曾懷疑自己的代禱究竟有沒有意義？以色列人因不信而激怒神，神要滅絕他們，但摩西以神自己的話語代求：「求你照你的大慈愛赦免這百姓的罪孽。」神回應：「我照着你的話赦免了他們。」代禱不是說服神改變本性，而是以神的心意向神呼求。天父在等候一個願意用祂的話向祂代求的人。今天你願意成為那個人嗎？,摩西說：「現在求主大顯能力，照你所說過的話說：耶和華不輕易發怒，並有豐盛的慈愛，赦免罪孽……」求你照你的大慈愛赦免這百姓的罪孽。《民數記14:17-19》
04民數記第15章,信仰,天父在你失敗後仍為你預備明天,你是否曾在人生最大的失敗之後，以為神的計畫已經結束了？民數記14章宣判了那一代人的命運——他們不能進入應許之地。然而第15章神立刻說：「當你們到了我所賜給你們居住的地……」一代人的失敗沒有讓神放棄應許，下一代仍然在神的計畫中。天父的應許比你任何一次的失敗都更長遠。祂的計畫不會因為你的失敗而終止。,你曉諭以色列人說：你們到了我所賜給你們居住的地……《民數記15:2》
04民數記第16章,領袖,天父在你被誤解時親自為你辯護,你是否曾在被誤解、被攻擊的時候，覺得孤立無援？摩西面對可拉一黨的公開質疑，沒有憤怒反擊，而是說：「到了早晨，耶和華必指示誰是屬祂的。」事件的結果是神親自用行動為摩西辯護。天父不是旁觀者，祂是公義的仲裁者。當你在神所設立的崗位忠心服事，卻遭遇質疑，把辯護交給天父，是信仰中最有力量的一步。,摩西說：「到了早晨，耶和華必指示誰是屬他的，誰是聖潔的……耶和華揀選誰，誰就為聖潔。」《民數記16:5》
04民數記第17章,信仰,天父在枯乾的地方讓被揀選的生命發芽,你是否曾覺得自己像一根乾枯的杖，看不到任何生命力？亞倫的杖在一夜之間「發了芽，生了花苞，開了花，結了熟杏」——那是一根已被砍下的乾木。神的揀選不依賴你現在的狀態，而是祂的主權。被神揀選的，哪怕看起來是乾枯的，也能在神的同在中發出新的生命。天父在你看似最貧乏的地方，仍有辦法使你結出果子。,第二天，摩西進法櫃的帳幕去。誰知利未族亞倫的杖已經發了芽，生了花苞，開了花，結了熟杏。《民數記17:8》
04民數記第18章,信仰,天父自己就是你最真實的產業,你是否曾羨慕別人的成就、財富或地位，覺得自己的「份額」太少？神對亞倫說：「我就是你的分，是你的產業。」利未人沒有土地，但他們有的比任何土地都更珍貴——神本身。今天，天父對你也說同樣的話。當生命的「產業」看起來稀少，當你覺得別人都比你擁有更多，天父說：「你有我，你就已經得了最大的產業。」你信嗎？,耶和華對亞倫說：「你在以色列人的境內不可有產業，在他們中間也不可有分。我就是你的分，是你的產業。」《民數記18:20》
04民數記第19章,未來,天父為你在不潔淨中預備了潔淨的途徑,你是否曾因為接觸了太多的死亡、哀傷和破碎，感覺靈裏被污染、難以自潔？紅母牛的灰製成的除污穢水，是為接觸死屍者的潔淨預備的。這個律例指向基督——那無瑕的羔羊以自己的犧牲，為我們預備了真正的潔淨。不管你帶著多重的「不潔淨」，天父已為你預備了可以使你恢復的途徑。那條路一直開著，等著你來。,必有一個潔淨的人收起母牛的灰，存在營外潔淨的地方，為以色列會眾調作除污穢的水。這本是除罪的。《民數記19:9》
04民數記第20章,奉獻,天父的榮耀值得你在最疲憊時仍然尊祂為聖,你是否曾在長期服事的疲憊中，不知不覺開始把事奉變成自己表演的舞台，而不是神顯榮耀的地方？摩西打磐石而非吩咐磐石，並說「我為你們使水流出來嗎」，神的回應是：「因為你們不在以色列人眼前尊我為聖。」服事越久，越要謹慎：讓天父得榮耀，而不是讓自己的疲憊或憤怒搶走了那個榮耀。,耶和華對摩西說：「因為你們不信我，不在以色列人眼前尊我為聖，所以你們必不得領這會眾進我所賜給他們的地去。」《民數記20:12》
04民數記第21章,家庭,天父讓你只要仰望就能得著生命,你是否曾覺得得救應該很複雜，要做很多事才夠？被火蛇咬了的人，唯一要做的就是「仰望那銅蛇」，沒有其他條件。耶穌說：「摩西在曠野怎樣舉蛇，人子也必照樣被舉起來，叫一切信他的都得永生。」天父為你預備的救恩，核心動作就是仰望——向那被舉起的耶穌仰望，得著生命。是這樣地簡單，也是這樣地真實。,耶和華對摩西說：「你製造一條火蛇，掛在杆子上；凡被咬的，一望這蛇，就必得活。」《民數記21:8》
04民數記第22章,領袖,天父保護你免於你不知情的咒詛,你是否曾想過，也許在你不知道的地方，有人正在試圖傷害你？整個巴蘭被雇去咒詛以色列的故事，以色列人毫不知情，但神已在他們不知情時攔截了這個計謀。天父的保護有時發生在你完全看不見的層面。神不只是在你求告時才介入，祂在你還未察覺威脅之前，已經站在那個咒詛與你之間。你是被保護的人，即使你還沒有感謝那個你不知道的保護。,神對巴蘭說：「你不可同他們去，也不可咒詛那民，因為那民是蒙福的。」《民數記22:12》
04民數記第23章,財務,天父的應許永不改變，祂說話必照行,你是否曾擔心神的應許會不會在某天「到期」或「被取消」？巴蘭想咒詛卻只能說祝福，因為「神非人，必不致說謊，也非人子，必不致後悔。祂說話豈不照著行呢？」天父的應許不是浮動的承諾，不受環境、人的意願或時間的影響。神說過的話必然成就。你今天緊握的那個應許，天父沒有忘記，也沒有改變想法。,神非人，必不致說謊，也非人子，必不致後悔。祂說話豈不照着行呢？祂發言豈不要成就呢？《民數記23:19》
04民數記第24章,敬拜,天父的話語終必照行，勝過一切阻擋,你是否曾在某個神所應許的事上等了很久，心裡開始懷疑這應許到底還算不算數？巴蘭連三次嘗試咒詛都失敗，反而說出了彌賽亞的預言：「有星要出於雅各，有杖要興於以色列。」外邦先知的口無法說出非神所授的話，神的應許之星不能被人的圖謀阻擋。天父的話終必成就，任何試圖阻擋的力量，最終都成為見證神話語真實的背景。,巴蘭說：「巴勒就是將他滿屋的金銀給我，我也不得越過耶和華的命，憑自己的心意行好行歹。耶和華說甚麼，我就要說甚麼。」《民數記24:13》
04民數記第25章,品格,天父看見你在誘惑中持守忠心的心,你是否曾發現，真正讓信仰衰退的往往不是公開的逼迫，而是緩慢滲入的誘惑？以色列人沒有被任何敵人正面打敗，卻被摩押女子和偶像的誘惑所腐化。仇敵最有效的策略，往往是從內部、從慾望、從「只是一點點」開始的。天父看見你在那個慢慢滲入的誘惑中做出的選擇。那個沒有人看見的堅持，在祂眼中是最有價值的忠心。,耶和華說：「祭司亞倫的孫子非尼哈，使我向以色列人所發的怒消了；因他在他們中間，以我的忌邪為心。」《民數記25:11》
04民數記第26章,信仰,天父讓失敗的一代過去，但應許仍在你身上,你是否曾擔心，前人的失敗會決定你的命運？第一代以色列人因不信而死在曠野，一個也沒有留下；但那一代的失敗沒有讓神放棄計畫，新的一代站在迦南地的門口，承受應許。天父的應許跨越世代，失敗的歷史不是你的定論。你所繼承的不只是前人的失敗，也繼承了神向列祖所起誓的應許。你這一代，仍然在神的計畫中。,除了耶孚尼的兒子迦勒和嫩的兒子約書亞以外，連一個人也沒有存留。《民數記26:65》
04民數記第27章,品格,天父聽見你為公義發出的聲音,你是否曾面對一個不公平的處境，卻不知道是否應該說出來？西羅非哈的五個女兒站在全體會眾面前，為自己應得的產業大聲說出。神說她們說得有理，並更改了律例。天父不是要你默默接受所有的不公義，有時為公義發聲，是一種屬靈的行動。你是否有一個需要說出來的公義呼聲？天父在聆聽。,她們前來，站在會幕門口……說：「……為甚麼因我們的父親沒有兒子就把他的名從他族中除掉呢？求你們在我們父親的弟兄中分給我們產業。」《民數記27:2、4》
04民數記第28章,信仰,天父在日日的常獻中等候你定期來到,你是否曾覺得信仰需要等特別的感動才有意義，平平凡凡的每一天太平淡？神吩咐每天早晚各獻一隻燔祭，作為「常獻的燔祭」，年復一年，不間斷。這不是形式主義，而是關係的節律——就像親密的家人每天都有見面的時間。天父不是只在特別的靈修退修時等你，祂在每一天的早晨和傍晚都在等候你來到祂面前，帶著今天的心。,每日兩隻，作為常獻的燔祭。《民數記28:3》
04民數記第29章,悔改,天父設計了讓你每年深度自省的時刻,你是否曾讓信仰生活只停留在表面，從未有真正深刻的自我反省？贖罪日的命令是「刻苦己心」——不是表面的後悔，而是在神面前真實的謙卑和悔罪。神設計了一個一年一次的深度停下來：讓百姓不是繼續前進，而是靜止下來，誠實地審視自己在神面前的狀態。天父不只要你每天前進，也需要你定期停下來，讓祂看清楚你內心真實的景況。,七月初十日，你們當有聖會；要刻苦己心，甚麼工都不可作。《民數記29:7》
04民數記第30章,品格,天父記念你在祂面前每一句話的重量,你是否曾對神隨口說了什麼，後來卻忘了，或覺得說說而已？「人若向耶和華許願……就不可食言，必要按口中所出的一切話行。」在神面前說出的話有其重量，不是可以隨意說出又收回的。天父記念你每一個在祂面前的承諾、許願、委身。這不是要讓你害怕，而是提醒你：你和神之間的話語是真實關係的一部分，值得認真對待。,人若向耶和華許願或起誓，要約束自己，就不可食言，必要按口中所出的一切話行。《民數記30:2》
04民數記第31章,信仰,天父看見你在得勝後以感恩歸回的心,你是否曾在得到成功或勝利之後，立刻轉向下一個目標，忘了停下來感謝神？軍長們在戰勝歸來時，「將各人所得的金器……都送來……在耶和華面前為我們的生命贖罪」。他們得了勝利，第一件事是感恩奉獻，是記念神的保守，而不是慶功宴。天父保守了你的生命，祂值得你在每一次的得勝後，先回到祂面前說謝謝。,「如今我們將各人所得的金器……都送來……為耶和華的供物……在耶和華面前為我們的生命贖罪。」《民數記31:50》
04民數記第32章,信仰,天父在你承擔群體責任後賜下你的份額,你是否曾急著先為自己安頓，卻忘了還有弟兄姐妹仍在等候幫助？迦得人和流便人想要在約旦河東安頓，摩西說：「難道你們的弟兄去打仗，你們竟坐在這裏嗎？」兩支派回應：「我們要帶兵器行在以色列人的前頭……直等到以色列人各承受自己的產業。」先盡對群體的責任，再領受自己的份額——這是天父設計的美麗次序。,兩支派說：「我們要帶兵器行在以色列人的前頭，好把他們領到他們的地方……我們不回家，直等到以色列人各承受自己的產業。」《民數記32:17-18》
04民數記第33章,品格,天父記念你每一個走過的地方,你是否曾覺得信仰旅程中的某些「荒涼的站口」是白費的、是被遺忘的？神要求摩西記錄以色列人曠野旅程中每一個安營的地點，四十一個站口，一一記下。沒有一個被跳過，沒有一個被認為是不值得記念的。天父記念你信仰旅程中每一個走過的地方——每一次試煉的谷、每一個等候的夜、每一個看似無用的停留，都在祂的記念中。,正月十五日，就是逾越節的次日，以色列人從蘭塞起行，在一切埃及人眼前昂然無懼地出去。《民數記33:3》
04民數記第34章,禱告,天父把應許之地精確地劃定給你,你是否曾覺得神對你的「應許」是模糊的，不知道具體指什麼？神向以色列人描述迦南地的邊界，南界、西界、北界、東界，每個細節都清楚指定。應許之地不是虛無縹緲的期待，而是有具體範圍的禮物。天父對你的應許同樣是具體的：祂知道你的名字，知道祂為你預備了什麼。站在那個具體的應許上，是最有力量的等候。,這是耶和華所吩咐、在迦南地把產業分給以色列人的。《民數記34:29》
04民數記第35章,服事,天父在你被冤屈追趕時是你的庇護,你是否曾在某個誤會或罪咎的重壓下，感覺無處可逃、四面是審判？逃城是為那些「誤殺人的」設立的——不是為了讓人逃避責任，而是為了讓被冤屈或無意中犯錯的人有一個等候公義審判的庇護所。基督就是那個逃城，所有在定罪追擊下奔向祂的人，都可以在祂裡面得到庇護，安全地等候神的公義。天父為你預備了一個永遠的逃城。,這些城可以作逃避報仇人的城，使誤殺人的不至於死，等他站在會眾面前聽審判。《民數記35:12》
04民數記第36章,悔改,天父在祂的計畫中有你獨特而不可被取代的份,你是否曾覺得自己在神的計畫中可以被任何人替代，沒有什麼特別的地方？神費心保護每個支派的土地不被流失，是因為每個支派的傳承都有其不可取代的意義。神的計畫是精確的，每個人的位置都是獨特的。天父在祂的家中為你保留了一個沒有人可以取代的份額——你的恩賜、你的呼召、你的故事，都是那個不可取代的份。,耶和華怎樣吩咐摩西，西羅非哈的眾女兒就怎樣行。《民數記36:10》
05申命記第01章,智慧,天父在你的恐懼中仍在你前面引路,你是否曾在面對巨大挑戰時，讓眼見的困難蓋過了神的應許？以色列人看見探子的惡報，就哭號、就恐懼、就說「不如回埃及去」，忘了神一路的雲柱火柱，忘了祂「在路上，在你們前面行，為你們找安營的地方」。天父不是只說了應許就離開，祂在你前面行，在你不知道的地方找好了下一個落腳之處。你今天的恐懼，祂全都看在眼裡，仍然在前面。,他在路上，在你們前面行，為你們找安營的地方；夜間在火柱裏，日間在雲柱裏，指示你們所當行的路。《申命記1:33》
05申命記第02章,未來,天父在你四十年的曠野中從未讓你一無所缺,你是否曾在漫長的等候期感覺被虧待、被遺忘，什麼都缺？摩西回顧四十年說：「這四十年，耶和華你的神常與你同在，故此你一無所缺。」衣服沒有破爛，腳沒有腫（申8:4），每天有嗎哪，每天有引路的雲柱。那個看起來空蕩蕩的曠野，其實充滿了神細心的供應。你的「曠野」裡，天父一直在供應你，只是你可能還沒有看見。,這四十年，耶和華你的神常與你同在，故此你一無所缺。《申命記2:7》
05申命記第03章,奉獻,天父在你最害怕的仗前說：不要怕，我已交在你手,你是否曾面對一個讓你腿軟的對手或挑戰，連踏出去都覺得不可能？以色列人要面對巴珊王噩——六十座堅固城，高大的族人。神在出戰前說：「不要怕他！因我已將他和他的眾民，並他的地，都交在你手中。」注意，神說的是「已」交——不是「如果你努力也許可以」，而是已成的宣告。天父在你的仗之前先宣告了勝利，你的腳步是在應許上踏出去的。,耶和華對我說：「不要怕他！因我已將他和他的眾民，並他的地，都交在你手中。」《申命記3:2》
05申命記第04章,家庭,天父在你盡心尋求的時候必被你尋見,你是否曾感覺神好像躲起來了，不管怎麼禱告、怎麼讀經，都感受不到祂的同在？摩西對那個可能走向流亡、走向失落的以色列說：「但你們在那裏必尋求耶和華你的神。你盡心盡性尋求祂的時候，就必尋見。」這個應許沒有設置任何例外條件——只有「盡心盡性尋求」這一個條件。天父不是真的躲起來了，祂在等候一個盡心尋找的你。,但你們在那裏必尋求耶和華你的神。你盡心盡性尋求他的時候，就必尋見。《申命記4:29》
05申命記第05章,領袖,天父的約是今天與你立的，不只是歷史,你是否曾覺得聖經的誡命和約定是古人的故事，與你個人關係不大？摩西對以色列說：「這約不是與我們列祖立的，乃是與我們今日在這裏存活之人立的。」神的約不是博物館裡的文物，而是一個活的、正在進行的關係。天父今天對你說的話，跟祂在西奈山對以色列人說的一樣真實、一樣有力。你就是那個「今日在這裏存活之人」。,這約不是與我們列祖立的，乃是與我們今日在這裏存活之人立的。《申命記5:3》
05申命記第06章,家庭,天父希望你把信仰傳遞給你的下一代,你是否曾擔心自己的信仰會不會傳遞給孩子或周圍的人？摩西說：「也要殷勤教訓你的兒女。無論你坐在家裏，行在路上，躺下，起來，都要談論。」信仰的傳承不靠週日的宗教教育課就夠，而是滲透在每天一起吃飯、一起走路、一起入睡的日常對話中。天父設計了家庭作為信仰傳遞的第一個課室，你就是那個老師。,也要殷勤教訓你的兒女。無論你坐在家裏，行在路上，躺下，起來，都要談論。《申命記6:7》
05申命記第07章,信仰,天父揀選你不是因為你的大小，而是因為祂的愛,你是否曾覺得自己太渺小、太平凡，神不可能特別揀選你？神對以色列說：「耶和華專愛你們，揀選你們，並非因你們的人數多於別民，原來你們的人數在萬民中是最少的。」揀選的理由不是能力、不是人數、不是條件，而是「只因耶和華愛你們」。天父揀選你，就是因為祂愛你。這個愛不需要你夠大才值得，它本就指向你這個最平凡的人。,耶和華專愛你們，揀選你們，並非因你們的人數多於別民，原來你們的人數在萬民中是最少的。《申命記7:7》
05申命記第08章,信仰,天父在曠野中餵養你，是為讓你認識祂,你是否曾把生命的困頓視為神的懲罰，而不是神塑造你的課堂？「祂苦煉你，任你飢餓，將你所不認識的嗎哪賜給你吃，使你知道，人活著不是單靠食物，乃是靠耶和華口裏所出的一切話。」那個飢餓不是遺棄，而是訓練——訓練你認識更深的仰賴。天父允許你去到某個「沒有足夠食物」的地方，是為了讓你發現：祂的話語才是更深的糧食。,祂苦煉你，任你飢餓，將你和你列祖所不認識的嗎哪賜給你吃，使你知道，人活着不是單靠食物，乃是靠耶和華口裏所出的一切話。《申命記8:3》
05申命記第09章,悔改,天父給你的恩典不是因你的義,你是否曾在順境中，悄悄開始以為自己是靠著什麼好品德換來了神的祝福？摩西再三提醒：「你進去得他們的地，並不是因你的義，也不是因你心裏正直。」以色列得應許之地，根基是神對列祖的愛和守約，不是任何人的功德。天父的恩典讓人謙卑，因為它從來不是我們賺來的。每一件美好的事，都是從祂那裏來的白白賜予，值得謙卑地感謝。,你要知道，耶和華你神將這美地賜你為業，並不是因你的義；你本是硬着頸項的百姓。《申命記9:6》
05申命記第10章,信仰,天父在你回轉後再次重建約的關係,你是否曾在某次重大的失敗後，以為與神的關係已經無法修復？金牛犢事件之後，神叫摩西「再鑿兩塊石版」，重新將十誡刻在上面——關係的重建。神沒有因以色列的最大失敗而永遠關上門。「只要你敬畏耶和華你神，遵行他的道，愛他，盡心盡性事奉他」——這是新的開始，不是比較更嚴苛的門檻。天父永遠在為回轉的你重新刻寫那塊版。,以色列阿，現在耶和華你神向你所要的是甚麼呢？只要你敬畏耶和華你的神，遵行他的道，愛他，盡心盡性事奉他。《申命記10:12》
05申命記第11章,信仰,天父讓你在順服中得著你腳所踏之地,你是否曾覺得信仰的應許很遙遠，不知道什麼時候才能真正「得著」那些神所說的？神說：「凡你們腳掌所踏之地都必歸你們。」應許的實現，需要腳掌踏上去——有行動、有前進、有順服的腳步。天父的應許不是讓你在原地等著它從天而降，而是在你踏出去的過程中，應許開始成為現實。你今天願意把腳放在哪塊地上？,你們若留意聽從我今日所吩咐的誡命，愛耶和華你們的神，盡心盡性事奉他，他必按時降秋雨春雨在你們的地上。《申命記11:13-14》
05申命記第12章,敬拜,天父指定你到祂所選的地方來敬拜祂,你是否曾把敬拜視為「在任何地方以任何方式」都可以的事，只要有心意就好？神說要在「祂所選擇……為立祂名的居所」獻祭，是要以色列人定期、刻意地「往那裏去」尋求神，而不是各自隨意在家行事。敬拜神需要刻意、需要一起、需要以神所定的方式。天父不是要你隨便找個舒服的方式靠近祂，祂值得你刻意為祂預備敬拜。,但耶和華你們的神從你們各支派中選擇何處為立他名的居所，你們就當往那裏去求問。《申命記12:5》
05申命記第13章,智慧,天父給你辨別真假聲音的能力,你是否曾面對一個言之鑿鑿、甚至有神蹟為證的教導，卻心裡不安、不知道該不該相信？神說，即使先知說的話應驗了，說的神蹟奇事也成了，若是引你離開獨一的真神，「你不可聽那先知的話」。辨別的標準不是神蹟的大小，而是這個聲音所指向的方向。天父給了你祂的話語作為最可靠的鑑別工具。讓祂的話語成為你辨別一切聲音的標準。,那先知或作夢的……所說的神蹟奇事……你們不可聽那先知的話；因為這是耶和華你們的神試驗你們。《申命記13:1-3》
05申命記第14章,奉獻,天父在十一的節律中訓練你學習敬畏,你是否曾把十一奉獻視為一種沉重的負擔，而不是一種操練？申命記說十一奉獻的目的是「學習敬畏耶和華你的神」。奉獻不只是資源的移轉，而是一個屬靈的操練——學習把生命中最重要的部分承認是神的。天父設計了十一的節律，不是因為祂需要你的錢，而是為了讓你的心在每一次的給出中操練：神才是主，我只是管家。,你要吃這十分之一，是要學習敬畏耶和華你的神。《申命記14:23》
05申命記第15章,財務,天父看見你慷慨給予的手不會虧損,你是否曾在面對有需要的人時，算計過「給了會不會自己不夠」？神說：「你要給他，給他的時候心裏不可愁煩；因為耶和華你的神必在你這一切所行的，並你手所辦的事上賜福與你。」給出去的手，不會因此虧損；反而是天父在你所辦的事上賜福的起點。天父不會讓慷慨的人虧損，祂的賜福會追上你的給予。,你要給他，給他的時候心裏不可愁煩；因為耶和華你的神必在你這一切所行的，並你手所辦的事上賜福與你。《申命記15:10》
05申命記第16章,信仰,天父設計了節慶讓你的喜樂不忘初心,你是否曾在生命中只顧著前進，卻忘了停下來慶祝神的作為、感謝神的帶領？住棚節七天的歡樂，包括了孤兒、寡婦、利未人，每個人都要一起歡呼。而歡樂的根基是「記念你在埃及地作過奴僕」——因著記念被救贖的感恩，才能真實地喜樂。天父設計節慶，是要你在感謝中喜樂，在喜樂中記念，不要忘記是誰把你帶出來的。,你要記念你在埃及地作過奴僕，你要謹守遵行這些律例。《申命記16:12》
05申命記第17章,領袖,天父要你的領袖以神的話語為指南,你是否曾思考過什麼樣的人值得成為領袖？神對以色列的王有一個獨特的要求：「登了國位，就要將這律法書為自己抄錄一本……要平生誦讀，好學習敬畏耶和華他的神。」不是最聰明的、不是最強大的，而是最謙卑倚靠神話語的。天父眼中的好領袖，是那個把自己的決策根植在神話語中的人。無論你是否是正式的領袖，這個原則同樣適用於你。,他登了國位，就要將祭司利未人面前的這律法書，為自己抄錄一本，存在他那裏，要平生誦讀，好學習敬畏耶和華他的神。《申命記17:18-19》
05申命記第18章,信仰,天父以先知的話語引導你，你不需要別的來源,你是否曾在面對未知的未來時，渴望尋求更多的「指引」，甚至想轉向一些非神的方式？神禁止占卜術，是因為祂自己已預備了先知和話語來引導百姓。所有的占卜都是在繞過神所設立的溝通渠道。天父不是讓你猜謎的神，祂說話，也給了你祂的話語。在你不確定的時候，先回到祂的話語，問祂，等候祂——那是最可靠的指引。,耶和華你的神要從你們弟兄中間給你興起一位先知像我，你們要聽從他。《申命記18:15》
05申命記第19章,品格,天父在你需要庇護的時候為你預備逃城,你是否曾因某個過錯或誤解，感覺四面都是定罪和追趕，沒有地方可逃？神設立逃城，是為了保護那些無心之失的人：不是逃避責任，而是在公義的審判到來之前有個喘息之地。基督就是那個逃城。無論你帶著多重的罪咎和羞愧，天父在基督裡為你預備了一個庇護所，那裡有等候你的接納和赦免。,你要從約但河那邊……分出三座城……使那無心而誤殺人的，可以逃到那裏。《申命記19:2-3》
05申命記第20章,信仰,天父在你的爭戰中已先宣告了得勝,你是否曾因對手的強大而喪失勇氣，覺得勝利根本遙不可及？「你們出去與仇敵爭戰，看見馬匹、車輛，並比你多的人民，不要怕他們；因為耶和華你神與你同在。」不是「也許會贏」，而是神已在前面為你打仗。天父的「不要怕」不是輕描淡寫，而是因為祂已計算過那一仗，並且宣告祂必同在。你今天的爭戰，祂也同在。,你們出去與仇敵爭戰，看見馬匹、車輛，並比你多的人民，不要怕他們；因為領你出埃及地的耶和華你神與你同在。《申命記20:1》
05申命記第21章,信仰,天父在你掛在木頭上的羞辱中親自承擔,你是否曾思想過「被掛的人是在神咒詛之下」這句話的份量？保羅在加拉太書說：「基督既為我們受了咒詛，就贖出我們脫離律法的咒詛。」耶穌被掛在十字架的木頭上，承擔了那個咒詛，是為了把你從咒詛中釋放出來。天父讓自己的兒子承受了那個你本該擔的羞辱，這是最深的愛。你在那個愛中是自由的。,被掛的人是在神咒詛之下，你不可玷污耶和華你神所賜你為業之地。《申命記21:23》
05申命記第22章,品格,天父希望你主動幫助你周圍需要幫助的人,你是否曾在路上看見別人的需要，卻告訴自己「這不關我的事」而走開？「你弟兄的牛或羊失迷了，你若看見，不可佯為不見，總要拉回來，交給你弟兄。」神的律法要求的不只是不傷害別人，而是積極地為別人的利益站出來。天父不只不傷害你，祂主動為你預備一切所需。祂的子民也被呼召活出這樣主動的愛。,你弟兄的牛或羊失迷了，你若看見，不可佯為不見，總要拉回來，交給你弟兄。《申命記22:1》
05申命記第23章,信仰,天父要你的群體生活與祂的同在相稱,你是否曾覺得信仰只是個人的私事，與群體的生活方式無關？「因為耶和華你的神在你營中行走，要救護你……所以你的營理當聖潔。」神的同在不只是個人的福分，它對整個群體提出了要求。天父居住在祂子民中間，祂同在的現實應該塑造整個群體的文化——如何對待彼此，如何對待弱者，如何在日常生活中活出聖潔。,因為耶和華你的神在你營中行走，要救護你……所以你的營理當聖潔。《申命記23:14》
05申命記第24章,品格,天父要你在最日常的行為中活出對他人的憐憫,你是否曾在工作或生活中，習慣性地只想到自己的方便，而忽略了身邊人的需要？「你要當日給他工價，不可等到明日……要收割莊稼……留給寄居的與孤兒寡婦。」這些律例要求的，是在最日常的事務中主動留出對他人的憐憫空間。天父在你每天的工作和家務中，都在問同一個問題：你今天有沒有為別人留下一捆？,你收割莊稼，若忘下一捆在田間，不可回去再取……留給寄居的與孤兒寡婦。《申命記24:19》
05申命記第25章,品格,天父在你的公平與誠實中看見你的敬畏,你是否曾在商業往來或日常生活中，使用過兩種不同的標準——對自己有利的，和對別人公平的？「不可有大有小兩樣法碼……要有對準、公平的法碼。」神的律法要求的誠實，不只在祭壇前，也在市場上、在工作中、在合約裡。天父看見你在沒有人監督的時候是否誠實，那個誠實是你對祂的敬畏最真實的表達。,不可有大有小兩樣法碼……要有對準、公平的法碼……這樣，在耶和華你神所賜的地上，你的日子得以長久。《申命記25:13-15》
05申命記第26章,敬拜,天父在你的奉獻中聽見你記念祂救恩的心,你是否曾把奉獻變成一個例行的動作，沒有任何情感、沒有任何記念？初熟之物的奉獻儀式要求信徒親口說出神的救恩故事——「我的祖宗是一個將亡的亞蘭人……耶和華把我們領出來……把這地賜給我們。」奉獻不只是資源的移轉，而是一次信仰的宣告。天父在你的奉獻中，也在等候你說出祂在你生命中所做的事。,我的祖宗是一個將亡的亞蘭人……耶和華……將我們領出來……把這地賜給我們。《申命記26:5、8-9》
05申命記第27章,信仰,天父要你把信仰的宣告立在你生命中看得見的地方,你是否曾覺得信仰只存在心裡就夠了，不需要任何外在的表達或記號？神吩咐以色列人將律法刻在大石頭上，使每個人都能看見。信仰需要被具體化——在家中的某個角落、在你工作的地方、在與孩子的對話中——讓神的話語成為看得見、摸得到的現實。天父不只住在你的心裡，祂要住在你生命環境的每一個角落。,你們過了約但河，要照我今日所吩咐你們的，將這律法的一切話刻在石頭上，塗上石灰。《申命記27:2-3》
05申命記第28章,信仰,天父的祝福追上順服的人，一個也跑不掉,你是否曾把順服神的生活想像成一種沉重的義務，而不是進入豐盛的道路？「你若留意聽從耶和華你神的話……這一切福就必追上你，臨到你身上。」不是你去追祝福，而是祝福「追上你」——城裏城外、出入行動、糧食牲畜全部涵蓋。天父設計了一條讓祝福追趕你的生命方式，那條路的名字叫做順服。你今天願意走那條路嗎？,你若留意聽從耶和華你神的話，謹守遵行他的一切誡命……這一切福就必追上你，臨到你身上。《申命記28:1-2》
05申命記第29章,財務,天父的隱秘事雖不盡顯，祂已啟示的已足夠,你是否曾因為不明白神的旨意、看不透人生的問題，而感到焦慮或憤怒？「隱秘的事是屬耶和華我們神的；惟有明顯的事是永遠屬我們和我們子孫的，好叫我們遵行這律法上的一切話。」天父沒有應許告訴你所有的事，但祂已啟示了你所需要的。你不需要知道一切，你只需要在已知的範圍內忠心走。那已知的，已足夠。,隱秘的事是屬耶和華我們神的；惟有明顯的事是永遠屬我們和我們子孫的，好叫我們遵行這律法上的一切話。《申命記29:29》
05申命記第30章,悔改,天父為你悔改回轉的心行割禮,你是否曾覺得自己的心太硬，即使想改變也改變不了？神說：「耶和華你神必為你行割禮，並你後裔的心，叫你盡心盡性愛耶和華你的神，可以存活。」改變你的心，不是你自己的功課，而是神的工作。你不需要先把自己的心修整好再來到神面前，而是先回轉——就連那個讓你能回轉的心，也是天父先在你心裡動工的。,耶和華你的神必為你行割禮，並你後裔的心，叫你盡心盡性愛耶和華你的神，可以存活。《申命記30:6》
05申命記第31章,信仰,天父不撇下你也不丟棄你，這是祂的承諾,你是否曾在最孤單的時刻，感覺連神也好像離開了？摩西在把使命交棒給約書亞的那一刻，對以色列全會眾說：「你當剛強壯膽，不要懼怕，也不要驚惶，因為耶和華你的神和你同行，他必不撇下你，也不丟棄你。」這不是安慰的話，而是神的承諾。天父說「不撇下」，這個否定詞是絕對的。不管你覺得有多孤單，祂在。,你當剛強壯膽，不要懼怕，也不要驚惶，因為耶和華你的神和你同行，他必不撇下你，也不丟棄你。《申命記31:6》
05申命記第32章,信仰,天父是不改變的磐石，祂的公義始終完全,你是否曾在人生的搖動中，感覺連自己的信仰根基也不穩固？摩西的歌把神描述為磐石：「他是磐石，他的作為完全，他所行的無不公平，是誠實無偽的神，又公義，又正直。」無論以色列如何悖逆、環境如何改變，神的磐石性情從未動搖。天父今天仍是那塊磐石——不因你的搖動而搖動，不因世界的改變而改變。你可以把生命的重量放在祂身上。,他是磐石，他的作為完全，他所行的無不公平，是誠實無偽的神，又公義，又正直。《申命記32:4》
05申命記第33章,敬拜,天父讓你因蒙祂拯救而有福,你是否曾在比較中失去了感恩，忘記了自己是何等有福的人？摩西在一生最後的時刻，不是向以色列抱怨，而是祝福說：「以色列啊，你是有福的！誰像你這蒙耶和華所拯救的百姓呢？」被神拯救，這本身就是最大的福分，比任何地業、產業、成就都更珍貴。天父的拯救定義了你最根本的身份——你是蒙拯救的人，這是任何人都拿不走的福分。,以色列啊，你是有福的！誰像你這蒙耶和華所拯救的百姓呢？他是你的盾牌，幫助你，是你威嚴的刀劍。《申命記33:29》
05申命記第34章,品格,天父對你最高的評語是你是否認識祂,你是否曾想過，在你生命結束的那一天，神會如何評論你？摩西死後，聖經對他的評語不是「他進入了迦南」或「他的事業最偉大」，而是「耶和華面對面所認識的」。那是一個人可以得到的最高評語——不是成就了什麼，而是神認識他，他也認識神。天父對你最大的渴望，不是讓你完成某件大事，而是讓你成為一個祂可以說「我認識他」的人。,此後以色列中再沒有興起先知像摩西的；他是耶和華面對面所認識的。《申命記34:10》
06約書亞記第01章,禱告,天父晝夜讓祂的話在你心中成為指引,你是否曾在承接一個重要使命或新的人生階段時，感到茫然和膽怯？神給約書亞的裝備不是地圖或兵器，而是一句話：「這律法書不可離開你的口，總要晝夜思想，好使你謹守遵行這書上所寫的一切話。如此，你的道路就可以亨通，凡事順利。」天父的引導藏在祂的話語裡，不是離開了才去找，而是每天讓它在心中紮根，成為你前進的羅盤。,這律法書不可離開你的口，總要晝夜思想，好使你謹守遵行這書上所寫的一切話。如此，你的道路就可以亨通，凡事順利。《約書亞記1:8》
06約書亞記第02章,服事,天父在你還不認識祂的地方已先放下信心的種子,你是否曾對一個傳道的對象感到絕望，覺得那個人離神太遠？喇合是妓女，是外邦人，卻說出了「耶和華你們的神本是上天下地的上帝」。她的信心來自聽聞神所行的大事。神在你周圍那些看似遙遠的人心裡，也許早已放下了信心的種子，只是你還不知道。天父的福音比你以為的更廣，祂的恩典更常出現在意想不到的地方。,耶和華你們的神本是上天下地的上帝。《約書亞記2:11》
06約書亞記第03章,悔改,天父讓你在未曾走過的路上信靠祂的同在,你是否曾站在一個「這條路我從來沒有走過」的人生節點，充滿不確定？以色列人要渡過約旦河，神說跟隨約櫃，因為「這條路你們向來沒有走過」。神不是說「我已走過這條路，所以你放輕鬆就好」，而是說「你沒走過，所以更要緊跟著我的同在」。天父在你每一段前所未有的旅程中，祂的同在就是最好的地圖。,只是你們和約櫃相離要量二千肘，不可與約櫃相近，使你們知道所當走的路，因為這條路你們向來沒有走過。《約書亞記3:4》
06約書亞記第04章,智慧,天父希望你立石記念祂在你生命中的神蹟,你是否曾親歷一個神蹟，卻幾年後幾乎忘光了？神要以色列人在渡過約旦河之後立十二塊石頭，「日後，你們的子孫問你們說：這些石頭是什麼意思？」那些石頭就成了說神蹟的起點。天父不只是行神蹟，祂希望你記住神蹟，並把那個故事說給下一代聽。你生命中的「十二塊石頭」是什麼？把它記下來，說出來，讓它傳下去。,這些石頭在你們中間可以作為證據。日後，你們的子孫問你們說：「這些石頭是甚麼意思？」《約書亞記4:6》
06約書亞記第05章,未來,天父在你進入新季節前先帶你立約更新,你是否曾急著衝進一個新的階段，卻忘了先在神面前停下來？以色列人站在迦南地的門口，面對強敵耶利哥，神卻說先行割禮、守逾越節——先更新立約關係，再開始爭戰。天父在每一個新的開始之前，都在邀請你先停下來，更新你與祂之間的關係。最強大的準備，不是策略，而是在神面前的立約更新。,我今日將埃及的羞辱從你們身上滾去了。《約書亞記5:9》
06約書亞記第06章,奉獻,天父的方法雖不合人的常識，卻必帶來得勝,你是否曾收到神一個聽起來不合常理的帶領，不知道是否應該順服？繞城七天、吹角——沒有任何軍事道理，但以色列人照做了，耶利哥城就倒塌了。天父的方法常常超越人的邏輯。順服那個不合常識的帶領，需要更大的信心；但那個信心所帶來的得勝，也是人的方法不能達到的。你今天有沒有一個「不合常識的帶領」需要順服？,看哪，我已經把耶利哥和耶利哥的王，並大能的勇士，都交在你手中。《約書亞記6:2》
06約書亞記第07章,悔改,天父在你誠實認罪後恢復你的屬靈力量,你是否曾感覺屬靈的力量突然不見了，不知道問題出在哪裡？亞干的隱藏之罪使以色列在艾城大敗；當亞干被找出來、罪被承認，以色列人重新得力。隱藏的罪就像堵住了屬靈力量的管道。天父不是要揭露你使你羞辱，而是要透過誠實的認罪，讓那堵住的管道重新暢通。認罪不是削弱你，而是恢復你。,你們若不把當滅的物從你們中間除掉，我就不再與你們同在了。《約書亞記7:12》
06約書亞記第08章,信仰,天父在你失敗後仍對你說：不要懼怕，起來,你是否曾在某次失敗之後，一蹶不振，覺得天父一定對你失望了？艾城第一次大敗，以色列人士氣崩潰；但在問題處理之後，神對約書亞說：「不要懼怕，也不要驚惶。你起來。」天父的回應不是審判，而是呼召重新站起來。失敗不是終點，認罪之後的神說：「起來吧。」那個起來的命令，今天也是對你說的。,不要懼怕，也不要驚惶。你起來，率領一切兵丁上艾城去，我已經把艾城的王……都交在你手裏。《約書亞記8:1》
06約書亞記第09章,智慧,天父在你做決定時邀請你先求問祂,你是否曾在事情看似清楚的時候，跳過了禱告求問這個步驟，結果後悔？以色列人被基遍人欺騙，因為「沒有求問耶和華」——不是他們不聰明，而是沒有求問神。天父不是要你每件事都必須等三天才能行動，但重要的決定值得在祂面前停一下，問一問：「主，你怎麼看？」那個多出來的停頓，往往是最寶貴的智慧。,以色列人受了他們些食物，並沒有求問耶和華。《約書亞記9:14》
06約書亞記第10章,禱告,天父為你爭戰，日頭也因你的禱告停住,你是否曾覺得你的禱告太平凡，不可能真正改變什麼大事？約書亞在爭戰中呼求神，神讓日頭停住——「在這日以前，這日以後，耶和華聽人的禱告，沒有像這日的」。那一個禱告改變了天體的運行。天父創造了天地，祂也創造了你的禱告作為祂行動的管道。你的禱告在祂面前不是微不足道的，而是可以扭轉局面的力量。,在這日以前，這日以後，耶和華聽人的禱告，沒有像這日的，是因耶和華為以色列爭戰。《約書亞記10:14》
06約書亞記第11章,服事,天父看見你在使命中不懈怠的忠心,你是否曾在漫長的服事過程中，感到疲憊，心裡想著「差不多就好了」？約書亞的評語只有簡單一句：「凡耶和華所吩咐摩西的，約書亞沒有一件懈怠不行的。」不是完美，而是沒有懈怠——每一件，都去做了。天父看見你在無人鼓掌的時候仍然繼續的那份忠心，那是比才能更珍貴的美德。繼續，不懈怠，就是你對天父最真實的回應。,凡耶和華所吩咐摩西的，約書亞沒有一件懈怠不行的。《約書亞記11:15》
06約書亞記第12章,信仰,天父的應許一件件被歷史所印證,你是否曾對神的應許感到懷疑，不確定那些話是否真的會實現？三十一個王的清單，就是神向列祖應許「我要把這地賜給你」的具體兌現。每一個城名、每一個王名，都是一個神信守承諾的見證。天父的應許不是空洞的鼓勵，而是有歷史記錄可以核驗的事實。你手中所握的應許，也有一天會成為你親口見證的真實。,以色列人在約但河外向日出之地擊殺二王，得他們的地……《約書亞記12:1》
06約書亞記第13章,信仰,天父在你還有未得之地時仍繼續呼召你,你是否曾在年齡漸長或體力下降之後，以為自己的使命已經結束，剩下的時日只是等待？神在約書亞年老時說：「你年紀老邁了，還有許多未得之地。」不是批評，而是提醒：還有事工可做。神沒有因約書亞年老而收回他的使命，而是指示他在有限的時間內忠心完成能做的。天父不會因你的年齡或限制而停止呼召你。,耶和華對約書亞說：「你年紀老邁了，還有許多未得之地。」《約書亞記13:1》
06約書亞記第14章,家庭,天父在你八十五歲時仍記念四十五年前的應許,你是否曾等待神某個應許太久，以為它已經被遺忘了？迦勒八十五歲站在約書亞面前，說：「那日耶和華應許的話……現在求你將耶和華那日應許我的這山地給我。」四十五年，應許沒有遺忘。迦勒沒有遺忘，天父也沒有遺忘。你今天仍在等待的那個應許，天父記念著，時候到了，祂一定兌現。,但我專心跟從耶和華我的神。《約書亞記14:8》
06約書亞記第15章,禱告,天父的應許讓你勇敢開口求更多,你是否曾覺得得到了一點就該滿足，不好意思再開口求更多？押撒得了南地，但那裏乾旱，她主動向父親說：「求你賜福給我……求你也給我水泉。」她得到了上泉和下泉。天父是一個慷慨的父，祂給了你南地，但若你需要水泉，祂也願意給。大膽開口求，不是貪婪，而是對天父慷慨的信靠。你今天需要開口求的是什麼？,她說：「求你賜福給我，你既將我安置在南地，求你也給我水泉。」她父親就把上泉下泉賜給她。《約書亞記15:19》
06約書亞記第16章,信仰,天父呼召你把使命做到徹底，不留隱患,你是否曾在神的呼召上做了七八分，把剩下那兩三分留著「以後再說」？以法蓮人沒有趕出基色的迦南人，讓他們留下作奴僕——看似務實，實則留下了日後的禍根。神的呼召不是「差不多就好」，不徹底的順服會在日後製造意想不到的麻煩。天父呼召你把該做的做到底，那份徹底是保護你未來的屏障。,他們沒有趕出住基色的迦南人；迦南人卻住在以法蓮人中間……直到今日。《約書亞記16:10》
06約書亞記第17章,信仰,天父的應許讓你有根據地勇敢爭取你的份,你是否曾在面對強大的對手時，以「鐵車太多」為由放棄了應該爭取的？約瑟支派說「那山地容不下我們，並且……都有鐵車」，約書亞的回應是：「迦南人雖有鐵車，雖是強盛，你也能把他們趕出去。」天父的應許是你最大的憑據，不是眼見的困難。鐵車是真實的，但天父的應許比鐵車更真實。你的份，值得爭取。,迦南人雖有鐵車，雖是強盛，你也能把他們趕出去。《約書亞記17:18》
06約書亞記第18章,領袖,天父呼召你不要遲延，起身去承受你的產業,你是否曾知道神為你預備了什麼，卻一直遲遲不去接受？七個支派已在得地的邊緣，卻不動身前去；約書亞說：「耶和華你們列祖的神所賜給你們的地，你們耽延不去得，要到幾時呢？」天父不只應許你，祂也在等你行動。應許的產業不會自己飛到你手裡，你需要起身前去。你今天在遲延什麼？,耶和華你們列祖的神所賜給你們的地，你們耽延不去得，要到幾時呢？《約書亞記18:3》
06約書亞記第19章,領袖,天父讓真正謙卑的領袖得著最後的份額,你是否曾見過一種領袖，先確保眾人都有了，才為自己留一份？約書亞帶領以色列人征戰、分地，把自己的產業留到最後，等到每個支派都各得其所，才接受眾人給他的城。這種「眾人先、自己後」的精神，是天父心目中最美的領袖樣式。無論你是不是正式的領袖，這種心態——先問「別人有沒有」再問「我有沒有」——都是最真實的服事。,照耶和華的吩咐，將約書亞所求的城……給了他。《約書亞記19:50》
06約書亞記第20章,信仰,天父為你在基督裡預備了永遠的逃城,你是否曾感覺自己在罪咎的追趕下無處躲藏，四面都是審判？逃城為誤殺人的提供庇護：「他要住在他們中間……直到他站在會眾面前」。那個接納不是縱容，而是等候公義審判的恩典空間。基督是你今日的逃城，凡逃到祂那裡的，不被棄絕。天父為你在基督裡預備了一個任何罪咎的追趕都無法進入的安全之所。,使那無心而誤殺人的，可以逃到那裏。這些城可以作你們逃避報血仇人的地方。《約書亞記20:3》
06約書亞記第21章,信仰,天父應許賜福的話一句也沒有落空,你是否曾懷疑神某個應許是否還算數，或者只是書上好聽的話？約書亞記21章最後用一句話作總結：「耶和華應許賜福給以色列家的話一句也沒有落空，都應驗了。」不是大部分，不是差不多，而是一句也沒有落空。天父不是模糊應許的神。你手中的每一個神的承諾，都有這句話為根基：一句也不落空。,耶和華應許賜福給以色列家的話一句也沒有落空，都應驗了。《約書亞記21:45》
06約書亞記第22章,智慧,天父希望你在誤解中先溝通再行動,你是否曾在一個讓你憤怒的消息面前，立刻準備「出兵」，卻後來發現只是誤解？以色列人聽說兩個半支派在約旦河邊築壇，立刻準備開戰，但他們先差人去問清楚——結果那壇是為了記念神、防止被認為與以色列無份的「見證壇」，不是偶像。天父希望我們在人際關係中先聆聽、再判斷。一個開放的問題，往往能化解一場不必要的衝突。,全會眾一聽見，就聚集在示羅，要上去攻打他們。《約書亞記22:12》
06約書亞記第23章,信仰,天父讓你以過去親歷的神蹟持守未來的信仰,你是否曾在信仰疲憊的時候，忘了自己曾經歷過的神的作為？約書亞告別前說：「你們親眼看見了耶和華你們的神為你們所行的一切事……耶和華你們神所應許賜福與你們的話沒有一句落空，都應驗在你們身上了。」回憶不是逃避，而是建立未來的基石。天父讓你記念過去的信實，是為了幫助你持守未來。你還記得你的神蹟嗎？,耶和華你們神所應許賜福與你們的話沒有一句落空，都應驗在你們身上了。《約書亞記23:14》
06約書亞記第24章,信仰,天父邀請你今天再一次選擇祂,你是否曾讓信仰變成習慣，卻許久沒有重新做一次清醒的選擇？約書亞把整個以色列的救恩歷史說了一遍，然後說：「你們今日要選擇所要事奉的是誰……至於我和我家，我們必定事奉耶和華。」信仰不是一次的決定就永遠自動持守，而是每一天在各種選擇中再一次確認。天父今天邀請你再一次清醒地說：「我選擇事奉你。」你願意說嗎？,至於我和我家，我們必定事奉耶和華。《約書亞記24:15》
07士師記第01章,財務,天父的呼召不允許「差不多」的順服,你是否曾在神的呼召上做了八九分，把剩下那一點點留著，告訴自己「大部分做到了就夠了」？以色列各支派「沒有趕出」的那些人，最終成為了他們最大的屬靈陷阱。不徹底的順服不是「幾乎完全順服」，而是「不順服」。天父的呼召是完整的，不是讓你挑選方便的部分來做。那個留著沒做的部分，往往是以後最大問題的來源。,耶和華與猶大同在，猶大就趕出山地的居民，只是不能趕出平原的居民，因為他們有鐵車。《士師記1:19》
07士師記第02章,未來,天父呼召你把信仰真實地傳遞給下一代,你是否曾思考過，你的信仰在你之後會往哪裡去？以色列人中「有別的世代興起，不認識耶和華，也不知道耶和華為以色列人所行的事」——不是因為神離開了，而是因為上一代沒有把神的作為傳遞下去。信仰的傳承不是自動的，需要刻意的、關係性的傳遞。天父把你放在下一代的面前，你願意讓他們從你的生命中認識神嗎？,後來有別的世代興起，不認識耶和華，也不知道耶和華為以色列人所行的事。《士師記2:10》
07士師記第03章,信仰,天父在你的試煉中要顯明你內心的真實,你是否曾在艱難時期感到困惑，不明白神為什麼不直接解決問題？神留下某些外族「為要試驗以色列人，知道他們肯聽從神所吩咐的誡命不肯」。試煉不是刑罰，而是顯明——讓人看見自己心裡真正相信什麼、信靠什麼。天父允許你的試煉，是因為祂要你看見自己真實的心，也要在那個真實中遇見祂的扶持。,耶和華留下這幾族，為要試驗以色列人，知道他們肯聽從耶和華藉摩西吩咐他們列祖的誡命不肯。《士師記3:4》
07士師記第04章,信仰,天父不受任何限制地使用願意順服的人,你是否曾以為只有某種人、某種背景才能被神大大使用？底波拉是女性，雅億是家庭婦女，但在男性主導的時代，神透過她們完成了關鍵的拯救行動。神選擇器皿的標準不是性別、年齡或社會地位，而是一顆順服的心。天父今天也在尋找願意說「是的，我在這裡」的人。你願意成為那個人嗎？,耶和華使西西拉和他一切車輛全軍潰亂，在巴拉面前被刀殺敗。《士師記4:15》
07士師記第05章,敬拜,天父的得勝值得你發出最真實的讚美,你是否曾在神的作為後，立刻轉向下一個需要，而忘了停下來讚美？底波拉和巴拉的勝利之歌，把整個功勞歸給神，從頭到尾不是「我們做到了」，而是「耶和華，願你的仇敵都這樣滅亡！願愛你的人如日頭出現，光輝烈烈！」真實的讚美不是在勝利後說幾句感謝的話，而是讓神的榮耀成為你嘴裡和心裡最自然的宣告。,耶和華啊，願你的仇敵都這樣滅亡！願愛你的人如日頭出現，光輝烈烈！《士師記5:31》
07士師記第06章,信仰,天父在你的軟弱中看見勇士的身影,你是否曾覺得自己太平凡、太渺小、太沒有條件，不可能被神大大使用？神的使者對躲在酒醡裡脫粒的基甸說：「大能的勇士啊，耶和華與你同在！」那不是諷刺，而是神的眼光——祂看見基甸將要成為的樣子，而不是他現在的膽怯。天父今天也以同樣的眼光看你。你不是現在這個膽小的你，你是天父眼中那個被神同在裝備的人。,耶和華的使者向基甸顯現，對他說：大能的勇士啊，耶和華與你同在！《士師記6:12》
07士師記第07章,信仰,天父刻意讓你的力量不夠，好讓祂的榮耀更顯,你是否曾因資源太少、人手不足而感到絕望？神把基甸的三萬二千人削減到三百人，告訴他：「跟你的人過多，我不能將米甸人交在他們手中，免得以色列人向我誇大，說：是我們自己的手救了我們。」人少，是為了讓榮耀更清楚地屬於神。天父有時讓你的資源不足，不是因為遺忘，而是要在你的「不夠」中，讓人看見只有祂才能做的事。,耶和華對基甸說：跟隨你的人過多，我不能將米甸人交在他們手中，免得以色列人向我誇大，說：是我們自己的手救了我們。《士師記7:2》
07士師記第08章,品格,天父希望你在得勝後警醒，勝利也有它的試探,你是否曾在一次屬靈的突破或成功之後，反而放鬆警覺，讓一些小的東西悄悄滑入？基甸在戰場上倚靠神得了大勝，卻在和平中製造了以弗得，成了以色列的網羅。爭戰時人最警醒，卻在勝利後最容易跌倒。天父在你的每一個得勝後，也在輕聲提醒：這是你最需要警醒的時刻，不是最可以鬆懈的時刻。,基甸死後，以色列人又去隨從諸巴力行邪淫。以色列人不記念耶和華——他們的神，就是拯救他們脫離四圍仇敵之手的。《士師記8:33-34》
07士師記第09章,領袖,天父看見你是否在服事中保持了真實的動機,你是否曾思考過自己進入某個服事崗位的真正動機——是被神呼召，還是自己爭取來的？亞比米勒以暴力和詭計取得王位，結果帶來了無盡的血腥和毀滅。橄欖樹、無花果樹、葡萄樹在寓言中都拒絕了王位，因為它們有更重要的本職要做。最真實的領袖不是最渴望地位的人，而是那些有果子可結、卻不急著被看見的人。天父看動機。,橄欖樹回答說：我豈肯止住供奉神和尊重人的油，飄颻在眾樹之上呢？《士師記9:9》
07士師記第10章,悔改,天父在你真實回轉後擔憂你所受的苦,你是否曾在多次反複犯錯、反複悔改之後，覺得神一定累了，不想再理你？以色列人這次惡劣到神說「我不再救你們了，去讓你們所選的神救你們吧」。但以色列人除去外邦神，單單事奉耶和華；「耶和華因以色列人受的苦難，就心中擔憂。」神在你的苦難中是有感受的，祂的心因你所受的苦而動。回轉，還是有意義的。,以色列人就除掉他們中間的外邦神，事奉耶和華。耶和華因以色列人受的苦難，就心中擔憂。《士師記10:16》
07士師記第11章,信仰,天父在你被人拒絕的傷痛中仍有為你預備的計畫,你是否曾因出身、過去、或別人的拒絕，覺得神的計畫不可能包括你？耶弗他是妓女的兒子，被家族驅逐，成了社會邊緣人。但神揀選了他，使他成為以色列的士師。神的揀選不看你從哪裡來，也不看別人如何定義你。天父的計畫比別人對你的標籤更大、更高、更遠。你的過去不是你的限制，那是神要顯出大能的地方。,以色列人呼求耶和華的時候，耶和華就為他們興起一位拯救者救他們，就是……耶弗他。《士師記11:29（節略）》
07士師記第12章,品格,天父希望你在群體的得勝中學習喜悅而非嫉妒,你是否曾在別人的成功中感到嫉妒，而不是喜樂？以法蓮人因為沒有被邀請參與得勝，嫉妒和驕傲使他們攻擊弟兄，釀成四萬二千人的悲劇。同一個群體中的嫉妒，往往比外敵更具破壞力。天父希望你在弟兄姐妹的得勝中感到喜樂，因為他們的得勝也是你的得勝——我們都是一個身體。,以法蓮人聚集……對耶弗他說：你去與亞捫人爭戰，為甚麼沒有招我們同去呢？《士師記12:1》
07士師記第13章,信仰,天父在你還沒有呼求的時候已開始為你預備,你是否曾想過，天父有時在你還沒有開口求之前，就已經為你的困境準備了解答？以色列人這次沒有呼求神，仍在非利士人的轄制中麻木地生活。但神主動差遣天使向瑪挪亞的妻子顯現，宣告拯救者的誕生。天父不是只在你呼求時才動工，祂有時在你還渾然不知的時候，已默默為你預備了出路。,你必懷孕生一個兒子，不可用剃頭刀剃他的頭，因為這孩子一出胎就歸神作拿細耳人。他必起首拯救以色列人脫離非利士人的手。《士師記13:5》
07士師記第14章,信仰,天父能把你的錯誤編織進祂更大的計畫,你是否曾因自己的某個糟糕的決定，以為整個人生計畫都毀了？參孫娶非利士女子，明顯不合神的理想；但聖經說「他的父母不知道，這事是出於耶和華，因為祂找機會攻擊非利士人」。這不是說我們可以任意犯罪，而是說神的主權廣大到可以把我們的錯誤也編織進祂的計畫。天父的計畫比你的失敗更大。,他的父母卻不知道這事是出於耶和華，因為他找機會攻擊非利士人。《士師記14:4》
07士師記第15章,禱告,天父在你最疲憊口渴的時候聽見你的呼求,你是否曾在精力耗盡之後，才想起開口向神呼求，又覺得「現在才求是不是太晚了」？參孫大勝之後「甚覺口渴」，這才求告耶和華：「你既藉僕人的手施行這麼大的拯救，豈可任我渴死？」神就使石頭裂開，有水湧出。天父不計較你是在最好的狀態還是最糟的狀態才來找祂，祂的水泉在你最渴的時候仍然湧出。,參孫甚覺口渴，就求告耶和華說：你既藉僕人的手施行這麼大的拯救，豈可任我渴死？神就使利希的窪處裂開，有水從其中湧出來。《士師記15:18-19》
07士師記第16章,悔改,天父在你軟弱的最後一次呼求中仍然回應,你是否曾覺得自己已經失去得太多，連向神呼求也感到羞愧？參孫眼睛被剜、成了囚奴，一切榮耀都已消失。但他在最後的時刻呼求：「主耶和華啊，求你眷念我。神啊，求你賜我這一次的力量。」神回應了。在人生最低谷的一聲呼求，天父也在聽。你現在所在的地方，不管多低，都不是太低到神聽不見的地方。,參孫求告耶和華說：主耶和華啊，求你眷念我。神啊，求你賜我這一次的力量。《士師記16:28》
07士師記第17章,信仰,天父的聖潔不允許你用自創的方式敬拜祂,你是否曾以「我是向神做的」為理由，為一些不合神心意的屬靈行為辯護？米迦和他母親口稱耶和華，卻製造偶像、建私人神堂，以為這是敬拜神的一種方式。神不接受混合的敬拜。天父的聖潔要求以祂啟示的方式來到祂面前，而不是我們覺得「只要有心意就好」的自創形式。敬拜的方式，天父說了算。,那時以色列中沒有王，各人任意而行。《士師記17:6》
07士師記第18章,品格,天父在你面對捷徑誘惑時看見你的選擇,你是否曾在面對一個不誠實的捷徑時，以「效果更好」為由說服自己接受？但支派選擇搶奪別人的神像和祭司，用偷來的「宗教資源」建立自己的敬拜體系。那個神像是偷來的，那個祭司是被引誘離職的，整個體系的根基是不誠實的。天父不在乎那個捷徑看起來多麼有效，祂在乎你是否誠實地走在祂所給的路上。,他們就帶了米迦所雕刻的像，並他所供的祭司，去到拉億安居無慮的民那裡。《士師記18:27（節略）》
07士師記第19章,信仰,天父要你的群體成為保護弱者的地方,你是否曾思考過，你所在的群體有沒有讓最脆弱的人感到安全？基比亞的故事令人心碎——一個旅人求宿，城裡沒有人願意接待；一個女人被凌辱至死，卻沒有人出聲保護。一個失去了神作王的社會，弱者是最先受害的人。天父呼召祂的子民成為弱者的保護者，讓每一個在你群體中最脆弱的人，都能感到被保護、被看見。,他們進入基比亞要在那裡住宿，就坐在城裡的街上，因為無人接他們進家住宿。《士師記19:15》
07士師記第20章,禱告,天父在你禁食等候中賜下得勝的時機,你是否曾在連續失敗之後，繼續回到神面前等候，而不是放棄或自行其是？以色列人在艾城前兩次慘敗，哭號、禁食、獻祭——然後第三次神才說：「你們去吧！明日我必將他們交在你們手中。」得勝的時機不在人的算計裡，而在神的主權中。持續地回到神面前等候，即使在失敗之後，是最有力量的信心行動。,以色列眾人就上到伯特利，坐在耶和華面前哭號，當日禁食直到晚上；又在耶和華面前獻燔祭和平安祭。《士師記20:26》
07士師記第21章,智慧,天父希望你在衝動之前先求問祂的智慧,你是否曾在情緒激動時說出或做出什麼，後來深深後悔？以色列人在義憤下起誓「不嫁女兒給便雅憫人」，事後卻為此懊悔不已，不得不用更多的傷害去彌補這個衝動的誓言。天父的智慧在每一個衝動的決定之前都在等候你，祂說：先來問我。在任何衝動的行動之前的一個停頓、一個禱告，往往能避免長期的遺憾。,那時，以色列中沒有王，各人任意而行。《士師記21:25》
08路得記第01章,信仰,天父在你最空虛的歸途中仍在等候你,你是否曾經歷一段讓你感覺「滿滿出去，空空回來」的人生？拿俄米失去了丈夫和兩個兒子，自己改名叫「瑪拉」（苦）。她覺得神在攻擊她，覺得自己空空的。但在她「空空的」歸回中，有一個路得緊緊跟隨，有一個伯利恆收容她，有一個大麥收割的季節等著她。天父在你最空虛的歸途上，也早已預備了不被你看見的溫柔。,你往那裡去，我也往那裡去；你在那裡住宿，我也在那裡住宿；你的國就是我的國，你的神就是我的神。《路得記1:16》
08路得記第02章,信仰,天父的翅膀是你投靠的地方，也是你的賞賜,你是否曾在離開熟悉的地方、進入一個陌生的環境後，感到孤立無援？路得放棄了故鄉，跟著婆婆來到陌生的以色列，憑信心來拾穗。波阿斯對她說：「你來投靠耶和華以色列神的翅膀下，願你滿得祂的賞賜。」天父的翅膀不只是你的庇護，也是你的賞賜之源。你今天投靠在那翅膀下嗎？,願耶和華照你所行的賞賜你。你來投靠耶和華——以色列神的翅膀下，願你滿得他的賞賜。《路得記2:12》
08路得記第03章,敬拜,天父讓你的良善被看見，成為你的美名,你是否曾擔心自己的委身和良善沒有人看見？波阿斯對路得說：「我本城的人都知道你是個賢德的女子。」路得的品格不是秘密，她的忠心在城裡已有了美名，即使她自己也許不知道。天父讓你的良善被看見，在祂認為合適的時刻，讓合適的人知道。你今天所做的每一件忠心的小事，都在積累一個天父看見的美名。,波阿斯說：女兒啊，現在不要懼怕，凡你所說的，我必照著行；我本城的人都知道你是個賢德的女子。《路得記3:11》
08路得記第04章,品格,天父的救贖計畫透過一個外邦女子的故事延伸到彌賽亞,你是否曾覺得自己的故事太普通，在神的大計畫中無足輕重？路得是外邦女子、是寡婦、是異鄉客，但她的故事以「俄備得是耶西的父，耶西是大衛的父」作結——她的血脈流向了大衛，流向了彌賽亞。天父把每一個忠心的生命都編入祂的救贖大故事中，你的生命不是附注，而是那個故事裡不可缺少的一章。,這俄備得是耶西的父，耶西是大衛的父。《路得記4:17》
09撒母耳記上第01章,禱告,天父聽見你在眼淚中說出的禱告,你是否曾在某個深夜，有一種痛苦沉重到讓你只能哭泣？哈拿「心裡愁苦，就痛痛哭泣，祈禱耶和華」，她向神說出了最深的渴望：「你若垂顧婢女的苦情……賜我一個兒子……」她的禱告沒有精美的措詞，只有眼淚和渴望。天父垂聽了。你最深的哭泣，天父都聽見。那個痛哭的禱告，在祂眼中是最真實的禱告。,萬軍之耶和華啊，你若垂顧婢女的苦情，眷念不忘婢女，賜我一個兒子，我必使他終身歸與耶和華。《撒母耳記上1:11》
09撒母耳記上第02章,信仰,天父把卑微的人從灰塵中抬舉,你是否曾在某個人生的低谷中感覺自己被壓在最底部，看不見出路？哈拿的讚美詩說：「他從灰塵裡抬舉貧寒人，從糞堆中提拔窮乏人，使他們與王子同坐，得著榮耀的座位。」天父是一個翻轉者——不是因為人努力爬上去，而是因為祂把手放在最低的地方，把那裡的人抬起來。你現在在哪裡？那個地方的低，剛好是天父伸手的高度。,他從灰塵裡抬舉貧寒人，從糞堆中提拔窮乏人，使他們與王子同坐，得著榮耀的座位。《撒母耳記上2:8》
09撒母耳記上第03章,信仰,天父在等候一個說「請說，我在敬聽」的心,你是否曾在靈修的時間，心裡充滿了說話給神聽的祈求，卻很少有「請說，我在敬聽」的靜默？撒母耳在黑暗中被神呼喚，最終學會了回答：「請說，僕人敬聽！」不是急著說什麼，而是先靜下來，聽。天父每天都在說話——在祂的話語中、在環境中、在你靈裡的細聲——但你是否常常有一個「敬聽」的心靈空間？,撒母耳回答說：請說，僕人敬聽！《撒母耳記上3:10》
09撒母耳記上第04章,禱告,天父的同在不能被儀式所操控，只能被愛所迎接,你是否曾把某些宗教行為當成「讓神站在我這邊」的工具？以色列人把約櫃搬到戰場，以為聖物的存在就能帶來得勝；但他們的心遠離了神，那個約櫃不能代替真實的關係。天父的同在不是被儀式召喚而來的，而是在真實的相交中所流露的。你今天與天父的關係，是真實的相交，還是宗教的操控？,榮耀離開以色列了！這是因神的約櫃被擄去，又因她公公和丈夫都死了。《撒母耳記上4:21》
09撒母耳記上第05章,服事,天父的榮耀不受任何人或神祇所奪取,你是否曾在某個低潮中，以為神的榮耀因某個失敗而受損了？大袞兩次倒在耶和華的約櫃前，最終破碎——不是因為以色列人在那裡，而是因為神本身的榮耀不允許被任何偶像共享。以色列人戰敗了，但神沒有被擊敗；約櫃被擄了，但神的榮耀不被擄。天父的榮耀是不可奪取的，任何試圖與祂平起平坐的東西，最終都會在祂面前倒下。,次日清早，亞實突人起來，見大袞仆倒在耶和華的約櫃前，臉伏於地。《撒母耳記上5:3》
09撒母耳記上第06章,悔改,天父的主權讓一切的「試驗」都成為祂的見證,你是否曾覺得神需要你的幫助、你的條件、你的設計才能顯出祂的能力？非利士人設下了一個「科學試驗」，用有奶的牛看它們是否違背本能直行——結果牛「一面走一面叫，不偏左右」，直往伯示麥去。神不需要完美的條件才能彰顯大能。天父的榮耀不被人的「試驗設計」所限制，祂的主權在任何條件下都可以顯明。,牛直行大道，往伯示麥去，一面走一面叫，不偏左右。《撒母耳記上6:12》
09撒母耳記上第07章,悔改,天父在你真實悔改後親自為你爭戰,你是否曾以為只要外在行動改變就夠了，而忽略了內心的真實轉向？撒母耳說：「你們若一心歸順耶和華，就要把外邦的神從你們中間除掉，專心歸向耶和華，單單地事奉祂。」百姓除掉偶像、禁食認罪，完全敞開在神面前——然後神大發雷聲，不費一兵一卒地擊潰了敵人。天父在等候的不是更好的表現，而是真實的歸回。,撒母耳將一塊石頭立在米斯巴和善的中間，給石頭起名叫以便以謝，說：「到如今耶和華都幫助我們。」《撒母耳記上7:12》
09撒母耳記上第08章,信仰,天父對你最深的盼望，是你以祂為王,你是否曾在生命某個階段，渴望有一個「看得見、摸得到」的倚靠，而不是看不見的神？以色列人要求立王，理由是「好像列國一樣」。神說：「他們不是厭棄你，乃是厭棄我，不要我作他們的王。」天父最深的盼望不是讓你過得好、事業成功，而是讓你以祂為王——不只是在嘴上，而是在每一個決定、每一個倚靠的選擇上，讓祂真實地作王。,耶和華對撒母耳說：百姓向你說的一切話，你只管依從；因為他們不是厭棄你，乃是厭棄我，不要我作他們的王。《撒母耳記上8:7》
09撒母耳記上第09章,信仰,天父在你最平凡的旅途中早已安排了相遇,你是否曾回頭看，發現一個改變你人生的相遇，其實起因是一件最平常的事？掃羅不過是出門找驢，卻在這趟旅途中遇見了撒母耳，改變了他的整個人生方向。神不需要特別的儀式才能改變你的人生，祂就在你最普通的週一早晨、最平凡的旅途中，安排了一個你還不知道的相遇。天父的預備往往比你的計畫早。,當那日，耶和華啟示撒母耳說：明日這時，我要使一個人從便雅憫地來到你這裡，你要膏他作我民以色列的領袖。《撒母耳記上9:16》
09撒母耳記上第10章,智慧,天父的呼召讓你變為新人,你是否曾以為神只要你「盡力發揮現有的條件」，而不是真的讓你改變？撒母耳告訴掃羅：「耶和華的靈必大大感動你……你要變為新人。」不是稍微調整，而是「變為新人」。神的呼召不只是給你一個任務，而是讓你成為一個不同的人——「神賜他一個新心」。天父的同在改變人，不是一點點的改善，而是從裡到外的更新。,耶和華的靈必大大感動你，你就與他們一同受感說話；你要變為新人。《撒母耳記上10:6》
09撒母耳記上第11章,未來,天父的靈讓原本膽怯的人能夠採取行動,你是否曾在面對需要行動的時刻，因為恐懼而猶豫不決？掃羅在此之前躲在器具中，需要人找才出來。但當「神的靈大大感動他」，他立刻採取行動，召集大軍、策劃出戰，帶領百姓得了大勝。聖靈不只賜安慰，也賜勇氣和行動的能力。天父可以把一個躲起來的人，變成一個衝鋒陷陣的領袖——只要祂的靈在那人身上。,掃羅聽見這話，就被神的靈大大感動，甚是發怒。《撒母耳記上11:6》
09撒母耳記上第12章,品格,天父看見你為別人代求不停止的忠心,你是否曾覺得代禱是可有可無的，或者在別人讓你失望之後，就停止了為他們禱告？撒母耳說：「至於我，斷不停止為你們禱告，以致得罪耶和華。」即使百姓選擇了一個不合神心意的方向，即使他們拒絕了他多年的帶領，撒母耳仍說：我不會停止為你們禱告。天父看見那個不停止的代禱。你是否也有這樣一個「不停止」的代禱對象？,至於我，斷不停止為你們禱告，以致得罪耶和華。我必以善道正路指教你們。《撒母耳記上12:23》
09撒母耳記上第13章,信仰,天父看見你在壓力下是否仍等候祂的時間,你是否曾在緊迫的環境中，等不及神的時間，自己先動手解決，結果反而壞了事？掃羅在軍隊渙散、撒母耳遲遲未到的壓力下，自行獻祭——那個「不得已」的決定，成了他王朝終結的起點。天父的時間有時在最後一刻才顯現，那個最後一刻之前的等候，是信心最深刻的考驗。你現在是否正在某個「差一點就等不住」的地方？,撒母耳對掃羅說：你做了糊塗事了，沒有遵守耶和華你神所吩咐你的命令。《撒母耳記上13:13》
09撒母耳記上第14章,信仰,天父使人得勝不在乎人多人少,你是否曾因為自己的力量太小、人手太少、資源不夠，而不敢邁出信心的步伐？約拿單和一個拿兵器的人，準備挑戰非利士人的整個防守軍，他說：「耶和華使人得勝，不在乎人多人少。」那場戰役以色列大勝。天父的得勝邏輯從來不是以數量計算的，而是以信心計算的。你的少，在祂手中從不是問題。,約拿單對拿兵器的少年人說：我們不如過到未受割禮人的防營那裡去，或者耶和華為我們施展能力；因為耶和華使人得勝，不在乎人多人少。《撒母耳記上14:6》
09撒母耳記上第15章,奉獻,天父看見你是否在壓力下打了折扣,你是否曾告訴自己「大部分都照神說的做了」，卻在某些地方按自己的判斷做了調整？掃羅殺了亞瑪力人的大多數，留下了最好的牛羊「獻祭給耶和華」——聽起來合理，神卻說這是完全的不順服。撒母耳說：「聽命勝於獻祭，順從勝於公羊的脂油。」天父不要你用美麗的外袍來掩蓋半途的順服，祂要的就是你照著祂說的去做。,撒母耳說：耶和華喜悅燔祭和平安祭，豈如喜悅人聽從他的話呢？聽命勝於獻祭；順從勝於公羊的脂油。《撒母耳記上15:22》
09撒母耳記上第16章,家庭,天父看見你內心，不看你的外表條件,你是否曾覺得某人「看起來很有領袖樣」，或者覺得自己沒有那個外表、那個條件，所以不可能被神重用？撒母耳看見以利押就心動了，神卻說：「我已厭棄他了。人是看外貌，耶和華是看內心。」大衛在羊圈裡牧羊，是家裡最小的，卻是神要的那個人。天父從不按外貌評判你，祂看的是你的心。,耶和華卻對撒母耳說：不要看他的外貌和他身材高大，我已經厭棄他了。因為，耶和華不像人看人：人是看外貌；耶和華是看內心。《撒母耳記上16:7》
09撒母耳記上第17章,領袖,天父在你過去的經歷中已為你預備了面對巨人的信心,你是否曾覺得某個挑戰大到讓你完全沒有把握？大衛不是空口說信心，他說：「耶和華救我脫離獅子和熊的爪，也必救我脫離這非利士人的手。」那些沒有人看見的曠野經歷，成了他面對歌利亞時最真實的信心根基。天父在你過去每一個祂曾幫助你的時刻，都是在為你下一個「歌利亞」積累信心資本。回頭看，祂帶過你幾次了？,大衛又說：耶和華救我脫離獅子和熊的爪，也必救我脫離這非利士人的手。《撒母耳記上17:37》
09撒母耳記上第18章,品格,天父希望你在別人的得勝中學習喜樂,你是否曾因為別人被稱讚、被重用，心裡有一種難以言說的不舒服？掃羅聽見「大衛萬萬」就怒視大衛，從此疑神疑鬼。嫉妒讓他把一個忠心的夥伴看成了威脅。天父在你的心裡看見那個暗暗的比較，祂也看見你的獨特——你的位置是別人取代不了的，別人的得勝也不能奪走神為你預備的份。今天，你可以為別人的成功真心喜樂嗎？,約拿單的心與大衛的心深相契合。約拿單愛大衛，如同愛自己的性命。《撒母耳記上18:1》
09撒母耳記上第19章,信仰,天父透過意想不到的方式保護你,你是否曾在危急中，事後才發現有人為你說話、有人為你開門、甚至有意外的事阻擋了傷害你的力量？大衛的保護來自約拿單的說情、米甲的幫助、撒母耳的同在，甚至聖靈親自降在追殺他的人身上。天父不只用一個方法保護你，祂有無數種方式為你預備出路。那些你以為是「巧合」的護衛，很可能正是祂的手。,約拿單向他父親掃羅替大衛說好話…《撒母耳記上19:4》
09撒母耳記上第20章,品格,天父讓真實的友誼超越個人利益的計算,你是否曾有一個朋友，在你最危難的時候，為你付出了個人代價？約拿單知道大衛將取代自己成為王，卻仍說「你心裡所求的，我必為你成就」，用箭矢傳遞警告，與大衛痛哭道別。那種愛不是基於利益，而是基於對神心意的順服。天父也這樣愛你——不是因為你能給祂什麼，而是因為祂揀選了你。你有這樣的朋友嗎？你是這樣的朋友嗎？,約拿單因愛大衛如同愛自己的性命，就使他再起誓。《撒母耳記上20:17》
09撒母耳記上第21章,信仰,天父的保護不因你的軟弱和錯誤而完全消失,你是否曾在恐懼中說了謊、做了不誠實的事，事後後悔卻不知道神是否還看顧你？大衛在逃亡中對祭司說謊，在迦特裝瘋——那不是他最光彩的時刻。然而神仍然帶領他出了那個處境。這不是說謊沒有代價，而是說天父的憐憫比你的最糟糕時刻更大。祂的恩典不因你的軟弱而終止，祂仍在那裡。,祭司就拿聖餅給他；因為在那裡沒有別樣餅，只有更換新餅，從耶和華面前撤下來的陳設餅。《撒母耳記上21:6》
09撒母耳記上第22章,信仰,天父在你最破碎的地方聚集祂的人,你是否曾覺得自己「太破碎、太麻煩、太不完整」，不可能在神的計畫中有什麼意義？大衛的團隊從哪裡來的？「凡受窘迫的、欠債的、心裡苦惱的都聚集到大衛那裡。」神從社會的邊緣人中，建立了日後的精兵。你的破碎不是被神排除在外的理由，而是天父往往最願意工作的地方。你在哪裡，祂就在那裡聚集祂的人。,凡受窘迫的、欠債的、心裡苦惱的都聚集到大衛那裡；大衛就作他們的頭目，跟隨他的約有四百人。《撒母耳記上22:2》
09撒母耳記上第23章,禱告,天父在你每一個重大決定前都等候你來求問,你是否曾在事情看似清楚的時候，直接行動而跳過了向神求問這個步驟？大衛在本章多次求問神：去不去、追不追、會不會被出賣——每次神都給了清楚的回應。天父不是要你在每件事上都等三天，但在重要的決定面前，停下來問祂「主，你怎麼看？」——那個多出來的停頓，往往是最值得的投資。,大衛求問耶和華說：「我去攻打那些非利士人可以不可以？」耶和華對大衛說：「你可以去攻打非利士人，拯救基伊拉。」《撒母耳記上23:2》
09撒母耳記上第24章,品格,天父看見你在有能力報復時選擇克制,你是否曾有機會「扳回一城」，卻選擇了克制，因為你知道神是審判者？大衛在洞裡割下掃羅的衣角，「心裡自責」，說：「我在耶和華面前萬不敢伸手害他，因他是耶和華的受膏者。」有能力報復卻不報復，不是懦弱，而是把審判交在神手裡。天父看見你的克制，那是比報復更有力量的行動。,大衛說：我的主乃是耶和華的受膏者，我在耶和華面前萬不敢伸手害他，因他是耶和華的受膏者。《撒母耳記上24:6》
09撒母耳記上第25章,智慧,天父有時透過一個智慧的人攔住你衝動的腳步,你是否曾在憤怒中準備採取行動，後來因某人的一句話而停下來，事後感恩那個停頓？大衛在盛怒中準備滅拿八全家，亞比該迎面而來，謙卑進言，讓大衛看見報復的後果。大衛說：「你今日攔阻我親手報仇、流人的血，耶和華是應當稱頌的！」天父有時把一個有智慧的人放在你衝動的路上。你今天身邊有這樣的人嗎？你願意聽嗎？,大衛對亞比該說：耶和華以色列的神是應當稱頌的，因為他今日使你來迎接我……你今日攔阻我親手報仇、流人的血。《撒母耳記上25:32-33》
09撒母耳記上第26章,品格,天父在你一再重複的試探中看見你真實的品格,你是否曾對某個試探「只是這一次」地讓步，以為是特例，其實已經成了習慣？大衛第二次有機會殺掃羅，再次選擇不動手，說：「耶和華必照各人的公義誠實報應他。」真正的品格不是偶爾好的那一次，而是在同樣的機會一再出現時，仍然做出同樣的選擇。天父看見的不只是你最好的一次，而是你一貫的選擇。,今日耶和華將王交在我手裡，我卻不肯伸手害耶和華的受膏者。耶和華必照各人的公義誠實報應他。《撒母耳記上26:23》
09撒母耳記上第27章,信仰,天父在你最疲憊時提醒你不要忘記過去的拯救,你是否曾在長期的壓力下，開始說「反正遲早……」的話，不再相信神能保護你？大衛在逃亡多年後說：「必有一日我死在掃羅手裡」——他忘了獅子、熊、歌利亞，忘了洞裡的一次又一次保護。疲憊讓人失去記憶力。天父沒有改變，祂帶你過來的那個能力，今天仍然在。不要在最疲憊的時候做出最重要的結論。,大衛心裡說：「必有一日我死在掃羅手裡，不如逃奔非利士地去。」《撒母耳記上27:1》
09撒母耳記上第28章,信仰,天父的沉默是與神關係破裂後最深的警告,你是否曾感受到一種「神好像不回應我了」的屬靈荒涼感？掃羅「求問耶和華，耶和華卻不藉夢，或烏陵，或先知回答他」——那種沉默比任何失敗都更可怕。他的悲劇不是敵人太強，而是與神的關係斷絕了。天父沉默的時候，是最緊迫的邀請：回頭，回到那條本來的路上。還能感受到神的呼召，就是還有機會。,掃羅求問耶和華，耶和華卻不藉夢，或烏陵，或先知回答他。《撒母耳記上28:6》
09撒母耳記上第29章,財務,天父在你走投無路的時候開出你意想不到的出路,你是否曾陷入一個左右都是絕路的困境，以為這次真的完了？大衛夾在非利士人和以色列人之間進退兩難，神卻用非利士首領的疑慮解開了這個死局——沒有大衛的任何行動，就這樣被解開了。天父不需要你有足夠的資源才能為你開路，祂甚至能用敵人的猜疑來保護你。走投無路，是天父最愛工作的地方。,非利士人的首領說：「你要叫這人回去，不可叫他同我們出戰，恐怕他在陣上反為我們的敵人。」《撒母耳記上29:4》
09撒母耳記上第30章,敬拜,天父讓你在眾叛親離時仍能靠祂堅固,你是否曾在最需要支持的時候，發現連身邊的人也轉過來反對你？大衛的城被燒，妻兒被擄，眾人說要用石頭打死他——「大衛卻倚靠耶和華他的神，心裡堅固」，然後他求問神，追上去，「都救得回來」。那個靠著神心裡堅固的動作，是在最深的黑暗中點燃的燈。天父是你在眾叛親離時唯一不會離開的那一位。,大衛甚是焦急……大衛卻倚靠耶和華他的神，心裡堅固。《撒母耳記上30:6》
09撒母耳記上第31章,品格,天父要你從掃羅的悲劇中學習忠心到底,你是否曾想過，一個曾被神揀選的人，如何一步步走到這麼悲劇的結局？掃羅的死不是一夜之間發生的——是一次次小的不順服、一次次選擇面子而非悔改，最終積累成無法挽回的終局。天父不想讓你的故事走到那裡。每一個今天的選擇，都在寫明天的結局。趁著還有機會，讓天父的話重新成為你生命的方向。,掃羅就自己伏在刀上死了。《撒母耳記上31:4》
10撒母耳記下第01章,品格,天父看見你在仇敵倒下時是否仍保持敬畏,你是否曾在一個傷害過你的人遭遇失敗時，心裡有一絲解氣的快感？大衛聽見掃羅死訊，沒有鬆一口氣，而是「撕裂衣服，悲哀哭號，禁食」，甚至處死那個自稱殺了掃羅的人。他的悲哀不是表演，而是真實的——因為他尊重的是神的受膏者，不是個人恩仇。天父看見你在敵人倒下時的反應，那個反應顯示你真正的品格。,大衛就撕裂衣服，跟隨他的人也是如此，而且悲哀哭號，禁食到晚上，是因掃羅和他兒子約拿單……倒在刀下。《撒母耳記下1:11-12》
10撒母耳記下第02章,信仰,天父在每個重大決定前邀請你先求問祂,你是否曾在一個明顯的機會面前，直接行動，而沒有先停下來問神？大衛即使已知道自己將作王，仍然「問耶和華說：我上猶大的一個城去可以嗎？」然後又問「上哪一個城？」這是一個已被應許的人，仍然謙卑求問細節。天父喜悅你把每個決定帶到祂面前，不是只在不確定時才問，而是在每一步都問。,此後，大衛問耶和華說：我上猶大的一個城去可以嗎？耶和華說：可以。《撒母耳記下2:1》
10撒母耳記下第03章,信仰,天父讓你日漸強盛不在乎人的手段，在乎祂的同在,你是否曾在人生某個競爭的場合，為了得到更多而想用一些人的手段去加速？掃羅家日漸衰弱，大衛家日漸強盛——聖經只給了一個解釋：「耶和華萬軍之神與他同在」。不是大衛更聰明，不是手段更高明，而是神的同在。天父的同在才是你最大的競爭力。追求神的同在，比追求任何策略都更有效。,大衛家日見強盛；掃羅家日見衰弱。《撒母耳記下3:1》
10撒母耳記下第04章,品格,天父不悅納用不義手段換來的成功,你是否曾看見一個用不正當手段達到目標的人，心裡有一種「這樣也能成功」的疑惑？利甲和巴拿殺了伊施波設，以為這是為大衛效勞，卻得到的是處死。大衛說：「何況惡人將義人殺在床上，我豈不向你們討流他血的罪？」天父看結果，也看過程。用不義的手段換來的成功，在祂面前不算成功。,他說：何況惡人將義人殺在他的床上，我豈不向你們討流他血的罪、從世上除滅你們呢？《撒母耳記下4:11》
10撒母耳記下第05章,信仰,天父的同在讓你日漸強盛——這是唯一的祕訣,你是否曾想過，大衛從一個牧羊人到以色列全國之王的整個旅程，有什麼共同的解釋？聖經說：「大衛日見強盛，因為耶和華萬軍之神與他同在。」不是天才，不是好運，不是政治手腕——就是神的同在。今天天父也以同樣的同在在你身邊，不是要讓你偉大，而是要讓你成為祂所使用的人。,大衛日見強盛，因為耶和華萬軍之神與他同在。《撒母耳記下5:10》
10撒母耳記下第06章,敬拜,天父值得你在人前無保留地表達對祂的喜樂,你是否曾在公開場合壓抑對神的喜樂，因為怕被人覺得奇怪或失去尊嚴？大衛「在耶和華面前極力跳舞」，米甲輕視他，他卻說：「我必在耶和華面前踴躍跳舞。」他寧可在神面前失去尊嚴，也不願在神面前裝出一副矜持。天父值得你最真實的喜樂表達，那個喜樂不需要任何人的認可。,大衛穿著細麻布的以弗得，在耶和華面前極力跳舞。《撒母耳記下6:14》
10撒母耳記下第07章,信仰,天父看見你愛祂的心，賜下比你請求更大的應許,你是否曾想為神做一件大事，卻被祂說「不用你來做」？大衛想建殿，神說不，卻反過來宣告了那個偉大的大衛之約——「你的國位也必堅定，直到永遠」。神看見大衛心裡愛祂的動機，雖然拒絕了他的計畫，卻賜下比計畫更大的應許。天父有時說「這個不用你做」，卻悄悄開了一扇更大的門。,我必使你的後裔接續你的位；我也必堅定他的國。你的國位也必堅定，直到永遠。《撒母耳記下7:12、16》
10撒母耳記下第08章,信仰,天父讓你得勝是為讓你把榮耀歸回給祂,你是否曾在成功之後，習慣性地把功勞歸給自己的努力、策略或天賦？大衛「無論往哪裡去，耶和華都使他得勝」，然後他「將所得來的金銀都分別為聖，獻給耶和華」。得勝與奉獻是連在一起的——因為知道得勝是神賜的，所以把第一份歸還給神。天父每一次讓你得勝，都在邀請你把榮耀帶回給祂。,大衛無論往哪裡去，耶和華都使他得勝。《撒母耳記下8:6》
10撒母耳記下第09章,品格,天父主動尋找可以施恩的人，你也是祂尋找的對象,你是否曾在生命中某個低谷，覺得沒有人記得你、沒有人主動來找你？大衛主動問：「掃羅家還有剩下的人沒有？我要向他施恩。」米非波設是一個跛腳的人，藏在偏遠的地方，完全沒有資格期待王的恩寵——但王找到了他。天父今天也是這樣主動的：祂在尋找可以向你施恩的機會。你是被尋找的那個人。,大衛問說：掃羅家還有剩下的人沒有？我要因約拿單的緣故向他施恩。《撒母耳記下9:1》
10撒母耳記下第10章,智慧,天父希望你在接受善意前先求明白動機,你是否曾因為別人惡意的猜疑，把一份好意曲解成陰謀？哈嫩聽信謀士的話，把大衛的弔唁使者當成間諜，結果引發了不必要的戰爭。猜疑比任何謊言都更能摧毀關係。天父希望你在關係中先存善意，「以愛心相信一切」，不要讓不信任把一份好意變成衝突的起點。,我們都當剛強，為本國的民和神的城邑作大丈夫。願耶和華憑祂的意旨而行！《撒母耳記下10:12》
10撒母耳記下第11章,悔改,天父看見你在私下所做的事，那是祂最在乎的,你是否曾以為「這件事沒有人知道」就沒有關係？大衛的罪一開始都是在私下的——春夜的眼神、私下的召喚、秘密的謀殺。沒有人知道，直到先知拿單來。「但大衛所行的這事，耶和華甚不喜悅。」天父看見每一個沒有人在場的選擇，那些選擇才是你真正的品格。祂在等待你在沒有人看見時仍然選擇正直。,但大衛所行的這事，耶和華甚不喜悅。《撒母耳記下11:27》
10撒母耳記下第12章,悔改,天父讓拿單的話觸動大衛，也讓真理觸動你,你是否曾對別人的罪感到憤怒，卻對自己同樣的問題視而不見？拿單說了一個故事，大衛怒了，拿單說：「你就是那人！」一句話讓大衛看見鏡子裡的自己。大衛的回應只有一句：「我得罪耶和華了。」沒有藉口，沒有解釋，只有承認。天父今天也透過祂的話語向你說話，那句話可能讓你不舒服。你願意說「我得罪祢了」嗎？,拿單對大衛說：你就是那人！……大衛對拿單說：我得罪耶和華了！《撒母耳記下12:7、13》
10撒母耳記下第13章,家庭,天父呼召父母在家中維護每一個孩子的尊嚴,你是否曾在家庭中有某件事發生，卻因為「不好處理」而選擇沉默？大衛聽見暗嫩強姦他瑪，「甚發怒」，卻什麼也沒做——那個沉默種下了押沙龍仇恨和殺戮的種子。天父把孩子交在父母手中，也期待父母站出來保護和維護正義。家庭中的不公義若被沉默掩蓋，往往帶來更深的傷。,大衛王聽見這事，就甚發怒。《撒母耳記下13:21》
10撒母耳記下第14章,信仰,天父渴望你完全歸回，而不是半途的和好,你是否曾在某段關係中，口頭說了和好，卻在心裡保留了一道不願真正打開的牆？大衛讓押沙龍回來，卻說「不要見我的面」——那種半途的接納，讓押沙龍感到更深的被拒絕，反而埋下叛亂的根。真正的饒恕是恢復關係，不只是停止追究。天父對你的接納是完全的——祂不只停止追究，祂「跑來擁抱」你。,神並不奪取人的性命，乃設法使逃亡的人不致成為趕出、回不來的。《撒母耳記下14:14》
10撒母耳記下第15章,信仰,天父讓你在顛覆中學習把主權交在祂手裡,你是否曾在一個失控的局面中，硬要保持掌控，越拉越緊？大衛在押沙龍篡位時說：「我在這裡，願他憑自己的意旨待我——神必將約櫃帶回，我必看見。」他把結果交給神，不硬守耶路撒冷，選擇逃離，等候神的時間。天父有時讓你手裡什麼都抓不住，是為了讓你把唯一真實的東西——祂的手——重新握住。,王對撒督說：倘若他說：我不喜悅你，看哪，我在這裡，願他憑自己的意旨待我！《撒母耳記下15:26》
10撒母耳記下第16章,禱告,天父在你被惡言咒詛時是你的公義審判者,你是否曾被人說了不公平的話、被人詆毀或辱罵，內心充滿憤怒，不知道如何回應？示每向大衛扔石頭、口出惡言。大衛說：「或者耶和華看見我今日的苦情，為我今日被他咒詛的事，以善報我。」他沒有反擊，而是把審判交給神，相信神看見了。天父是公義的鑑察者，祂看見你所受的每一個不公平的對待。,王說：他咒罵是因耶和華吩咐他說：你要咒罵大衛。如此，誰敢說你為什麼這樣行呢？《撒母耳記下16:10》
10撒母耳記下第17章,服事,天父掌管人的謀算，讓壞的計謀不能成事,你是否曾面對一個明顯的威脅，感覺對方的計謀太周密、你毫無招架之力？亞希多弗的計謀「本是良策」，押沙龍照做幾乎必勝。但「耶和華定意破壞亞希多弗的良謀，為要降禍與押沙龍」——神讓好的計謀失效，讓荒唐的建議被採納。天父不只是在好事發生時站在你身邊，祂也在你最不知情時攔截針對你的謀算。,這是因耶和華定意破壞亞希多弗的良謀，為要降禍與押沙龍。《撒母耳記下17:14》
10撒母耳記下第18章,悔改,天父的公義必然成就，即使是在你最愛的人身上,你是否曾因為愛某人，而在心裡希望神不要讓他承受罪的後果？大衛一再囑咐要寬待押沙龍，但押沙龍仍死在橡樹上，死在他最驕傲的頭髮裡。大衛的父愛是真實的，神的公義也是真實的。天父不是殘酷的，但祂的公義最終必然成就。對你所愛的人最深的愛，是帶他們回到真理面前，而不是保護他們免於真理的後果。,王就心裡傷慟，上城門樓去哀哭，一面走一面說：我兒押沙龍啊！我兒，我兒押沙龍啊！我恨不得替你死。《撒母耳記下18:33》
10撒母耳記下第19章,領袖,天父呼召你在情感與責任之間找到平衡,你是否曾在個人的悲傷中，忘記了你對周圍人的責任？大衛在押沙龍的死訊中悲慟不能自已，約押直言說：「你今日使你一切僕人臉面慚愧了。」個人的情感是真實的，但領袖的責任不能因情感而完全停止。天父給了你感受情感的心，也給了你對他人的責任——那兩者需要在祂的智慧中找到平衡。,約押說：你今日使你一切僕人臉面慚愧了！他們今日救了你的性命，你卻愛那恨你的人，恨那愛你的人。《撒母耳記下19:5》
10撒母耳記下第20章,智慧,天父讓一個有智慧的人用話語化解了一場流血,你是否曾在一個緊繃的局面中，想著「這只能靠武力解決了」？亞伯城面對圍攻，一個「有智慧的婦人」出來說話，用一個割下的頭顱換來了全城的和平。她沒有武器，只有話語和智慧。天父把智慧放在人身上，使話語可以化解本需要流血的僵局。在你今天面對的衝突中，有沒有一個「智慧的話語」的空間？,婦人就憑她的智慧去勸眾人。他們便割下比基利的兒子示巴的首級，丟給約押。《撒母耳記下20:22》
10撒母耳記下第21章,信仰,天父記念你所立的每一個約，也要你記念,你是否曾以為「年代那麼久遠的事，神應該不計較了吧」？這場饑荒的原因是四百年前以色列人向基遍人所立的約被掃羅違背了——神沒有忘記。神是守約的神，祂也要祂的子民守約。你曾經對神、對人立下的承諾，天父都記念。那些諾言不因時間的流逝而自動消失。,耶和華說：這饑荒是因掃羅和他流人血之家殺死基遍人。《撒母耳記下21:1》
10撒母耳記下第22章,敬拜,天父是你在任何危機中可以投靠的磐石,你是否曾在人生某個震動的時刻，感覺腳下沒有可以站立的地方？大衛用了一串比喻描述神：「磐石、山寨、救主、盾牌、高臺、避難所」——每一個都是他在真實危機中親身體驗過的神。那不是詩人的浪漫，而是見過神在患難中如何工作的人的見證。天父今天仍是同一位磐石，你腳下的地基從來沒有動搖過。,耶和華是我的巖石，我的山寨，我的救主，我的神，我的磐石，我所投靠的。《撒母耳記下22:2-3》
10撒母耳記下第23章,領袖,天父要你的領導以敬畏祂為根基,你是否曾在某個領袖的位置上，想過自己的領導究竟對別人有什麼影響？大衛說：「那以公義治理人民的，敬畏神執掌權柄，他必像日出的晨光，如無雲的清晨。」敬畏神的領袖帶來的是光，是生命，是讓人在他治下的土地上能生長。天父在你身邊的人的眼中，你是帶來晨光的人，還是帶來陰影的人？,那以公義治理人民的，敬畏神執掌權柄，他必像日出的晨光，如無雲的清晨，雨後的晴光，使地發生嫩草。《撒母耳記下23:3-4》
10撒母耳記下第24章,悔改,天父在你的驕傲顯露後仍為你預備了悔改的途徑,你是否曾在某個驕傲自大的決定之後，後悔不已，不知道如何補救？大衛數點百姓，驕傲於自己的力量，事後「心中自責」，向神認罪：「我行這事大有罪了。耶和華啊，求你除掉僕人的罪孽！」先知帶來了三個選項，大衛說：「寧可落在耶和華手裡，因為他有豐盛的憐憫。」天父在你的驕傲之後，仍然設計了一條回轉的路。,大衛對甲得說：我甚為難。我願落在耶和華手裡，因為他有豐盛的憐憫。《撒母耳記下24:14》
11列王紀上第01章,信仰,天父的揀選是你最穩固的根基，不是自我宣告,你是否曾試圖靠自己的努力或宣告來「爭取」一個你渴望的位置？亞多尼雅「自尊，說：我必作王」，自備車馬，廣邀支持者——但他所缺少的，正是神的揀選。所羅門甚至沒有爭，卻在神和父親的應許中登基。天父給你的位置不需要你靠自我宣告來確保，祂的揀選是你最穩固的根基。,哈及的兒子亞多尼雅自尊，說：我必作王，就為自己預備車輛、馬兵。《列王紀上1:5》
11列王紀上第02章,信仰,天父要你在每一步上都緊守祂的話語,你是否曾在人生的某個關口，覺得只要成功、只要安全就夠了，而暫時把神的話語放到一邊？大衛臨終給所羅門最重要的遺言不是政治策略，而是：「遵守耶和華你神所吩咐的……你無論作甚麼事，不拘往何處去，盡都亨通。」長期服事神的人留下的遺言是：祂的話語才是一切亨通的根基。天父的話是你每一步的保障。,遵守耶和華你神所吩咐的……你無論作甚麼事，不拘往何處去，盡都亨通。《列王紀上2:3》
11列王紀上第03章,智慧,天父在你謙卑認識自己的有限時賜下超越的智慧,你是否曾因不知道怎麼辦而感到羞愧，而不是因此謙卑地求神？所羅門說：「我是幼童，不知道應當怎樣出入……求你賜我智慧，可以判斷你的民。」神說：「你既然求這事……我就應允你所求的。」謙卑地承認「我不知道」，然後轉向神——那是一切智慧的起點。天父在等候你說「我需要你的智慧」。,求你賜我智慧，可以判斷你的民，能辨別是非。《列王紀上3:9》
11列王紀上第04章,信仰,天父的祝福涵蓋你生命的每一個層面,你是否曾以為信仰只管靈魂得救，其他的生活都是「世俗的事」，與神無關？所羅門時代，百姓「吃喝快樂」，各人「在自己的葡萄樹下和無花果樹下安然居住」，神賜「極大的智慧聰明和廣大的心」——物質的安穩、社會的平和、心智的豐盛，都在神的祝福之中。天父是全人的神，祂的恩典滲透你生命的每一個角落。,神賜給所羅門極大的智慧聰明和廣大的心，如同海沙不可測量。《列王紀上4:29》
11列王紀上第05章,服事,天父給你平安的時期，是為讓你完成祂的工程,你是否曾在一個相對平靜的人生階段，只是安於現狀，而沒有思考神是否在呼召你做什麼？所羅門說：「現在耶和華我的神使我四圍平安……我定意要為耶和華我神的名建殿。」天父給你平靜的季節，不只是讓你休息，也是讓你建造——在信仰、在家庭、在事奉上做那些需要穩定環境才能做的事。,現在耶和華我的神使我四圍平安，沒有仇敵，沒有災禍。我定意要為耶和華我神的名建殿。《列王紀上5:4-5》
11列王紀上第06章,信仰,天父住在你心中比住在任何殿宇更重要,你是否曾把信仰放在建造美麗的外在形式上，卻忽略了最核心的一個問題：你是否與神同在？神在建殿過程中說：「你若遵行我的律例……我必住在以色列人中間，並不丟棄我民以色列。」殿可以建得多壯麗，但神的同在是有條件的——祂住在順服的生命中。天父要住的地方，是你的心，而不只是你的教堂。,你若遵行我的律例，謹守我的典章，遵從我的一切誡命，我必住在以色列人中間，並不丟棄我民以色列。《列王紀上6:12-13》
11列王紀上第07章,服事,天父裝備了不同的人用不同的才能建造同一個工程,你是否曾因自己的才能與別人不同，而覺得在神的計畫中找不到自己的位置？戶蘭滿有銅作的智慧和技能；所羅門有治國的智慧；無名的工匠各有一技之長——這些人一起建成了聖殿。天父把不同的恩賜放在不同的人身上，為的是合力成就一個更大的工程。你的才能正是那個工程中不可缺少的一塊。,戶蘭滿有智慧、聰明、技能，善於各樣銅作。他來到所羅門王那裏，作王一切所要作的。《列王紀上7:14》
11列王紀上第08章,禱告,天父的眼和心在等候你帶著每一個需要轉向他,你是否曾有一種需要、一份擔憂、一個困境，卻沒有轉向神禱告，而是靠自己扛著？所羅門在奉獻聖殿的禱告中一再說：「他們若……向你禱告，求你在天上……垂聽他們的禱告。」神為你在天上設了一個「垂聽」的位置，祂的眼和心常在那裡。天父不只是在你呼求時才轉頭，祂一直在那裡等待你的轉向。,神果真住在地上麼？看哪，天和天上的天尚且不足你居住的，何況我所建的這殿呢？《列王紀上8:27》
11列王紀上第09章,信仰,天父在你屬靈高峰時發出最嚴肅的提醒,你是否曾在一個信仰的高峰、一次美好的靈修或事奉之後，就開始放鬆警覺？所羅門剛完成聖殿獻殿，是以色列歷史的最高峰——神在此時顯現，不是給予更多祝福，而是嚴肅警告：「倘若你們轉去……我就必將以色列人從我賜給他們的地上剪除。」天父在你最高的時刻說最認真的話，因為那正是你最需要警醒的時候。,我的眼、我的心也必常在那裏。《列王紀上9:3》
11列王紀上第10章,信仰,天父所賜的智慧和祝福讓外人自然稱頌祂,你是否曾想過，你生命中的美好可以成為別人認識神的管道？示巴女王親眼看見所羅門的智慧和成就，第一個反應是：「耶和華你的神是應當稱頌的！」她沒有稱讚所羅門，而是稱頌神。你的生命中，當有人看見神所賜給你的，他們是否也會說「這個人背後的神，是值得稱頌的」？,你的智慧和你的福分越過我所聽見的風聲……願耶和華你的神是應當稱頌的。《列王紀上10:7-9（節略）》
11列王紀上第11章,智慧,天父看見你在晚年是否仍全心跟隨祂,你是否曾以為信仰的路走到某個階段就可以「巡航」，不需要再那麼警醒？所羅門的失敗發生在年老時，他的妻妾誘惑他，「他的心就不完全歸向他的神」——不是在少年時，而是在晚年。天父看見的不只是你年輕時的熱心，祂更在意你在最後的歲月是否仍然全心跟隨。每一個年齡都是信心的考試。,所羅門年老的時候，他的妃嬪誘惑他的心去隨從別神，不效法他父親大衛誠誠實實地順服耶和華他的神。《列王紀上11:4》
11列王紀上第12章,領袖,天父呼召你在影響力中選擇謙卑服事，而非強硬主宰,你是否曾在一個有影響力的位置上，面臨「強硬表現力量」還是「謙卑服事」的選擇？老年人對羅波安說：「你若今日服事這民，做他們的僕人……他們就永遠作你的僕人。」他拒絕了這個智慧。天父設計的領袖模式是以服事建立信任，而不是以強制維持控制。你今天在影響圈裡，是領袖還是統治者？,王不肯依從百姓，這事乃出於耶和華，為要應驗他藉……亞希雅所說的話。《列王紀上12:15》
11列王紀上第13章,信仰,天父給你的話語就是你最可靠的指引，不要被後來的聲音動搖,你是否曾在神的話語已清楚之後，又被另一個「聲音」動搖了？神人忠心抵擋了王，卻在一個「天使告訴我」的謊言面前失去判斷。那個謊言要他做的，恰好違背神原先說的。天父已給你清楚的話語，那是你最可靠的基準。任何後來的「感動」或「啟示」，都需要用神的話語來檢驗，不是反過來。,在路上有個獅子遇見他，將他咬死……正如耶和華對他說的話。《列王紀上13:24》
11列王紀上第14章,信仰,天父洞察你的偽裝，在你來到祂面前之前就認識你,你是否曾試圖在神面前「表演」一個更好的形象，以為這樣能得到更好的回應？耶羅波安的妻子喬裝去見先知，先知在她進門前已知道她是誰。神「看見我們的裡面」——不是外表，不是我們想讓祂看見的版本，而是真實的我們。天父認識真實的你，仍然邀請你來到祂面前。你不需要偽裝，只需要真實。,她剛進門，亞希雅聽見她腳步的響聲，就說：耶羅波安的妻，進來吧！你為何裝作別的婦人呢？《列王紀上14:6》
11列王紀上第15章,未來,天父看重一個在敗壞環境中仍選擇正直的心,你是否曾以環境敗壞、周圍的人都不信為藉口，讓自己的信心漸漸滑落？亞撒在父親和祖父都行惡的環境中，選擇「效法他祖大衛行耶和華眼中看為正的事」，甚至貶廢了崇拜偶像的太后。環境是真實的，但選擇仍在你手中。天父看重那個在敗壞環境中仍選擇對的人。你今天的選擇，能在祖先的錯誤中劃下一條新的線嗎？,亞撒效法他祖大衛行耶和華眼中看為正的事。《列王紀上15:11》
11列王紀上第16章,奉獻,天父的話語不因時間流逝而失效，都必應驗,你是否曾以為神某個警告已「過期」，以為現在的行動不再有任何後果？「有伯特利人希伊勒重修耶利哥城……正如耶和華藉嫩的兒子約書亞所說的話。」那個預言說的是約書亞時代，但六百多年後，仍然應驗了。神的話語沒有保鮮期。天父說的每一句話，都在祂的時間中準確成就，警告如此，應許也如此。,亞哈行耶和華眼中看為惡的事，比他以前的列王更甚。《列王紀上16:30》
11列王紀上第17章,家庭,天父的供應從你手中僅有的一點開始,你是否曾因為手中太少而覺得神無法使用你現有的一切？撒勒法的寡婦說：「我只有一把麵、一點油」——那是她最後的食物。以利亞說：「先為我做一個小餅。」她照著做了，「罈內的麵果不減少，瓶裏的油也不缺短」。天父不是在你「夠了」才供應，祂從你手中「僅有的一把」就開始。你願意先給出那一把嗎？,罈內的麵必不減少，瓶裏的油必不缺短，直到耶和華使雨降在地上的日子。《列王紀上17:14》
11列王紀上第18章,領袖,天父邀請你放下兩意，全心歸向祂,你是否曾覺得自己的信仰還好，只是偶爾也在其他地方尋找意義或安全感？以利亞說：「你們心持兩意要到幾時呢？若耶和華是神，就當順從耶和華。」眾民沉默——因為他們知道自己說不清楚。天父不要求你完美，但祂邀請你做一個清醒的選擇：全心。不是九成心，而是你能給出的全部。,以利亞前來對眾民說：你們心持兩意要到幾時呢？若耶和華是神，就當順從耶和華；若巴力是神，就當順從巴力。《列王紀上18:21》
11列王紀上第19章,財務,天父在你最低谷時先滋養你，再呼召你,你是否曾在精疲力竭的時候，感覺神應該批評你的疲憊，而不是先照顧你的身體？以利亞在羅騰樹下求死，天使來了，不是責備他，而是「拍他說：起來吃吧」——兩次。先讓他吃飽睡足，再說「你當走的路甚遠」。天父知道你的身體是限量的，祂先滋養你，才再呼召你前行。今天你是否需要先接受天父的照顧？,耶和華的使者第二次來拍他，說：起來吃吧！因為你當走的路甚遠。《列王紀上19:7》
11列王紀上第20章,敬拜,天父讓你得勝是為讓你認識：祂就是耶和華,你是否曾把神的幫助當作理所當然，得了勝利卻忘了那是祂的作為？神兩次說把敵人交在以色列人手中，每次都說明目的：「你就知道我是耶和華。」神不只是為你解決問題，祂在每一次的作為中都是在自我顯現——讓你更深地認識祂是誰。你今天所得到的每一個幫助，都帶著同樣的邀請：來更深地認識我。,神人來見以色列王，說：耶和華如此說……所以我必將這一大群人都交在你手中，你們就知道我是耶和華。《列王紀上20:28》
11列王紀上第21章,品格,天父聽見弱者的哀求，也必為他們伸冤,你是否曾因手中沒有權力就認為沒有人會保護你的正當權益？拿伯一個人用「我敬畏耶和華」擋住了王的霸道，卻被耶洗別的陰謀所害。但神最終讓以利亞前去宣告審判，使公義得以伸張。天父不是漠視弱者遭受不公的神，祂的眼看見了，祂的口也說了。你今天的委屈，天父都知道。,亞哈對以利亞說：我仇敵啊，你找到我麼？他回答說：我找到你了；因為你賣了自己，行耶和華眼中看為惡的事。《列王紀上21:20》
11列王紀上第22章,品格,天父呼召你說真話，即使那不是人想聽的,你是否曾在一個需要說真相的時候，選擇說讓人高興的話，因為說真話要付代價？米該雅知道說真話會坐牢，仍然說：「我指着永生的耶和華起誓，耶和華對我說甚麼，我就說甚麼。」他的話全部應驗了。天父不要你成為討人喜歡的說話者，而是要你成為說真話的人。即使代價很大，祂的話語終必成就。,米該雅說：我指着永生的耶和華起誓，耶和華對我說甚麼，我就說甚麼。《列王紀上22:14》
12列王紀下第01章,信仰,天父希望你在危機中第一個轉向的是祂,你是否曾在遭遇困難或疾病時，第一個反應是求助他人、查網路、找人脈，最後才想起禱告？亞哈謝摔傷，立刻差人去問以革倫的神巴力西卜——「豈因以色列中沒有神嗎？」那個問題刺穿了他的選擇。你的第一反應揭示了你真正倚靠的是誰。天父在每一個危機中都是可以立刻尋求的那一位，祂不需要排號。,你們去問以革倫神巴力西卜，豈因以色列中沒有神嗎？所以你必不下所上的床，必定要死！《列王紀下1:3-4》
12列王紀下第02章,信仰,天父把最豐盛的給那些主動追求不放手的人,你是否曾在追求更深的屬靈傳承時，被環境說「留在這裡就好了」，然後真的停下來了？以利沙三次被勸留下，三次說「我絕不離開你」。他不是被動地接受了傳承，而是固執地追隨到底。他在那最關鍵的時刻在場，「願感動你的靈加倍地感動我」，那個雙倍的靈，是追隨到最後才得著的。天父把最豐盛的給那些不肯半途而廢的人。,以利沙說：願感動你的靈加倍的感動我。《列王紀下2:9》
12列王紀下第03章,禱告,天父要你在群體的困境中帶頭求問祂,你是否曾在集體的困境中，等著別人先開口求神，卻沒有人站出來？三個王聯軍缺水，只有約沙法說：「這裡不是有耶和華的先知嗎？我們可以託他求問耶和華。」一個人的提議，帶出了整個軍隊的轉機。天父有時在等你成為那個先說「我們去求問神」的人，不是因為你最強，而是因為你記得那個最重要的方向。,約沙法說：這裡不是有耶和華的先知嗎？我們可以託他求問耶和華。《列王紀下3:11》
12列王紀下第04章,信仰,天父的供應從你手中的一瓶油開始湧出,你是否曾因為「我只有這麼一點點」而不敢在神面前開口？寡婦說「除了一瓶油之外，沒有甚麼」，神讓那一瓶油充滿了她借來的所有器皿。神的神蹟從你「最少的」開始，不是從你「夠了」才開始。天父在等你把那個你覺得少到不好意思提的東西帶到祂面前，然後看祂如何把它充滿。,她說：婢女家中除了一瓶油之外，沒有甚麼。《列王紀下4:2》
12列王紀下第05章,悔改,天父讓你放下驕傲，用簡單的方式領受潔淨,你是否曾因為神的方式「太簡單」而覺得不夠重量、不信任？乃縵期待隆重的儀式，卻只得到「去約但河洗七次」，憤而轉身。他的僕人說：「先知若吩咐你作一件大事，你豈不作嗎？何況說你去沐浴而得潔淨呢？」他放下驕傲，去了，得潔淨了。天父的救恩和醫治的方式，常簡單到讓驕傲的人拒絕。你願意放下驕傲去做那個簡單的事嗎？,他的僕人前來說：……先知若吩咐你作一件大事，你豈不作嗎？何況說你去沐浴而得潔淨呢？《列王紀下5:13》
12列王紀下第06章,信仰,天父讓你看見：與你同在的比敵人的更多,你是否曾被眼前的「敵人」壓到看不見神那一邊的力量？以利沙的僕人看見滿山的馬兵車輛，以利沙說：「與我們同在的，比與他們同在的更多。」然後神開了那僕人的眼，他看見了——火焰的車馬充滿山嶺。天父在你的每一個「被包圍」的時刻，都說同樣的話。那些你看不見的保護，並不因你看不見而不在。,神人說：不要懼怕！與我們同在的比與他們同在的更多。《列王紀下6:16》
12列王紀下第07章,信仰,天父把拯救全城的好消息放在被人遺棄的人手中,你是否曾以為自己的境況太邊緣、太卑微，神不可能透過你傳遞重要的信息？四個長大痲瘋的人——社會最被排斥的群體——發現了亞蘭人逃走、食物充足的好消息，他們說：「我們不做聲不對了」，就去報信了。天父把拯救全城的好消息，先給了最不被期待的人。你是否也在等著「夠格的人」去傳，其實那個人就是你？,他們彼此說：我們所作的不好！今日是有好信息的日子，我們竟不作聲！《列王紀下7:9》
12列王紀下第08章,品格,天父把屬靈的傳承延續，叫祂的憐憫超過一代人的失敗,你是否曾以為自己家族的信仰問題太根深蒂固，根本不可能改變？以利沙哭著對哈薛說：「你在以色列人身上所要行的惡，我都知道了。」卻在另一邊，因神的應許，大衛的燈仍然燃著。人的選擇可以帶來黑暗，神的憐憫可以讓燈仍然亮著。天父的心意超越一個家族、一個世代的失敗——祂的恩典總在尋找那個「還有一盞燈」的地方。,然而耶和華他的神因大衛的緣故，仍使他在耶路撒冷有燈光。《列王紀下8:19》
12列王紀下第09章,禱告,天父的受膏者行事，是神的話語在時間中成就,你是否曾懷疑神多年前說的某個審判或應許，是否真的會發生？耶戶在拿伯的田間遇見亞哈的兒子，聖經說：「正如耶和華藉著以利亞所說的預言。」那個預言已說了多年，在那個精確的地點，以精確的方式成就了。天父的話語有它自己的時間表，不早不晚，不多不少。祂說過的，都在祂的時間中準確成就。,在耶斯列人拿伯的田那裏遇見他……正如耶和華藉……以利亞所說的預言。《列王紀下9:25-26》
12列王紀下第10章,服事,天父公義的話語一句也沒有落空,你是否曾讀到神某個嚴厲的宣告，心想「這應該不會真的發生吧」？「耶和華指着亞哈家所說的話一句沒有落空，因為耶和華藉他僕人以利亞所說的話都成就了。」警告應驗了，應許也是。神的話語對稱地成就：審判如此，賜福亦然。天父說的不是鬆散的語言，每一個字都有重量。你手中的應許，也有同等的重量。,耶和華指着亞哈家所說的話一句沒有落空，因為耶和華藉他僕人以利亞所說的話都成就了。《列王紀下10:10》
12列王紀下第11章,悔改,天父在最黑暗的時期默默保存了應許的傳承,你是否曾在某段漫長的黑暗期，感覺神的應許已被現實所吞噬？大衛家的血脈幾乎被亞他利雅滅絕，卻有一個嬰孩在聖殿被密藏了六年——一個姑姑的勇氣、一間臥室、六年的等待。神的應許在人完全不知道的地方被保守著。天父保存應許的方式，往往不是轟轟烈烈的，而是在一個安靜的角落裡默默守護著。,約蘭王的女兒……將亞哈謝的兒子約阿施從那被殺的王子中偷出來……躲避亞他利雅，免得被殺。《列王紀下11:2》
12列王紀下第12章,服事,天父看重你在祂的工程中誠實可信的事奉,你是否曾在某個服事崗位上，因為「沒有人查帳」就馬虎了事？聖殿修繕的款項「且將銀子交給辦事的人……不與他們算賬，因為他們辦事誠實」。他們得到信任，不是因為有完美的制度，而是因為個人的誠實。天父看重的不只是你做了什麼，而是你在沒有人注視時是否仍然誠實地做。那個誠實，比任何查核制度都更美麗。,且將銀子交給辦事的人轉交作工的人，不與他們算賬，因為他們辦事誠實。《列王紀下12:15》
12列王紀下第13章,禱告,天父的憐憫在你呼求時仍然傾向你,你是否曾在多次犯錯、多次失去之後，不確定神是否還願意聽你的呼求？以色列在偶像崇拜中反復跌倒，被神管教，百姓呼求，「耶和華因見以色列人所受的欺壓就心中擔憂，耶和華垂顧他們」。神的憐憫不以你的配得為計算基礎，而以祂的立約之愛為根基。天父的心在你呼求的聲音響起時，仍然傾向你。,約哈斯懇求耶和華，耶和華就應允他，因為見以色列人所受亞蘭王的欺壓。《列王紀下13:4》
12列王紀下第14章,品格,天父希望你把一次的得勝化為謙卑，而不是驕傲,你是否曾在得到一次成功或突破之後，開始輕看別人、覺得自己無敵？亞瑪謝在打敗以東之後驕傲地挑戰以色列，以色列王說：「你打敗了以東人就心高氣傲……為何要惹禍？」他不聽，慘敗。每一次的得勝都是天父賜的，不是你的功績，不是你可以用來俯看別人的資本。得勝後謙卑，才是真正的成熟。,你打敗了以東人就心高氣傲，你享這榮耀就罷了；為何要惹禍，使你和猶大一同敗亡呢？《列王紀下14:10》
12列王紀下第15章,信仰,天父的應許按時成就，四代不差,你是否曾等待神某個應許太久，以為它已過了有效期？神曾對耶戶說：「你的子孫必坐以色列的國位直到四代。」幾十年後，聖經記下：「這是從前耶和華應許耶戶說……這話果然應驗了。」不早不晚，不多不少，第四代應驗。天父不是健忘的應許者，祂的話語在祂精確的時間表中成就。你所等待的應許，也在那個時間表中。,這是從前耶和華應許耶戶說：你的子孫必坐以色列的國位直到四代。這話果然應驗了。《列王紀下15:12》
12列王紀下第16章,信仰,天父希望你在危機中求告祂，而不是投靠強權,你是否曾在遭遇攻擊時，第一個想到的是「找一個更強的人幫我」，而不是求告神？亞哈斯在被圍攻時，把聖殿的金銀都送給亞述王，說「我是你的僕人、你的兒子」——卻沒有一句禱告給神。天父在你每一個「我需要幫助」的時刻都可以求告，不是因為你配，而是因為祂願意聽。你今天最緊迫的危機，有沒有帶到祂面前？,亞哈斯差遣使者去見亞述王……說：我是你的僕人、你的兒子……求你來救我。《列王紀下16:7》
12列王紀下第17章,智慧,天父不是沒有警告就懲罰，祂耐心呼召直到最後,你是否曾以為神的管教是突如其來的？北國以色列被擄，聖經說：「耶和華藉眾先知、先見勸戒以色列人……說：當離開你們的惡行……他們卻不聽從，竟硬著頸項。」警告不是一次，而是一再地發出，直到百姓累積了太多不聽而進入後果。天父在任何管教之前，往往已給了許多次的呼召。你今天聽見了哪些還沒有回應的呼召？,耶和華藉眾先知、先見勸戒以色列人和猶大人說：當離開你們的惡行，謹守我的誡命律例……他們卻不聽從，竟硬着頸項。《列王紀下17:13-14》
12列王紀下第18章,未來,天父在希西家身上看見「專靠耶和華」的樣式,你是否曾對某些長期存在的「屬靈遺跡」手下留情，覺得它曾經有過好的歷史？希西家連摩西所造的銅蛇都打碎了，因為以色列人開始向它燒香。神聖的「文物」一旦成為偶像，就需要破除。「他專靠耶和華，總不離開」——那個「總」字，是一生態度的宣告。天父今天也在問：你生命中有沒有因著「歷史淵源」而讓它繼續存在的偶像？,希西家倚靠耶和華以色列的神，在他前後的猶大列王中沒有一個及他的。因為他專靠耶和華，總不離開。《列王紀下18:5-6》
12列王紀下第19章,禱告,天父在你把威脅的書信展開在祂面前時開始行動,你是否曾拿著一個讓你恐懼的問題，反覆自己思量，卻沒有想過把它帶到神面前？希西家收到恐嚇的信，上了聖殿，「將書信在耶和華面前展開」，然後禱告。那個把書信鋪開的動作，是信心最真實的彰顯——把最令你恐懼的事，攤開在天父面前，說「您看見了嗎？」那個夜晚，神的使者出去了，十八萬五千人死了。,希西家……將書信在耶和華面前展開，禱告耶和華說：……求你救我們脫離亞述王的手，使天下萬國都知道惟獨你耶和華是神！《列王紀下19:14、19》
12列王紀下第20章,禱告,天父的眼淚聽見器——你的眼淚祂都看見,你是否曾在最無助、最痛哭的時候，覺得神也許聽不見這樣的禱告，只聽那種文辭很好的？希西家面壁禱告，「痛哭了」。神立刻對以賽亞說：「我聽見了你的禱告，看見了你的眼淚，我必醫治你。」先知「還沒有到中院」，應許就來了。天父不是等你擦乾眼淚、整理好語言才聽，祂在你哭泣中說話的那一刻，就已聽見了。,耶和華說：我聽見了你的禱告，看見了你的眼淚，我必醫治你。《列王紀下20:5》
12列王紀下第21章,信仰,天父的話語是不能沉默的，即使無人願意聽,你是否曾覺得傳達神的話語太冒險，因為沒有人願意聽，甚至有人要傷害你？瑪拿西「使猶大人行耶和華眼中看為惡的事」，甚至「在兩邦之間，流了許多無辜人的血」，聖經卻說「耶和華藉他僕人眾先知曉諭……」——神沒有因為沒人聽而停止說話。天父的話語比人的抵擋更持久，祂繼續說，是因為每一句話都有可能打開一顆心。,耶和華藉他的僕人眾先知，說：……以色列人所行的一切可憎惡事。《列王紀下21:10-11（節略）》
12列王紀下第22章,信仰,天父在你找到祂的話語時，讓它成為你生命的轉折,你是否曾在翻閱聖經時，突然被某段話「擊中」，感覺那句話就是對你說的？約西亞在修殿時找到了律法書，「王聽見律法書上的話，就撕裂衣服」——不是聽到了然後覺得「哦原來如此」，而是真實地被觸動、被顛覆。天父把祂的話語放在那裡，等候你找到、讀到、被它改變。每一次認真讀神的話，都可能是你的「約西亞時刻」。,你們去為我，並為民，並為猶大全國，求問耶和華，論這書上的話；因為我們列祖沒有聽從這書上的話，沒有遵行書上所寫的一切事，耶和華就向我們大發烈怒。《列王紀下22:13》
12列王紀下第23章,奉獻,天父在你真實悔改後，以最深的委身重新立約,你是否曾在認識到自己有多偏離神之後，不知道如何重新回到正軌？約西亞在全民面前「站在柱旁，在耶和華面前立約」——公開的、全人的、涵蓋一切的委身。然後他採取行動，清除了幾代人積累的偶像和污穢。真實的悔改不只有情感，它有行動。天父邀請你也站在祂面前立約：「從今以後，我要全心跟隨祢。」,王站在柱旁，在耶和華面前立約，要盡心盡性地順從耶和華，遵守他的誡命、法度、律例。《列王紀下23:3》
12列王紀下第24章,家庭,天父的話語預告了歷史的走向，無一落空,你是否曾對「神說的話」感到半信半疑，覺得那只是一種說法？耶路撒冷被圍、猶大王被擄，聖經說：「這都是耶和華所命定的，要從他面前除掉猶大人，是因瑪拿西諸般的罪……正如耶和華所說的。」那個「正如耶和華所說的」，是歷史對神話語的見證。天父說的每一句話，都在歷史中一句一句被見證。祂的話是真的。,這都是耶和華所命定的，要從他面前除掉猶大人，是因瑪拿西諸般的罪……正如耶和華所說的。《列王紀下24:3》
12列王紀下第25章,領袖,天父在最深的廢墟中仍然保存憐憫的火苗,你是否曾在讀到一段歷史性的失敗和審判之後，感到完全的絕望？列王紀下最後幾節，在聖殿被燒、百姓被擄的廢墟之後，卻記下：「猶大王約雅斤……約雅斤……被王釋放，就是提升他出監……在王面前吃飯……直到他死的日子。」廢墟中有一個人被提升出監，仍然每天在王面前吃飯。天父在最深的廢墟中，留下了憐憫的火苗。應許沒有完全熄滅。,巴比倫王以惡米羅達在他即位元年，使猶大王約雅斤抬頭，提他出監……使他在所有和他一同在巴比倫被擄的王中居首位。《列王紀下25:27-28》
13歷代志上第01章,財務,天父掌管每一個名字背後的歷史,你是否曾讀族譜時跳過去，覺得那只是一串無意義的名字？但歷代志的作者在被擄歸回後，刻意整理這份名單——是為了宣告：即使在最黑暗的歲月裡，神一直在記念每一個人的名字，祂的計畫從未中斷。從亞當到亞伯拉罕，每一個名字都是神救贖故事的一節。天父也記念你的名字，你在祂的故事中，從來不是多餘的。,他拉生亞伯蘭，亞伯蘭就是亞伯拉罕。《歷代志上1:27》
13歷代志上第02章,敬拜,天父把失敗和恩典都誠實地寫在祂的故事裡,你是否曾覺得自己的過去太醜陋，不值得被神記念？族譜中有亞干的貪婪、珥的邪惡，也有波阿斯的忠信、大衛的興起——都在同一份名單裡。神的故事不刪除人的失敗，而是在失敗旁邊放上恩典。天父把你的整個故事——包括那些你最不想讓人看見的部分——都容納在祂的救贖計畫中。,波阿斯生俄備得；俄備得生耶西；耶西生……七子大衛。《歷代志上2:12-15》
13歷代志上第03章,品格,天父的應許在最深的黑暗後仍有延續,你是否曾在某段歷史的廢墟中，看不到任何延續的跡象？猶大王朝在被擄後幾乎斷絕，但族譜繼續——耶哥尼雅之後還有所羅巴伯，神的應許在被擄的廢墟中仍在延伸。天父對大衛所立的約，沒有在巴比倫的火焰中燒盡。你今天所面對的「廢墟」，在天父的故事裡，可能只是應許延續之前的一個停頓。,毘大雅的兒子是所羅巴伯、示每。《歷代志上3:19》
13歷代志上第04章,禱告,天父讓你的禱告突破出身的限制,你是否曾覺得自己的起點太差，神不可能大大賜福給你？雅比斯出生在痛苦中，他的名字本身就是一個傷痕——但他向神大膽禱告：「甚願你賜福與我，擴張我的境界，常與我同在，保佑我不遭患難！」「神就應允他所求的。」你的出身不是你的終點，你的禱告可以比你的起點更大。天父對一個勇敢禱告的人，是有回應的。,雅比斯求告以色列的神說：甚願你賜福與我，擴張我的境界，常與我同在，保佑我不遭患難，不受艱苦。神就應允他所求的。《歷代志上4:10》
13歷代志上第05章,禱告,天父在爭戰中回應倚靠祂的呼求,你是否曾在面對強大的對手時，選擇了策略而不是禱告？迦得、流便和瑪拿西半支派「在陣上呼求神，倚賴神，神就應允他們」，「敵人被殺仆倒的甚多，因為這爭戰是出乎神」。爭戰的勝負不在兵力，而在那個「出乎神」的決定。天父在你每一場爭戰的開始，都在等候一聲「神啊，我倚靠你」的呼求。,他們得了神的幫助……因為他們在陣上呼求神，倚賴神，神就應允他們。《歷代志上5:20》
13歷代志上第06章,服事,天父為每一個事奉的崗位都指定了合適的人,你是否曾覺得自己在服事崗位上只是「填補空缺」，而不是神為那個位置預備的人？利未人的事奉安排，每個職分都有特定的家族、特定的時間、特定的任務——沒有一個是隨意安置的。天父在安排事奉時是精確的。你所在的崗位，不是巧合，而是天父認為你最適合、也最需要去學習的地方。,亞倫和他的子孫在燔祭壇和香壇上獻祭燒香，又在至聖所辦理一切的事，為以色列人贖罪。《歷代志上6:49》
13歷代志上第07章,信仰,天父在你最深的悲傷後仍能讓新的生命湧現,你是否曾在一段深重的失去之後，以為自己的故事已沒有什麼新的可能了？以法蓮「悲哀了多日」，在那段悲傷之後，他又有了孩子，後代中出現了約書亞。最深的悲傷可以有延續，神能在「以遭禍為名」的孩子身上，預備日後拯救以色列的領袖。天父在你最深的痛苦之後，仍然可以在你生命中種下新的希望。,以法蓮為他們悲哀了多日，他的弟兄都來安慰他。《歷代志上7:22》
13歷代志上第08章,信仰,天父把每一個名字都誠實地記在歷史中,你是否曾覺得自己的生命不夠重要，不會被任何人記念？便雅憫的族譜，包括了掃羅的失敗世系，卻同樣記錄在歷史中、留存在神的話語裡。每一個名字，無論其故事是得勝還是失敗，都被神記念了。天父不是只記念成功者，祂記念每一個走過歷史的人。你今天所活的每一天，也在祂的記念中。,這些人都是著名的族長，住在耶路撒冷。《歷代志上8:28》
13歷代志上第09章,服事,天父在被擄歸回後仍召回每一個人各歸其位,你是否曾在經歷一段失去和流離之後，不知道是否還能找到自己的位置？「先從巴比倫回來，住在自己地業城邑中的……」——每個支派、每個利未人、每個守門者，都各歸其位了。被擄不是終點，歸回才是。天父在你從任何一種「流離」歸回之後，仍然為你保留了一個位置。你的崗位在等你回來。,先從巴比倫回來，住在自己地業城邑中的……《歷代志上9:2》
13歷代志上第10章,信仰,天父呼召你每天第一件事是求問祂,你是否曾在重要決定面前，憑直覺或過去的經驗行動，而跳過了求問神這個步驟？掃羅最致命的問題，被歷代志用最簡短的話總結：「沒有求問耶和華，所以耶和華使他被殺。」不是他的敵人太強，不是他缺乏才能，而是「沒有求問」。天父每天都在等你在每一個重要時刻帶著「神，你怎麼看」的問題來找祂。,沒有求問耶和華，所以耶和華使他被殺，把國歸於耶西的兒子大衛。《歷代志上10:14》
13歷代志上第11章,信仰,天父讓你日漸強盛的唯一原因是祂的同在,你是否曾把自己的成長和進步歸功於努力、天賦或好機遇？「大衛日見強盛，因為萬軍之耶和華與他同在。」歷代志把大衛的強盛歸功於神的同在，而不是他的作戰才能。今天你生命中任何真實的成長，任何讓人看見神的美好，都有同樣的根源：天父與你同在。那個同在，比任何才能都更關鍵。,大衛日見強盛，因為萬軍之耶和華與他同在。《歷代志上11:9》
13歷代志上第12章,禱告,天父在你的群體中渴望看見「一心」的合一,你是否曾思考過，信仰群體中的合一，對神的計畫有多重要？「他們都誠心來到希伯崙，要立大衛作以色列的王，以色列其餘的人也都一心要立大衛作王。」那個「一心」帶來了慶典，帶來了歡喜快樂——「因以色列人歡喜快樂」。天父渴望你所在的群體能夠一心——不只是在口頭上，而是在服事的方向和心志上真正合一。,以上都是能守行伍的戰士，他們都誠心來到希伯崙，要立大衛作以色列的王。《歷代志上12:38》
13歷代志上第13章,服事,天父的聖潔要求我們用祂的方式親近祂,你是否曾以「我是出於好意」為理由，以自己的方式代替了神所規定的方式？大衛和眾人的熱情是真實的，但用牛車運約櫃違背了神的律法，結果烏撒死了，「大衛懼怕神」。天父的聖潔不受我們的動機所遷就，祂要求我們用祂的方式來到祂面前。熱情需要被神的話語所引導，才不會走偏。,大衛因耶和華擊殺烏撒，心裏愁煩……那日，大衛懼怕神，說：神的約櫃怎可運到我這裏來？《歷代志上13:11-12》
13歷代志上第14章,禱告,天父在每一次新的挑戰前都值得你重新求問,你是否曾把上一次的成功方法直接套用在類似的新情況上，卻沒有想到先求問神？大衛在兩次非利士入侵中，每次都重新求問神——神給出了不同的指示。第二次說：「不要一直上去，要轉到他們後頭。」如果大衛沿用第一次的方法，結果可能不同。天父每次都有新的帶領，值得你每次都重新來到祂面前求問。,大衛求問神，說：我可以上去攻打非利士人嗎？你將他們交在我手裏嗎？耶和華說：你可以上去，我必將他們交在你手裏。《歷代志上14:10》
13歷代志上第15章,信仰,天父等候你承認錯誤並按正確的方式再次前來,你是否曾在某次失敗後，不好意思承認是因為自己的疏失，而把責任推到環境上？大衛在眾人面前說：「因你們先前沒有按定例求問耶和華我們的神，所以他刑罰我們。」一個王公開承認自己的失誤——那需要很大的謙卑。天父不要你完美，但祂等候你能誠實說「上次我錯了，現在我要照你說的來」。,大衛對他們說：……因你們先前沒有抬這約櫃，按定例求問耶和華我們的神，所以他刑罰我們。《歷代志上15:13》
13歷代志上第16章,敬拜,天父配得你把祂的美好告訴周圍的人,你是否曾對神的恩典感到喜樂，卻從未想過把這個好消息說出去？大衛的詩歌說：「你們要稱謝耶和華，求告他的名，在萬民中傳揚他的作為！」讚美有兩個方向：向上歸榮耀給神，向外傳揚祂的作為。天父的美好值得說出去，不只是在崇拜會裡，也在你的日常關係中。你上一次對別人說「我的神做了這件事」是什麼時候？,你們要稱謝耶和華，求告他的名，在萬民中傳揚他的作為！《歷代志上16:8》
13歷代志上第17章,信仰,天父給你的回應往往遠超你所求所想,你是否曾在向神獻上一個「美好的計畫」時，準備好接受祂說不？大衛想建殿，神說不——但神的回應是：「不是你為我建房，而是我要為你建立家室，你的國位必堅定，直到永遠。」人獻上有限的，神回應以永恆的。天父對你最深的計畫，往往比你最美的獻心更大、更廣、更深遠。當祂說「不」，請等候祂說「但是……」。,我必使你的後裔接續你的位；我也必堅定他的國。你的國位也必堅定，直到永遠。《歷代志上17:12、14》
13歷代志上第18章,信仰,天父讓祂同在的人得勝，讓祂得勝的人把榮耀歸回給祂,你是否曾在神的幫助中得了勝利，卻把那個成功放在自己的架上，而不是歸還給神？大衛「無論往哪裡去，耶和華都使他得勝」，然後他「將所得來的金銀都分別為聖獻給耶和華」。得勝的第一個動作是歸榮耀給神。天父不是要拿走你的成就，而是要你知道那個成就的根源是祂，讓那個知道轉化為感恩的奉獻。,大衛無論往那裏去，耶和華都使他得勝。《歷代志上18:6》
13歷代志上第19章,品格,天父看見你被誤解之後仍選擇繼續行善,你是否曾因為善意被誤解，就決定以後不再輕易伸出援手？大衛的安慰使者被哈嫩羞辱，但大衛安慰了被侮辱的人，繼續應對局面。他沒有因誤解而收回善良。天父在你被誤解的時候看見你——那個被誤解的善心，祂都記念。繼續行善，不是因為別人一定會理解，而是因為你知道天父看見了。,我們都當剛強，為本國的民和神的城邑作大丈夫，願耶和華憑他的意旨而行。《歷代志上19:13》
13歷代志上第20章,信仰,天父在你身邊有看不見的勇士，一起承擔爭戰,你是否曾覺得自己在某個爭戰中只有孤軍奮戰，沒有人與你一起？大衛的爭戰有押尼珥、約押、掃羅的勇士——每一場都有忠心的人參與。「這三個人是迦特偉人的兒子，都死在大衛和他僕人的手下。」神不讓你獨自面對「偉人」，祂也在你身邊預備了一起爭戰的人。你今天的爭戰，天父也在旁邊。,這三個人是迦特偉人的兒子，都死在大衛和他僕人的手下。《歷代志上20:8》
13歷代志上第21章,悔改,天父的豐盛憐憫大過你所能受的最嚴厲管教,你是否曾因懼怕神的管教而不敢悔改，以為悔改只會讓情況更糟？大衛在必須選擇懲罰時說：「我願落在耶和華的手裏，因為他有豐盛的憐憫；我不願落在人的手裏。」神的管教是包在憐憫中的——比人更公義，也比人更充滿慈愛。天父的手是最可以信任的手，包括那雙管教你的手。,大衛對迦得說：我甚為難。我願落在耶和華的手裏，因為他有豐盛的憐憫；我不願落在人的手裏。《歷代志上21:13》
13歷代志上第22章,信仰,天父讓你在不能自己完成的事上仍能全力預備,你是否曾因「那不是我的事」而完全置身事外，沒有為下一代或下一個人盡力預備？大衛知道建殿是所羅門的使命，卻積極預備材料、委託人員、一一囑咐。「沒被允許完成」不等於「不需要參與」。天父把你放在某個使命的預備期，你的每一份準備工作，都是對那個更大使命的貢獻，不白費。,我兒啊，現今願耶和華與你同在，使你亨通……你當剛強壯膽去行！不要懼怕，也不要驚惶；因為耶和華神就是我的神，與你同在。《歷代志上22:11、13》
13歷代志上第23章,服事,天父讓日日的讚美成為你最持久的屬靈習慣,你是否曾讓讚美只發生在「特別的時刻」，而不是每一天的節律？利未人的職分包括：「每日早晚，站立稱謝讚美耶和華。」不是感覺對了才讚美，而是每日清晨和傍晚，按照節律來到神面前。天父設計讚美作為每日的節律，不只是因為祂值得，也是因為那個節律讓我們的心每天重新校準在祂身上。今天你有沒有早晚的讚美？,每日早晚，站立稱謝讚美耶和華。《歷代志上23:30》
13歷代志上第24章,服事,天父在祂的家中公平地為每個人安排服事的時機,你是否曾覺得在教會的事奉中，有些人「永遠輪不到」，或者「總是那幾個人在做」？大衛用拈籤的制度確保每個祭司家族都有公平的事奉機會——「各族的長者與兄弟沒有分別」。天父對祂的事奉群體是公平的，每個人都有自己的時機、自己的崗位。你的服事機會在祂的時間表裡，沒有被遺忘。,都掣籤分立，彼此一樣……各族的長者與兄弟沒有分別。《歷代志上24:5、31》
13歷代志上第25章,敬拜,天父呼召你以音樂和詩歌宣揚祂的真理,你是否曾以為音樂只是情感的表達，沒有更深的屬靈意義？大衛和首領「分派亞薩……唱歌說預言」，歌唱是「說預言」，音樂是宣告神話語的管道。「他們和他們的弟兄學習頌讚耶和華；善於歌唱的共有二百八十八人。」天父為讚美設立了學習的過程，說明敬拜值得認真預備、認真學習。你的讚美，是天父喜悅的宣告。,大衛和眾首領分派亞薩、希幔，並耶杜頓的子孫彈琴、鼓瑟、敲鈸、唱歌說預言。《歷代志上25:1》
13歷代志上第26章,服事,天父讓看守祂家的人承擔神聖而不可少的職分,你是否曾覺得某些服事工作太普通、太低調，不算真正的「服事」？守門者的職分在歷代志佔了一整章的篇幅——名字、班次、崗位，一一記錄。他們每日早晨開門，各方都有人守望。天父沒有分貴賤的服事，只有忠心與不忠心的人。那個每天默默在崗位上守望的人，在天父眼中有完整的紀錄。,在東西南北，四方都有守門的。《歷代志上26:14（節略）》
13歷代志上第27章,信仰,天父讓有秩序的群體能持久地服事祂,你是否曾覺得信仰不需要組織，只要有熱情就夠了？十二班輪值制度讓二萬四千人各盡其職，不讓任何一班承受過重的壓力，整年不中斷。良好的秩序讓服事可以持久，讓更多人可以參與，讓整個群體不因少數人的過勞而崩潰。天父是秩序的神，祂設計了有序的結構，讓事奉可以走得長遠。,以色列人的族長……都分定班次，每班是二萬四千人，週年按月輪流，替換出入服事王。《歷代志上27:1》
13歷代志上第28章,信仰,天父讓認識祂成為你服事最重要的起點,你是否曾在忙碌的服事中，發現自己越來越少花時間真正認識神本身？大衛對所羅門的第一囑咐不是「快去建殿」，而是「你當認識耶和華你父的神，誠心樂意地事奉他……你若尋求他，他必使你尋見」。認識神是一切服事的根基，離開了這個根基，所有的工程都是空的。天父渴望你認識祂——不只是知道關於祂的事，而是真實地認識祂。,我兒所羅門哪，你當認識耶和華你父的神，誠心樂意地事奉他；因為他鑒察眾人的心，知道一切心思意念。《歷代志上28:9》
13歷代志上第29章,奉獻,天父讓你把從祂而得的歸還給祂，這是最真實的奉獻,你是否曾在奉獻時有一種「我在給神」的感覺，覺得自己很偉大？大衛在眾人奉獻之後禱告說：「萬物都從你而來，我們把從你而得的獻給你……我們在你面前是客旅，是寄居的。」你所給出的，本來就是祂給你的；你所有的，都是被暫時託管的。天父不需要你的東西，祂只是在邀請你承認：一切都是祂的，而你是快樂的管家。,萬物都從你而來，我們把從你而得的獻給你……我們在你面前是客旅，是寄居的，與我們列祖一樣。《歷代志上29:14-15》
14歷代志下第01章,信仰,天父賜下智慧回應你的需要,你是否面對一個超過自己能力的任務，心裡充滿不安？所羅門剛登基，面對龐大的責任，他沒有先求財富或權力，而是求智慧，因為他在乎的是「如何服事這群人」。天父被這個動機感動了，不但賜他智慧，還把他沒求的也一併賜給。天父看重的不是你的能力，而是你的動機。今天，當你帶著「為了服事他人」的心來到神面前，你會發現，祂所給的，往往超過你所想所求的。,你既有這心意……只求智慧聰明好判斷我的民；我必賜你智慧聰明，也必賜你資財、豐富、尊榮。《歷代志下1:11-12》
14歷代志下第02章,服事,天父看顧你的事奉心意,你是否曾問過自己：我為神所做的事，真的有意義嗎？所羅門在動工之前就清楚地說：「神不需要我的建殿，天和天上的天都不夠祂住，何況我造的殿？」然而他仍然全力投入，因為這是他在神面前的敬拜回應。天父不需要你做得完美，祂看重的是你那顆願意回應祂的心。無論你的服事看起來多麼微小，那都是你在神面前的「燒香」，祂必珍視。,天和天上的天，尚且不足他居住的，誰能為他建造殿宇呢？……不過在他面前燒香而已。《歷代志下2:6》
14歷代志下第03章,信仰,天父紀念你每一個信靠的腳蹤,你是否知道，神的工作從不是偶然開始的？聖殿建在摩利亞山，那是亞伯拉罕獻以撒的地方，是大衛求赦免的地方。神揀選這個地方，是要讓每一個走進聖殿的人，都能想起：這裡有一段信靠與被接納的歷史。天父同樣紀念你每一個信靠祂的時刻，每一次你選擇相信祂的應許。這些不會消失，它們都成為你與神之間故事的一部分。,所羅門就在耶路撒冷、耶和華向他父大衛顯現的摩利亞山上……開工建造耶和華的殿。《歷代志下3:1》
14歷代志下第04章,服事,天父看重你在祂面前的預備,你是否認為，正式事奉神之前的「準備工作」不那麼重要？聖殿裡的銅海，是專門為祭司在事奉前潔淨自己所設的。神精心設計了這個環節，提醒我們：帶著潔淨的心事奉，比帶著熱情但不潔的心更蒙悅納。天父看重你在事奉前的預備——那靜下來禱告的片刻、那願意對齊心靈的選擇。不要輕看預備，因為天父在其中等候你。,又製造十個盆……獻燔祭所用之物都洗在其內；但海是為祭司沐浴的。《歷代志下4:6》
14歷代志下第05章,敬拜,天父回應你合一的讚美,你是否曾在敬拜中感受到一種超越言語的同在？聖殿奉獻那天，吹號的和歌唱的「聲合為一」，神的榮光就充滿了殿，連祭司都無法站立。那不是偶然的，那是合一的讚美所帶出的結果。天父渴望在你的讚美中相遇。當你願意放下自我、與身邊的弟兄姊妹合一敬拜，那份祂的同在就近在咫尺。今天，讓你的心再次對準那一句：「他的慈愛永遠長存！」,應當稱謝耶和華；因他本為善，他的慈愛永遠長存！《歷代志下5:13》
14歷代志下第06章,禱告,天父垂聽你在任何處境中的呼求,你是否有時覺得，自己的處境太特殊、太複雜，神可能不明白？所羅門的禱告涵蓋了七種截然不同的困境——從個人糾紛到戰敗被擄，甚至外邦人的禱告。神一一垂聽。天父不是只在「標準情況」下才聆聽的神，祂在你一切的處境中都張開耳朵。無論你現在正在經歷什麼，你都可以在神面前誠實地說出來。祂垂聽，也必回應。,論到不屬你民以色列的外邦人……從遠方而來，向這殿禱告，求你從天上你的居所垂聽，照著外邦人所祈求的而行。《歷代志下6:32-33》
14歷代志下第07章,悔改,天父等候你自卑回轉的心,你是否曾在某段低谷中，感到與神之間似乎有了距離？神在這裡給了一條清晰的路：「自卑、禱告、尋求我的面、轉離惡行。」不是四個複雜的條件，而是四個方向，告訴我們如何重新走回到神的懷抱。天父不是在遠處等你表現完美，祂在等你轉身。只要你願意低下頭、開口求，祂的應許是真實的：「我必從天上垂聽，赦免他們的罪，醫治他們的地。」,這稱為我名下的子民，若是自卑、禱告，尋求我的面，轉離他們的惡行，我必從天上垂聽，赦免他們的罪，醫治他們的地。《歷代志下7:14》
14歷代志下第08章,品格,天父看顧你對神聖事物的尊重,你是否有過一種感受：某些事「在原則上可以」，但心裡總覺得哪裡不對？所羅門安排法老之女的住處，理由很簡單：「約櫃所到之處都為聖地。」他不是因為律法規定，而是出於內心對神聖潔的自發尊重。天父看重這樣的心——那些不是被規定逼出來、而是因為愛神而自然湧現的界線與尊重。在你的生活中，也有這樣的時刻，讓那份對神的敬畏引導你。,所羅門說：「耶和華約櫃所到之處都為聖地，所以我的妻不可住在以色列王大衛的宮裏。」《歷代志下8:11》
14歷代志下第09章,見證,天父賜給你的榮耀是最有力的見證,你是否曾懷疑，自己的信仰是否真的能讓外人看見神的真實？示巴女王帶著懷疑從遠方而來，親眼見了所羅門的智慧與榮耀，最後開口讚美的不是所羅門，而是他的神：「耶和華你的神是應當稱頌的！」真實活在神面前的生命，本身就是最有力的見證。天父透過你所蒙的恩、所活出的生命，讓身旁的人看見祂。你不需要刻意說服任何人，只需要真實地活。,耶和華你的神是應當稱頌的！他喜悅你，使你坐他的國位，為耶和華你的神作王。《歷代志下9:8》
14歷代志下第10章,領袖,天父不喜悅你用權威傷害你的家人,你是否曾以為，擁有權力或資源就代表可以不顧他人感受？羅波安有十八萬大軍、有王位、有資源，但他忽視了最基本的事：百姓需要的是一個願意聆聽、願意服事他們的王。他選擇了展示力量，結果失去了十個支派。天父呼召我們的領袖職分，是服事，不是主宰。無論在家庭、職場，你對身邊的人說的話、回應的方式，都在塑造你們之間的關係。,老年人對他說：「王若恩待這民，使他們喜悅，用好話回覆他們，他們就永遠作王的僕人。」《歷代志下10:7》
14歷代志下第11章,信仰,天父看顧你在壓力中的順服,你是否曾站在一個「明明可以出手」卻感到神說「不」的時刻？羅波安握有十八萬精兵，正要出戰，卻因神的一句「這事出於我」而收手回家。這需要比出戰更大的勇氣。天父有時候的帶領，是讓你放下你手中的力量。接受神的「不」，是信心最深刻的表達。等候中的那段時間，是預備，不是浪費。,耶和華的話臨到神人示瑪雅說……你們不可上去與你們的弟兄爭戰，各歸各家去吧！因為這事出於我。眾人就聽從耶和華的話歸回。《歷代志下11:2-4》
14歷代志下第12章,品格,天父等候你在強盛中仍記念祂,你是否發現，自己往往在最順遂的時候，反而最容易忘記神？羅波安不是在苦難中離棄律法，而是「強盛的時候」就走偏了。這是人心最危險的時刻。然而當先知責備他，他立刻承認「耶和華是公義的」，神也立即收手。天父不要求你完美，但祂渴望你在豐盛時仍記念祂。今天，讓我們在一切順遂中，停下來說一句：「這一切，都因祢的恩典。」,於是王和以色列的眾首領都自卑說：「耶和華是公義的。」……他們既自卑，我必不滅絕他們。《歷代志下12:6-7》
14歷代志下第13章,信仰,天父在你呼求的那一刻出手,你是否曾陷入前後夾攻、毫無出路的處境？猶大軍被敵兵包圍，人的眼光看來已無路可走，但他們做了一件事：「呼求耶和華，祭司也吹號。」就在那一刻，神出手了。天父等候的，就是你那個呼求的時刻。不是等你把問題解決了才來感謝祂，而是在最無力的時刻，仰起臉對祂說：「我需要你。」那一聲呼求，能翻轉一切。,猶大人回頭觀看，見前後都有敵兵，就呼求耶和華，祭司也吹號。於是猶大人吶喊；猶大人吶喊的時候，神就使以色列眾人敗在亞比雅與猶大人面前。《歷代志下13:14-15》
14歷代志下第14章,禱告,天父聽見你在軟弱中的呼求,你是否曾面對一個遠比你強大的對手，不知如何開口禱告？亞撒的禱告沒有豪言壯語，只有誠實：「惟有你能幫助軟弱的，勝過強盛的……我們仰賴你。」這是最真實、也最有力的禱告。天父不是等你說出漂亮的句子才垂聽，祂等的是你真誠承認自己的不足，轉眼仰望祂。今天你的軟弱，正是天父施展大能的起點。,亞撒呼求耶和華他的神說：「耶和華啊，惟有你能幫助軟弱的，勝過強盛的……求你幫助我們；因為我們仰賴你，奉你的名來攻擊這大軍。」《歷代志下14:11》
14歷代志下第15章,信仰,天父保證你尋找就必尋見,你是否有時感到與神的距離很遠，不確定祂是否仍然垂聽？先知的話給了一個清晰的應許：「你們若尋求他，就必尋見；你們若離棄他，他必離棄你們。」這是一個雙向的真理，但也是一個充滿盼望的邀請。天父不是躲起來不讓人找到的神。只要你願意轉身，認真地尋求，祂就在那裡。今天，再往前踏一步，你會尋見。,你們若尋求他，就必尋見；你們若離棄他，他必離棄你們。《歷代志下15:2》
14歷代志下第16章,信仰,天父渴望你在每個關口都仰賴祂,你是否曾在壓力下，不自覺地先找人脈、先找資源，把禱告留在最後？亞撒年輕時靠神得大勝，年老時卻用聖殿的財寶去買外交盟友。先知說：「你這事行得愚昧。」那句話不是責備他尋求幫助，而是指出他忘了那位曾幫他以少勝多的神。天父的眼目遍察全地，要幫助那向祂心存誠實的人。你的每一個關口，祂都在等你先轉向祂。,耶和華的眼目遍察全地，要顯大能幫助向他心存誠實的人。《歷代志下16:9》
14歷代志下第17章,品格,天父看顧你尋求祂的每一天,你是否曾覺得，信仰的成果太慢、太不明顯？約沙法的強盛沒有任何戲劇性的大事件，記錄只有一句話：「他尋求神，神就使他亨通。」就這樣，日積月累。天父的賜福往往不是一次性的大爆發，而是在你每天尋求祂、每天順服祂的積累中，悄悄地流入你的生命。今天的尋求，是明天豐盛的種子。,耶和華與約沙法同在；因為他行他祖大衛初行的道，不尋求巴力，只尋求他父親的神，遵行他的誡命。《歷代志下17:3-4》
14歷代志下第18章,信仰,天父在你的錯誤中仍不放棄你,你是否曾因為自己做了錯誤的決定，而擔心神已經不再與你同在？約沙法因為與惡王結盟，被捲入危及生命的戰場。但就在最危急的時刻，「他一呼喊，耶和華就幫助他」。神沒有因為他之前的錯誤而袖手旁觀。天父的恩典比我們的過失更大。即使是因自己的判斷失誤而陷入的困境，只要你開口呼求，祂的手仍然伸出來。,約沙法一呼喊，耶和華就幫助他，神又感動他們離開他。《歷代志下18:31》
14歷代志下第19章,品格,天父看顧你在崗位上公義的每個決定,你是否覺得，自己在職場或生活中所做的判斷，只是普通的日常事務？約沙法告訴審判官：「你們判斷不是為人，乃是為耶和華。」這句話把每一個世俗的決定，都提升到屬靈的高度。天父看顧你在崗位上的每一個選擇——那個說真話的時刻、那個堅持公正的決定、那個選擇不說謊的瞬間。這些不是小事，是你在神面前的事奉。,對他們說：「你們辦事應當謹慎；因為你們判斷不是為人，乃是為耶和華。判斷的時候，他必與你們同在。」《歷代志下19:6》
14歷代志下第20章,禱告,天父聽見你誠實承認無力的禱告,你是否曾站在一個巨大的困境前，不知道該怎麼辦？約沙法的禱告中有一句最有力的話：「我們也不知道怎樣行，我們的眼目單仰望你。」他沒有假裝自己有計畫，也沒有在神面前掩蓋自己的無知。就是這份誠實，打開了神超然的回應。天父不是要你帶著答案來找祂，而是帶著你的無知、你的恐懼、你的「不知道」來到祂面前。那才是真正的信靠。,我們的神啊……我們無力抵擋這來攻擊我們的大軍，我們也不知道怎樣行，我們的眼目單仰望你。《歷代志下20:12》
14歷代志下第21章,婚姻,天父看顧你的生命留下美好的記念,你是否曾想過，你的一生將留下什麼？約蘭王死後，聖經記下一句令人心寒的話：「去世，無人思慕。」他有王位、有財富，卻因離棄神、傷害百姓，最後無人惦記。但神仍因祂與大衛的約，保存了那一線的盼望。天父看重的，不是你擁有多少，而是你的生命是否真實地觸動過身旁的人。今天你的選擇，正在塑造你將留下的記念。,耶和華卻因自己與大衛所立的約，不肯滅大衛的家，照他所應許的，永遠賜燈光與大衛和他的子孫。《歷代志下21:7》
14歷代志下第22章,信仰,天父在黑暗中保守你的盼望不熄滅,你是否曾處於一個看似「應許快要斷絕」的時刻？亞他利雅的政變幾乎剷除了大衛家的所有後裔，那六年，從人的眼光看，神的應許似乎已經破滅。但有一個人——約示巴——悄悄地把嬰兒藏起來。神的應許從未真正斷絕，祂在最黑暗的時刻，透過一個普通人的一個行動，保全了那一線的盼望。今天你所面對的黑暗，也不是故事的終點。,但王的女兒約示巴將亞哈謝的兒子約阿施從那被殺的王子中偷出來，把他和他的乳母都藏在臥房裏……免得被殺。《歷代志下22:11》
14歷代志下第23章,信仰,天父的應許必在適當時候成就,你是否曾在漫長的等候中，開始懷疑神的應許是否真的會實現？約阿施被藏在聖殿整整六年，等候那個應許成就的時刻。耶何耶大沒有急躁，而是在神的時間裡，以周密的計劃、同心的群體，讓那個應許在一天之內成為現實。天父的應許不會忘記，也不會遲延太久。你所等候的，正在神的計劃中預備著。繼續信靠，繼續持守。,耶何耶大對他們說：「看哪，王的兒子必當作王，正如耶和華指著大衛子孫所應許的話」。《歷代志下23:3》
14歷代志下第24章,信仰,天父盼望你建立真實的與祂的關係,你的信仰，是否需要靠某個人的存在才能維持？約阿施在耶何耶大活著時行善，一旦那位導師離世，他立刻走偏。這是一個讓人警醒的提醒：真正的信仰不能只是跟著有力量的人走，而必須是你自己與神之間真實的連結。天父渴望的，不是你跟隨別人的信仰，而是你自己認識祂、愛祂。今天，讓你與神的關係，是你自己的，不借別人。,耶何耶大年紀老邁，日子滿足而死……因為他在以色列人中行善，又事奉神，修理神的殿。《歷代志下24:15-16》
14歷代志下第25章,財務,天父的供應勝過你所損失的,你是否曾面臨一個選擇：順服神，但代價是具體的損失？亞瑪謝花了百他連得雇用的傭兵，神卻說「打發他們回去」。當他猶豫時，神人說了一句簡單的話：「耶和華能把更多的賜給你。」天父不會讓你因順服而落空。你所損失的，在祂眼中都有補償。今天，若你因順服神而需要放棄某些看得見的利益，請記住這句話：耶和華能把更多的賜給你。,神人回答說：「耶和華能把更多的賜給你。」《歷代志下25:9》
14歷代志下第26章,品格,天父不喜悅你在強盛中越過自己的界線,你是否曾在事業或服事蒸蒸日上的時候，漸漸覺得自己無所不能？烏西雅是一個成功的王，然而聖經說：「他既強盛，就心高氣傲，以致行事邪僻。」他的跌倒不是在失敗中，而是在最輝煌的時刻。天父給每個人都有其位置與界線，不是限制，而是保護。強盛的時候，更需要謙卑。在你最成功的時刻，仍俯伏在神面前，是最難、也最寶貴的功課。,他既強盛，就心高氣傲，以致行事邪僻，干犯耶和華他的神，進耶和華的殿，要在香壇上燒香。《歷代志下26:16》
14歷代志下第27章,品格,天父看見你從前人失敗中學習的心,你是否曾因為看見別人的失敗而感到警醒，並刻意地選擇不走同一條路？約坦的可貴之處，在於他知道父親烏西雅是在哪裡跌倒的，並且選擇不重蹈覆轍。這需要謙卑和自知。天父看重這樣的學習——不是模仿成功的外表，而是認清危險的陷阱並遠離它。你身邊是否也有前人的失敗，可以成為你的提醒？,約坦在耶和華他神面前行正道，以致日漸強盛。《歷代志下27:6》
14歷代志下第28章,信仰,天父盼望你在急難中轉向祂而不是遠離,你是否曾在壓力最大的時候，反而做出最糟糕的決定？亞哈斯王在「急難的時候越發得罪耶和華」，苦難把他推得更遠，而不是更近。但同一章裡，有一群以色列人在見到苦難時，選擇了憐憫——給被擄的人穿衣、餵食、用膏抹。苦難是一面鏡子，照出我們內心真實的方向。天父盼望，在你最難的時刻，你仍選擇轉向祂，而不是逃離。,以上提名的那些人就站起，使被擄的人前來……給他們穿，又給他們喫喝，用膏抹他們……《歷代志下28:15》
14歷代志下第29章,信仰,天父等待你主動開門迎接祂,你是否覺得與神的關係疏遠了，卻不知從何開始恢復？希西家做的第一件事，是「開了耶和華殿的門」。那是一個主動的、刻意的行動，宣告：「我要讓神重新進入我們的生活。」屬靈的復興往往從一個「開門」的決定開始——重新打開聖經、重新開始禱告、重新走回信仰群體。天父就在門的另一邊等候。你願意先伸手，開那扇門嗎？,元年正月，開了耶和華殿的門，重新修理。《歷代志下29:3》
14歷代志下第30章,信仰,天父看重你尋求祂的心超過儀式的完整,你是否曾因為「準備不夠充分」而不敢來到神面前？逾越節時，許多人來不及按禮儀潔淨自己，希西家為他們禱告，神說：「凡專心尋求神……我必饒恕他。」天父看重的是你那顆真誠尋求的心，遠超過禮儀的完整。你不需要「狀態夠好」才能來到神面前。帶著真實的渴慕，哪怕準備不足，祂都歡迎你。,凡專心尋求神……雖不照著聖所潔淨之禮自潔，求至善的耶和華也饒恕他。耶和華垂聽希西家的禱告，就饒恕百姓。《歷代志下30:18-20》
14歷代志下第31章,奉獻,天父看顧你慷慨給予的心,你是否曾猶豫，奉獻之後自己夠不夠用？百姓歡歡喜喜地帶來十分之一，堆積如山，大祭司驚訝地說：「自從民將供物送到耶和華殿以來，我們不但喫飽，且剩下的甚多；因為耶和華賜福與他的民。」慷慨的奉獻不是虧損，而是開門讓神的祝福流進來。天父從不虧待那個甘心給予的人。今天，讓你的慷慨成為信心的行動。,撒督家的大祭司亞撒利雅回答說：「自從民將供物送到耶和華殿以來，我們不但喫飽，且剩下的甚多；因為耶和華賜福與他的民。」《歷代志下31:10》
14歷代志下第32章,信仰,天父與你同在使你不必恐懼,你是否正面對一個讓你恐懼的挑戰，覺得對方比你強大太多？希西家在亞述大軍壓境時，告訴百姓一句話：「與我們同在的，比與他們同在的更大。與他們同在的是肉臂，與我們同在的是耶和華我們的神。」這不是天真的樂觀，而是有根基的信心宣告。天父就是那位「更大的」。今天，讓這個真實取代你的恐懼：神在你這邊，祂比一切更大。,你們當剛強壯膽，不要因亞述王和跟隨他的大軍恐懼、驚慌；因為與我們同在的，比與他們同在的更大。《歷代志下32:7-8》
14歷代志下第33章,悔改,天父的恩典向最深的罪人也敞開,你是否曾覺得自己走得太遠，神可能不會再接納你？瑪拿西是聖經中惡行記錄最多的王，然而當他「在急難中極其自卑，懇求耶和華」，神「允准他的祈求」。這不是說惡行無關緊要，而是說悔改的門對最遠走的人仍然敞開。天父的恩典，沒有超越它的罪。無論你曾走多遠，只要你願意真心回轉，祂的接納就是真實的。,他在急難的時候，就懇求耶和華他的神，且在他列祖的神面前極其自卑……耶和華就允准他的祈求……瑪拿西這纔知道惟獨耶和華是神。《歷代志下33:12-13》
14歷代志下第34章,信仰,天父回應你在年輕時就尋求祂的心,你是否曾以為，認真信仰是年紀大了才需要的事？約西亞八歲登基，十六歲就開始「尋求神」，那是一個青少年主動的個人決定，遠在任何公開改革之前。天父看見那個安靜、個人的尋求，並在其後成就了整個國家的屬靈更新。無論你現在多年輕，你今天對神的尋求都是真實而有分量的。不要等到「以後再說」，神就在今天等你。,你便心裏敬服，在我面前自卑，撕裂衣服，向我哭泣，因此我應允了你。這是我耶和華說的。《歷代志下34:27》
14歷代志下第35章,服事,天父看顧你慷慨服事所激勵的生命,你是否曾想過，你的慷慨可以成為別人信心的催化劑？約西亞從自己的產業拿出大量祭物賜給百姓，眾首領見了，也隨即效法。一個人的慷慨和委身，往往能引發整個群體的跟隨。天父看顧你每一個甘心給出的行動，那不只是你個人的獻上，更可能成為身旁的人邁出信仰腳步的起點。你的慷慨，比你所知道的，影響更深遠。,約西亞從群畜中賜給在那裏所有的人民，綿羊羔和山羊羔三萬隻，牛三千隻，作逾越節的祭物；這都是出自王的產業中。《歷代志下35:7》
14歷代志下第36章,信仰,天父的愛從早到晚從不放棄你,你是否知道，即使在你最遠離神的時候，祂仍然沒有放棄你？歷代志下最後記錄了一個令人動容的細節：「耶和華因為愛惜自己的民……從早起來差遣使者去警戒他們。」不是一次，而是一次又一次地早起，差遣提醒。這是一位不肯放棄的天父的形象。即使在最黑暗的時期之後，神仍興起古列，開啟歸回的路。祂從沒有停止愛你，祂的愛是從早到晚、從不停息的。,耶和華他們列祖的神因為愛惜自己的民和他的居所，從早起來差遣使者去警戒他們。《歷代志下36:15》
15以斯拉記第01章,信仰,天父的應許必然應驗，歷史在祂的掌管中,你是否曾等待神的應許那麼久，以至於開始懷疑那個應許是否還算數？以色列人被擄七十年，那正好就是耶利米預言的年數——「為要應驗藉耶利米口所說的話，就激動波斯王古列的心。」七十年，一年不多也不少。天父說的話有它自己的時間表，不是你能催促也不是環境能攔阻的。你今天所等待的應許，也在祂精確的計畫中。,耶和華為要應驗藉耶利米口所說的話，就激動波斯王古列的心，使他下詔通告全國。《以斯拉記1:1》
15以斯拉記第02章,信仰,天父記念每一個回應呼召的人的名字,你是否曾在龐大的歷史洪流中覺得自己只是一個號碼？這一章密密麻麻的人名和數字，是神對每一個從巴比倫歸回者的記念——每一個名字、每一個家族，都在神的冊子上。祂不是以群體的方式模糊地愛你，而是精確地認識你的名字、你的家族、你所在的地方。天父今天也把你的名字記在祂面前，清清楚楚。,從被擄之地歸回的以色列人……各歸本城。《以斯拉記2:1》
15以斯拉記第03章,敬拜,天父配得你在任何環境下都優先以敬拜回應祂,你是否曾因環境不安全或條件不成熟，而把敬拜神的事往後延？歸回的百姓還沒有建好殿，環境充滿威脅，但他們先「在原有的根基上築壇」，恢復每日獻祭——「因懼怕鄰國的民」，他們更主動地親近神。天父配得你在環境最困難時仍選擇優先敬拜祂。條件從未完美，但祂永遠值得第一個回應。,他們在原有的根基上築壇，因懼怕鄰國的民，又在其上向耶和華早晚獻燔祭。《以斯拉記3:3》
15以斯拉記第04章,信仰,天父讓你在事奉中面對的阻擋不是終止，而是延遲,你是否曾在神所呼召的工程中遭遇強烈的反對，懷疑自己是否走錯了路？建殿的工程被攔阻了整整十幾年，停在那裡。那個停工期不是神放棄了，而是在神的時間表裡——直到大利烏王的時代，大門重新打開。天父讓工程停頓，但從未取消工程本身。你今天所停頓的那個呼召，也許只是在等待神的時機。,於是，在耶路撒冷神殿的工程就停止了，直停到波斯王大利烏第二年。《以斯拉記4:24》
15以斯拉記第05章,信仰,天父在你疲乏停滯時差遣聲音重新點燃你,你是否曾在某個呼召上已經停了很久，心志漸漸冷卻，以為自己已經沒有力氣再繼續了？停工十幾年的以色列人，因著先知哈該和撒迦利亞所說的話重新燃起，「都起來動手建造耶路撒冷神的殿」。是話語讓他們動起來。天父現在也透過祂的話語對你說話，那聲音今天仍然能點燃已經熄滅的委身。,先知哈該和撒迦利亞奉以色列神的名向猶大人說勸勉的話。於是所羅巴伯和耶書亞都起來動手建造耶路撒冷神的殿。《以斯拉記5:1-2》
15以斯拉記第06章,敬拜,天父能翻轉局勢，讓昔日的阻擋者成為供應者,你是否曾在事奉的道路上面對一個看起來堅不可破的阻力，以為那個局面絕不可能逆轉？試圖攔阻建殿的總督們，最後變成了奉命供應建材的人——費用從王室國庫撥出。「耶和華使他們歡喜，又使亞述王的心轉向他們。」天父不需要阻力消失才能讓工程繼續，祂能讓阻力本身變成助力。,因為耶和華使他們歡喜，又使亞述王的心轉向他們，堅固他們的手，作以色列神殿的工程。《以斯拉記6:22》
15以斯拉記第07章,服事,天父看重你先學習、再遵行、才教導的心志,你是否曾急著去教導別人，卻自己還沒有真正活出所說的？以斯拉有一個清晰的三步驟：「定志考究遵行耶和華的律法，又將律例典章教訓以色列人。」先考究（學習），再遵行（活出），然後才教導——次序不能顛倒。天父呼召你成為他人的祝福，但那個祝福最真實的根基，是你自己先在祂面前活出來。,以斯拉定志考究遵行耶和華的律法，又將律例典章教訓以色列人。《以斯拉記7:10》
15以斯拉記第08章,禱告,天父等候你在出發前先跪下來求問祂,你是否曾宣告了對神的信靠，但在實際遇到危險時，偷偷另找了保障？以斯拉說了「我們神的手必幫助尋求祂的」，所以他拒絕向王求兵護送，改為在河邊宣告禁食禱告。他說：「我求王撥兵護送本以為羞恥。」那個「羞恥」，是把信仰說到做到的誠實。天父在等你把宣告和行動對齊。,我們神的手保佑我們，救我們脫離仇敵和路上埋伏之人的手。《以斯拉記8:31》
15以斯拉記第09章,悔改,天父在你代群體認罪的心中看見真實的屬靈領導,你是否曾因別人的罪而感到憤怒或失望，卻從未想到要代他們禱告、認罪？以斯拉沒有參與通婚，卻說「我們的罪孽」、「我們的罪惡」——他把自己與百姓的失敗完全認同，撕裂衣袍、俯伏禱告。那種感同身受的代禱，是屬靈領袖最深的心腸。天父呼召你也能為你周圍的人這樣代求。,我的神啊，我抱愧蒙羞，不敢向我神仰面；因為我們的罪孽滅頂，我們的罪惡滔天。《以斯拉記9:6》
15以斯拉記第10章,悔改,天父讓一個人真實的破碎感召整個群體的悔改,你是否曾以為自己的悔改只是自己的事，影響不了什麼？以斯拉在聖殿前哭泣俯伏，他沒有呼籲，沒有講道，只是真實地破碎在神面前——結果「男女孩童都聚集到以斯拉那裡，眾民無不痛哭」。真實的屬靈破碎比任何說服更有感召力。天父用你真實的悔改，能觸動那些你以為碰不到的人。,示迦尼對以斯拉說：我們在此地娶了外邦女子為妻，干犯了我們的神，然而以色列人還有指望。《以斯拉記10:2》
16尼希米記第01章,禱告,天父看見你為他人的苦難所流的眼淚和禱告,你是否曾聽見某個群體的痛苦，卻因為「我也無能為力」就轉移注意力了？尼希米聽見耶路撒冷城牆殘破，「就坐下哭泣，悲哀幾日，在天上的神面前禁食祈禱」。那個哭泣是使命的起點。他不是等條件成熟才禱告，而是先讓心被感動、被破碎，然後把那份破碎帶到神面前。天父在等候這樣有感動的禱告。,我聽見這話，就坐下哭泣，悲哀幾日，在天上的神面前禁食祈禱。《尼希米記1:4》
16尼希米記第02章,信仰,天父在你最緊急的時刻聽見一個沉默的短禱告,你是否曾覺得禱告必須要在安靜的地方、用很長的時間才算數？王突然問尼希米「你要求甚麼」，他在回答前「默禱天上的神」——那是一個幾秒鐘、沒有人看見的短禱告，卻真實地發生了。天父在你最緊張、最需要智慧的那一刻，那個靜靜向上望的眼神，祂都看見，也都回應。,王問我說：你要求甚麼？於是我默禱天上的神。《尼希米記2:4》
16尼希米記第03章,服事,天父在祂的工程裡為你預備了屬於你的那一段,你是否曾覺得神的工程太大，你只是其中一個微不足道的人，做的只是很小的一部分？城牆的重建，是每個人各負責「自己門前」的一段——祭司有一段，商人有一段，婦女有一段，每個人的貢獻合在一起，整座城牆就完成了。天父為你預備了屬於你的那一段，那一段缺了你就不完整。,那時，大祭司以利亞實和他的弟兄眾祭司起來建立羊門，分別為聖，安立門扇。《尼希米記3:1》
16尼希米記第04章,信仰,天父呼召你禱告也呼召你行動，兩者缺一不可,你是否曾覺得「我已經禱告了，剩下的就交給神就好」，以至於沒有採取任何實際的行動？尼希米面對威脅，「禱告我們的神，又因他們的緣故就派人看守，晝夜防備」——禱告和看守，同時進行。「一手作工，一手拿兵器。」天父不要你在禱告中逃避行動，也不要你在行動中忘記禱告。兩者是信仰最成熟的形態。,然而，我們禱告我們的神，又因他們的緣故，就派人看守，晝夜防備。《尼希米記4:9》
16尼希米記第05章,品格,天父在你的事奉中看見你是否以敬畏祂規範自己的行為,你是否曾因手中有一點權力或影響力，就在不知不覺中讓別人為你承擔了不應有的代價？尼希米說：「在我以前的省長加重百姓的擔子……但我因敬畏神不這樣行。」他的約束不是來自外在的監督，而是來自「敬畏神」。天父看見你在有能力剝削時的選擇，那個選擇最真實地顯示你是否敬畏祂。,在我以前的省長加重百姓的擔子……但我因敬畏神不這樣行。《尼希米記5:15》
16尼希米記第06章,服事,天父呼召你專注使命，不被誘惑離開神交付的工作,你是否曾在一個重要的工程進行中，被各種「合理的邀請」分散注意力，結果讓工程拖延？尼希米面對四次邀請、一封謊言書信、一個假先知，每次都說：「我現在辦理大工，不能下去。」那份專注來自清楚知道自己的呼召。天父給了你一個使命，那個使命值得你對其他一切說「不」。,我差遣人去見他們，說：我現在辦理大工，不能下去。焉能停工下去見你們呢？《尼希米記6:3》
16尼希米記第07章,領袖,天父在領袖的選用上最看重忠信與敬畏神,你是否曾在選擇一個可以信任的人時，主要看他的才幹或資歷，而較少考慮他是否忠信、是否敬畏神？尼希米任命哈拿尼雅的理由清楚：「他是忠信的，又敬畏神過於眾人。」不是最有才幹，不是最有資歷，而是最忠信、最敬畏神。天父所要的領袖，是那個把神放在第一位的人。,我就派哈拿尼雅管理耶路撒冷；因為哈拿尼雅是忠信的，又敬畏神過於眾人。《尼希米記7:2》
16尼希米記第08章,信仰,天父以祂的話語使你明白，明白帶來真實的喜樂,你是否曾參加崇拜或靈修，卻對所聽的一無所感，不知道神的話與自己的生命有什麼關係？以斯拉清清楚楚地讀神的律法書，「講明意思，使百姓明白所念的」，眾民哭了，然後「靠耶和華而得的喜樂」充滿他們。明白帶來回應，回應帶來喜樂。天父不要你只聽話語，祂要你明白話語，那個明白會改變你的心。,他們清清楚楚的念神的律法書，講明意思，使百姓明白所念的。《尼希米記8:8》
16尼希米記第09章,悔改,天父的憐憫在以色列一次次回轉時一次次接納他們,你是否曾在反複犯錯、反複失敗後，覺得神的憐憫一定有個上限，這次祂一定不會再接納了？這篇禱告回顧以色列數百年的悖逆，每次都有一句：「然而你大發憐憫，不全然滅絕他們，也不丟棄他們；因為你是有恩典、有憐憫的神。」沒有一次是「這次真的太多了」。天父的憐憫沒有上限，你的回轉仍然有效。,然而你大發憐憫，不全然滅絕他們，也不丟棄他們；因為你是有恩典、有憐憫的神。《尼希米記9:31》
16尼希米記第10章,信仰,天父期望你把屬靈承諾落實在日常生活的每個細節,你是否曾做了一個屬靈的決定，卻沒有想清楚它在日常生活中具體意味著什麼？百姓的悔改不只是情感上的更新，而是化為具體可查核的承諾——安息日不買賣、每年奉獻、不離棄神的殿。屬靈的承諾若不具體化，往往只是一時的感動。天父邀請你把你的委身翻譯成今天的行動，讓它看得見、摸得到。,這樣，我們就不離棄我們神的殿。《尼希米記10:39》
16尼希米記第11章,奉獻,天父看見你甘心為群體犧牲個人利益的決定,你是否曾被邀請做一個需要犧牲個人舒適的事奉，卻躊躇不決？遷居聖城是真實的犧牲——離開祖傳的土地和生活基礎。凡甘心樂意這樣做的人，「百姓都為他們祝福」。天父看見你每一個為群體甘心放下個人利益的選擇，那份甘心不會被遺忘。你今天有沒有一個天父在呼召你「甘心去做」的事？,凡甘心樂意住在耶路撒冷的，百姓都為他們祝福。《尼希米記11:2》
16尼希米記第12章,敬拜,天父配得你把每一個完成的工程以讚美歸回給祂,你是否曾在完成一件大事之後，急著衝向下一個目標，忘了停下來把榮耀帶回到神面前？城牆告成，尼希米沒有開慶功宴，而是組織兩隊歌唱的隊伍繞城而行，匯聚在殿前讚美。「那日眾人大大歡樂，連婦女帶孩童也都歡樂，甚至耶路撒冷中的歡聲聽到遠處。」天父配得你每一次完成後最真實的讚美。,那日，眾人獻大祭而歡樂；因為神使他們大大歡樂，連婦女帶孩童也都歡樂，甚至耶路撒冷中的歡聲聽到遠處。《尼希米記12:43》
16尼希米記第13章,信仰,天父呼召你持續警醒，屬靈更新不是一勞永逸的,你是否曾有過一段美好的屬靈更新，但幾個月後又回到舊的模式，甚至自己都沒有察覺？尼希米離開一段時間，回來後發現百姓再度偏離。信仰的持守不是靠一次的轉變，而是靠持續的警醒和刻意的回轉。天父不是因你曾經有過改變就不再關心你現在的狀態，祂看的是你今天的心是否仍然朝向祂。,我的神啊，求你記念我，照你的大慈愛憐恤我。《尼希米記13:22》
17以斯帖記第01章,信仰,天父在你看不見祂的日子裡仍在掌管歷史,你是否曾在某段日子感到神好像消失了，祂不說話，沒有神蹟，只有平凡的事件一件件發生？以斯帖記從不提神的名字，但全書每一個「偶然」都是祂的手。瓦實提被廢，看起來只是一個宮廷事件，卻是天父為以斯帖開路的第一步。天父在你看不見祂的日子裡，也在精密地安排你前面的道路。,不准瓦實提再到王面前，將她王后的位分賜給比她還好的人。《以斯帖記1:19》
17以斯帖記第02章,品格,天父在最意想不到的地方預備並放置祂的器皿,你是否曾以為只有在「屬靈的環境」才能被神使用？以斯帖進入充滿政治算計的波斯王宮，不是她的選擇，卻是神的安排。她在那個複雜的環境中沒有失去品格，反而「凡看見以斯帖的都喜悅她」。天父把你放在你現在的位置，不是偶然，是預備——為了一個你也許還看不見的時機。,末底改撫養他叔叔的女兒哈大沙（後名以斯帖）……這女子又容貌俊美……末底改就收她為自己的女兒。《以斯帖記2:7》
17以斯帖記第03章,品格,天父在你面對群體壓力時看見你的堅持,你是否曾在眾人都做某件事時，覺得自己的「不跟從」顯得格格不入，甚至帶來麻煩？末底改獨自不向哈曼跪拜——朝門裡所有人都跪，只有他站著。那個孤單的站立，觸發了整個民族的危機，也最終成為神榮耀顯現的舞台。天父看見你在群體壓力下對祂的原則所做的堅持。,在朝門的一切臣僕都跪拜哈曼……惟獨末底改不跪不拜。《以斯帖記3:2》
17以斯帖記第04章,信仰,天父呼召你：你的位置是為此時此刻的機會預備的,你是否曾好奇：神把你放在現在這個位置，有沒有一個更大的原因？末底改問以斯帖：「焉知你得了王后的位分，不是為現今的機會嗎？」那句話不是問號，而是宣告。你今天的位置、才幹、關係——都不是偶然得來的。天父把你放在那裡，是為了讓你在某個關鍵時刻說出「我在這裡」。,焉知你得了王后的位分不是為現今的機會嗎？《以斯帖記4:14》
17以斯帖記第05章,智慧,天父在你行動時賜下勇氣，也賜下智慧的時機,你是否曾在一個重要的行動上，要麼衝動莽撞，要麼過度謹慎而一再拖延？以斯帖主動走進內院——那需要極大的勇氣；但她也智慧地沒有立刻提出請求，而是設宴創造更有利的時機。天父賜你勇氣走進那個門，也賜你智慧等候合適的時機說出最重要的話。兩者同時需要，缺一不可。,王見王后以斯帖站在院內，就施恩於她，向她伸出手中的金杖。《以斯帖記5:2》
17以斯帖記第06章,信仰,天父掌管你看不見的「偶然」，都在祂的計畫裡,你是否曾回頭看，發現某個「剛好」是你故事轉折的關鍵，而當初你根本沒有想到那是神的安排？王那夜睡不著、偏偏翻到那一頁、哈曼偏偏那時進宮——每一個「剛好」都是天父精心安排的棋子。祂不需要神蹟才能改變局面，一個失眠的夜晚就足夠了。你生命中的那些「剛好」，也是祂。,那夜王睡不着覺，就吩咐人取歷史來，念給他聽。《以斯帖記6:1》
17以斯帖記第07章,品格,天父在你說出真相的那一刻站在你身旁,你是否曾面對一個需要說出真相的時刻，卻猶豫要不要開口，因為代價太高？以斯帖在第二次宴席上，在合適的時機清楚地說：「仇人敵人就是這惡人哈曼！」那句話沒有迂迴，沒有掩飾——清楚、直接、在對的時刻說出。天父在你那個說出真相的時刻同在，祂是公義的見證者，也是你的保護者。,以斯帖說：仇人敵人就是這惡人哈曼！《以斯帖記7:6》
17以斯帖記第08章,禱告,天父聽見你為所愛的人俯伏哀求的禱告,你是否曾為一個你深愛的人、一個你所屬的群體，俯伏在神面前哀哀求告？哈曼雖死，詔令仍在，以斯帖沒有因第一個危機解除就停止——她「俯伏在王腳前，流淚哀告」，為族人繼續爭取。天父看見你為所愛的人不放棄的代求。那個流淚的禱告，祂記念。,以斯帖又俯伏在王腳前，流淚哀告，求他除掉亞甲族哈曼害猶大人的惡謀。《以斯帖記8:3》
17以斯帖記第09章,信仰,天父能把為你設計的「死亡之日」翻轉為「得救之日」,你是否曾面對一個看起來為你量身設計的陷阱或詛咒，覺得那個日子是你的終點？哈曼設定的那個日子，是要滅絕所有猶大人的；但那同一天，成了猶大人得勝的日子，並被稱為「普珥日」永久紀念。天父能讓仇敵為你挖的坑，成為你站立的地基。那個「壞日子」，可以是祂榮耀最顯現的時刻。,就是猶大人的仇敵盼望轄制他們的日子，猶大人反倒轄制恨他們的人。《以斯帖記9:1》
17以斯帖記第10章,領袖,天父賜你影響力是為了讓你成為他人的祝福,你是否曾思考過，神給你的才能、位置或影響力究竟是為了什麼？末底改「為本族的人求好處」——他位居宰相，卻把這份影響力用在為別人爭取，而不是為自己積累。以斯帖記最後一句是：「向他眾弟兄說和平的話。」天父把影響力放在你手中，是為了讓你說和平的話、做祝福的事。,猶大人末底改作亞哈隨魯王的宰相……為本族的人求好處，向他眾弟兄說和平的話。《以斯帖記10:3》
18約伯記第01章,信仰,天父讓你的信仰在失去一切時仍然站立,你是否曾想過：如果神把你手中所有的都拿走，你還有沒有理由讚美祂？約伯在一天之內失去兒女、財產、僕人，「伏在地上下拜，說：賞賜的是耶和華，收取的也是耶和華。耶和華的名是應當稱頌的。」那個讚美不是因為有好處，而是因為神本身值得。天父在問你：你的信仰是有條件的，還是無條件的？,賞賜的是耶和華，收取的也是耶和華。耶和華的名是應當稱頌的。《約伯記1:21》
18約伯記第02章,信仰,天父在你最深的苦難中仍是你的神,你是否曾在身體或內心的劇痛中，以為神不再好了，不再值得信靠了？約伯的妻子說：「棄掉神，死了吧！」約伯卻說：「難道我們從神手裏得福，不也受禍嗎？」——那是最深的信仰宣告：神在福中是神，在禍中也是神。天父不因苦難而改變祂的本質，在你最深的痛苦中，祂仍然是那位值得倚靠的神。,難道我們從神手裏得福，不也受禍嗎？在這一切的事上約伯並不以口犯罪。《約伯記2:10》
18約伯記第03章,禱告,天父讓你在最深的黑暗中仍可以對祂說出真實的感受,你是否曾在最難的日子裡，覺得對神說出真實的絕望是不敬虔的，所以把它壓下來？約伯詛咒自己出生的那天，說了聖經中最黑暗的話——但神沒有定他的罪，因為他把這些帶到神面前，而不是背對神說的。天父足夠大，能承受你最真實的哀嘆。誠實的哭泣，比表演性的讚美更接近神。,我不得安逸，不得平靜，也不得安息，卻有患難來到。《約伯記3:26》
18約伯記第04章,智慧,天父的智慧超越人用道德框架理解苦難的方式,你是否曾用「這一定是他的錯」的邏輯來解讀別人的苦難，或者用同樣的邏輯責備正在受苦的自己？以利法說：「耕罪孽、種毒害的人都照樣收割」——那不是完全的謊言，卻是片面的真理，套用在約伯身上是殘忍的誤用。天父的智慧不是一條讓我們解釋所有苦難的公式，苦難有時超越人的因果邏輯。,按我所見，耕罪孽、種毒害的人都照樣收割。《約伯記4:8》
18約伯記第05章,信仰,天父打傷你、也醫治你，祂的手同時包含兩者,你是否曾覺得神既然愛你，就不應該讓你受苦；或者受苦了，就代表神不再愛你了？「他打破，又纏裹；他擊傷，用手醫治。」打傷與醫治，出自同一隻手。苦難不是神不在，而可能正是神的手在你身上工作——那是能同時痛苦和醫治的手。天父的愛不是只讓你舒適，而是讓你完全。,他打破，又纏裹；他擊傷，用手醫治。《約伯記5:18》
18約伯記第06章,禱告,天父讓你在祂面前誠實說出苦難的重量,你是否曾因為怕顯得不信，就在禱告中假裝一切都還好？約伯說他的苦難「比海沙更重」——不是誇張，而是真實。他沒有在神面前假裝堅強，也沒有被「你應該有信心」的聲音壓制住。天父不要求你帶著笑臉來到祂面前，祂要的是你帶著真實的自己來——包括那個覺得撐不下去的你。,惟願我的煩惱稱一稱，我一切的災害放在天平裏；現今都比海沙更重。《約伯記6:2-3》
18約伯記第07章,禱告,天父讓你直接向祂質疑，那就是信仰的深度,你是否曾覺得對神提問是不信靠的表現？約伯直接問神：「人算甚麼，你竟看他為大，將他放在心上？每早鑒察他，時刻試驗他？」——那不是失信，而是深信：他相信神在聽、神能回應、神值得被質問。天父在你向祂提問的時候，比你裝作沒有問題更接近。把你的困惑帶給祂，那是最真實的禱告。,人算甚麼，你竟看他為大，將他放在心上？每早鑒察他，時刻試驗他？《約伯記7:17-18》
18約伯記第08章,智慧,天父的智慧超越人類傳統智慧所能理解的範疇,你是否曾用「傳統上都這樣說」來解答自己或他人的困境，卻發現那個答案無法觸及現實？比勒達說「考問前代，追念他們的列祖」——傳統是有價值的，但傳統不能解釋約伯的苦難。神的作為有時超越了最有智慧的傳統所能涵括的範疇。天父在你困惑的問題面前，常常超出了所有人的理解框架。,神豈能偏離公平？全能者豈能偏離公義？《約伯記8:3》
18約伯記第09章,信仰,天父知道你需要一位中保，祂已差派了那一位,你是否曾在神面前感到無法自辯、無法稱義的無力感？約伯說：「人在神面前怎能成為義呢？我們中間沒有聽訟的人可以向我們兩造按手。」那個空缺，基督完全填補了。祂是那位中保，在神和人之間按手，把兩者連結在一起。天父早已看見你的困境，也早已為你預備了那位你需要的中保。,我們中間沒有聽訟的人可以向我們兩造按手。《約伯記9:33》
18約伯記第10章,信仰,天父在創造你的愛中仍與你同在苦難裡,你是否曾在痛苦中覺得神的創造之愛與祂允許的苦難無法並存？約伯說：「你將生命和慈愛賜給我；你也眷顧保全我的心靈」，卻又說「你還要毀滅我嗎？」那個張力是真實的。天父不要求你假裝那張力不存在，祂在那個張力裡與你同在——那位創造你的神，在你最深的疑問中，仍然是那位曾把生命和慈愛賜給你的神。,你將生命和慈愛賜給我；你也眷顧保全我的心靈。《約伯記10:12》
18約伯記第11章,禱告,天父的智慧不可測透，但祂向尋求祂的人顯現,你是否曾在面對無法理解的事時，被人說「你沒資格問，因為神太大了」而感到被壓制？神的智慧確實超越人的理解——「你考察就能測透神嗎？」——但那不是叫人閉嘴，而是邀請人謙卑地尋求。天父的不可測透，不是讓你放棄尋求，而是讓你的尋求超越你自己的理解框架，帶著謙卑繼續靠近。,你考察就能測透神嗎？你豈能盡情測透全能者嗎？《約伯記11:7》
18約伯記第12章,信仰,天父的智慧和能力超越人所有的理解與控制,你是否曾因生命中某個看似「不公平」的現實，開始懷疑神的主權？約伯說：「看這一切，誰不知道是耶和華的手作成的呢？」他承認神掌管一切，包括那些人無法理解的部分。神的主權不以人的邏輯為邊界。天父掌管你所理解的，也掌管你所不理解的，兩者都在祂全能的手中。,看這一切，誰不知道是耶和華的手作成的呢？凡活物的生命和人類的氣息都在他手中。《約伯記12:9-10》
18約伯記第13章,品格,天父珍視你在祂面前說真話，勝過替祂說好話,你是否曾為了讓信仰顯得美好，說了一些其實並不真實的話？約伯對朋友說：「你們是為神說詭詐的言語。」神不需要我們用謊言來保護祂的形象，用美麗但不真實的答案來讓受苦者沉默。天父渴望你在祂面前說真話，即使那個真話讓人不舒服，因為祂本身就是真理。,惟願你們全然不作聲；這就算為你們的智慧！《約伯記13:5》
18約伯記第14章,信仰,天父在你生命短暫的現實中等候你來到祂面前,你是否曾因感受到生命的短暫而感到茫然，不知道一切是否有意義？約伯說人生「出來如花，又被割下，飛去如影」，卻在最深的地方呼喊：「惟願你把我藏在陰間……願你為我定了日期，記念我。」那個對「被記念」的渴望，天父聽見了。你短暫的生命在永恆的神面前，是被記念的。,惟願你把我藏在陰間，……願你為我定了日期，記念我。《約伯記14:13》
18約伯記第15章,智慧,天父希望你在別人受苦時先傾聽而非急著評斷,你是否曾在別人分享苦難時，忍不住立刻給出解釋或建議，卻讓對方更受傷？以利法因為約伯沒有接受他的神學框架，就開始直接攻擊：「你廢棄敬畏，阻止敬虔的心。」那不是在幫助，而是在傷害。天父在你面對受苦者時邀請你先傾聽，讓那個人感到被理解，而不是被評判。,你是廢棄敬畏的意，在神面前阻止敬虔的心。《約伯記15:4》
18約伯記第16章,信仰,天父在天上是你的見證，也是你的中保,你是否曾在人人誤解你、沒有人站在你這邊的孤立中，感到完全無依？約伯被所有的朋友攻擊，卻說：「現今，在天有我的見證，在上有我的中保。」那不是一個宗教說法，而是他在最孤立的時刻所緊抓的真實。天父在天上看見你，祂是你真實的見證者，即使地上沒有一個人願意為你說話。,現今，在天有我的見證，在上有我的中保。《約伯記16:19》
18約伯記第17章,禱告,天父在你指望彷彿消失時仍承接你的哀嘆,你是否曾有一段日子，感覺所有的指望都消失了，連禱告都不知道要說什麼？約伯問：「我的指望在那裏呢？」那是他信仰生命最低的低點——但他還是向神說出這句話。那個問句本身，就是禱告。天父承接了那個絕望的問句，就如承接了所有疑問的人一樣。你的「指望在哪裡」，祂聽見了。,這樣，我的指望在那裏呢？我所指望的誰能看見呢？《約伯記17:15》
18約伯記第18章,品格,天父呼召你在別人受苦時不要成為傷害他的言語,你是否曾用「影射」的方式，在不直接指控的情況下，讓一個受苦的人感覺被批評？比勒達詳細描述惡人的下場，讓約伯感受到隱含的指控——那種間接的傷害有時比直接的批評更難承受。天父呼召你在受苦者面前管住自己的嘴，讓你的話成為安慰而非增加傷害的刀。,惡人的亮光必要熄滅；他的火焰必不照耀。《約伯記18:5》
18約伯記第19章,信仰,天父讓你在最深的黑暗中看見活著的救贖主,你是否曾在一切都崩塌、所有人都離你而去的時刻，問過「還有什麼可以抓住？」約伯在被眾人棄絕、皮肉剝蝕的絕境中說：「我知道我的救贖主活着，末了必站立在地上。」那是聖經中最震撼的信仰宣言之一——不是在順境中說的，而是在最深的黑暗中說的。天父今天對你說：你的救贖主活著。,我知道我的救贖主活着，末了必站立在地上。《約伯記19:25》
18約伯記第20章,智慧,天父的公義必然成就，雖然時間不一定在你能看見的範圍,你是否曾因惡人長期得勢而對神的公義產生懷疑？瑣法說惡人的喜樂「轉眼之間」——那在終末的意義上是真實的，但在現實中，神的公義有時在人的一生中看不到結局。天父的公義不是只存在於「快速應驗」的公式中，祂的時間比你的眼光更長。終末的公義是真實的，值得等候。,惡人誇勝是暫時的，不敬虔人的喜樂不過轉眼之間。《約伯記20:5》
18約伯記第21章,信仰,天父的信仰能承接現實的複雜，不需要假裝,你是否曾在信仰群體中，不敢說出「我看見惡人得好處、義人受苦」，因為怕被說沒有信心？約伯說出了眾人不敢說的——惡人「昌盛、兒女眾多、壽終正寢」——那不是失去信仰，而是對現實的誠實。天父的信仰足夠大，能承接這個複雜的現實，不需要你假裝自己沒看見。,惡人何以存活，享大壽數，勢力強盛呢？《約伯記21:7》
18約伯記第22章,悔改,天父的邀請是：歸向祂，就必得建立,你是否曾在某個低谷中聽見神對你說：「歸向我，你就得建立」？以利法雖然誤解了約伯的狀況，卻說出了一個真實的應許：「你若歸向全能者，你就得建立，你把不義遠離你的帳棚，就得復興。」那個應許不只是給約伯說的，是給每一個願意轉向的人說的。天父在等候你的歸回。,你若歸向全能者，你就得建立，你把不義遠離你的帳棚，就得復興。《約伯記22:23》
18約伯記第23章,信仰,天父試煉你，是為讓你如精金般顯出,你是否曾在一段難以理解的苦難中，感覺找不到神，不管往哪個方向都看不見祂？約伯說：「我去到他那裏，不能見他；我來到他面前，也不能看他。他知道我所行的路；他試煉我之後，我必如精金。」找不見神，不代表神不在。天父在試煉你，那個過程正在讓你成為精金，即使你現在看不見祂的手。,他知道我所行的路；他試煉我之後，我必如精金。《約伯記23:10》
18約伯記第24章,品格,天父在意那些被遺忘的窮乏人，也呼召你在意,你是否曾在自己的困境中，仍然有一份對他人不公遭遇的感動？約伯在自己最深的苦難中，仍為被剝奪的窮人、孤兒、寡婦呼喊——「城中有哀告的聲音，受傷人的靈魂哭號」。信仰不只是個人與神的關係，也是對身邊最脆弱的人的回應。天父在意那些哭號的聲音，也呼召你在意。,城中有哀告的聲音，受傷人的靈魂哭號，神卻不追究這惡。《約伯記24:12》
18約伯記第25章,信仰,天父的偉大不是讓你絕望的理由，而是讓你仰望的根基,你是否曾因「神太大、我太小」的想法，而覺得靠近神是一件毫無意義的嘗試？比勒達說神的偉大使人一切稱義的可能消失——那個邏輯讓人絕望。但天父的偉大不是把你壓垮的重量，而是讓你有地方可以投靠的磐石。正因為祂夠大，你才有根基去仰望。,在他面前，月亮也不明亮，星宿也不潔淨，何況如蛆蟲的世人呢？《約伯記25:5-6》
18約伯記第26章,敬拜,天父的作為何等廣大，你所知的不過是些微,你是否曾因為親眼看見了神的某些作為，就以為自己對神已有足夠的認識？約伯說：「他懸地在虛空之中……這不過是神工作的些微，我們所聽於他的是何等細小的聲音！」你所認識的神，只是祂廣大的些微。那個些微，已足以讓人俯伏讚美；那廣大，還有更多等候你去探索。,這不過是神工作的些微，我們所聽於他的是何等細小的聲音！他大能的雷聲誰能明透呢？《約伯記26:14》
18約伯記第27章,品格,天父看見你在壓力下仍維持良心清白的堅持,你是否曾在眾人指控你時，被壓力迫使說出你自己都不相信的認罪？約伯說：「我至死不失去純正！我決不以你們為是！」那不是驕傲，而是在神面前對良心清白的珍視。天父是審判良心的那位，祂看見你在壓力下對真實的堅持，那份堅持在祂眼中是有意義的。,我斷不以你們為是！我至死不失去純正！《約伯記27:5》
18約伯記第28章,智慧,天父把真正的智慧藏在敬畏祂的心中,你是否曾覺得知識越多，就越能明白人生的意義？約伯說人能找到金礦、能挖出寶藏，卻找不到智慧的所在——「金子不能兌換，銀子也不能平兌」。然後他說：「敬畏主，那就是智慧。」真正的智慧不是資訊的積累，而是對天父的敬畏。你今天離那個智慧的源頭多近？,敬畏主，那就是智慧；遠離惡事，那就是聰明。《約伯記28:28》
18約伯記第29章,信仰,天父在你回憶過去的同在時給你今日的盼望,你是否曾在艱難的日子中，回想起過去神的同在那麼真實，卻不知道祂現在在哪裡？約伯說：「那時，神的燈照我頭上，我藉他的光行過黑暗。」他在黑暗中回憶那道光，那不是逃避，而是信心的根基：神曾那樣在我生命中，祂的性情不變。天父的「曾經」是今天盼望的憑據。,那時，神的燈照我頭上，我藉他的光行過黑暗。《約伯記29:3》
18約伯記第30章,信仰,天父在你被人拋棄、孤立的時候仍聽見你的呼求,你是否曾在社會地位崩塌、連最卑微的人都嘲笑你的時候，感覺連神也不回應？約伯說：「我向主呼求，你不應允我……」那不是神不在，而是神在等候的過程。天父在你被所有人棄絕的孤立中，是最後一個也不離開你的那位。你的呼求，即使沒有立刻得到答案，也沒有消失在空氣裡。,我向主呼求，你不應允我；我站起來，你也不想到我。《約伯記30:20》
18約伯記第31章,品格,天父看見你在無人注意時對道德誠信的堅持,你是否曾在沒有人看見的時候，在內心的貪念、在對弱者的態度、在商業的誠信上，做出了你知道是正確卻不容易的選擇？約伯的誓言涵蓋了最私密的內心到最公開的行為——那是全面的道德誠信。天父看見你在沒有人監督時的每一個選擇，那是你真正的品格。,我與眼睛立約，怎能戀戀觀看女子呢？《約伯記31:1》
18約伯記第32章,智慧,天父的智慧透過祂的靈賜給任何年齡謙卑尋求的人,你是否曾因為年輕或資歷淺，就覺得自己沒有資格發言？以利戶說：「尊貴的不都有智慧；壽高的不都能明白公平……在人裏面有靈；全能者的氣使人有聰明。」真正的智慧來自神的靈，不來自年齡或地位。天父把祂的智慧賜給任何謙卑地向祂尋求的人，無論他的年紀或資歷。,尊貴的不都有智慧；壽高的不都能明白公平。《約伯記32:9》
18約伯記第33章,信仰,天父透過苦難對你說話，是為讓你轉向祂,你是否曾在苦難中感到困惑，不明白神為什麼讓這件事發生？以利戶說神「藉着困苦救拔困苦人，趁他們受欺壓開通他們的耳朵」。苦難有時是天父在用一種讓你無法忽視的方式說話——那個你平時太忙、太舒適而沒有聽見的聲音，在苦難中變得清晰。天父允許苦難，不是為了懲罰，而是為了讓你轉向。,神說一次、兩次，世人卻不理會……神藉着困苦救拔困苦人，趁他們受欺壓開通他們的耳朵。《約伯記33:14；36:15》
18約伯記第34章,信仰,天父的公義是宇宙最穩固的根基，祂不行惡,你是否曾在看見世界的不公時，懷疑神是否也可能不公義？以利戶說：「神斷不至行惡；全能者也斷不至作孽。」那不只是一個神學命題，而是你可以在最黑暗的時刻緊握的真實。天父的公義不是條件性的，不因環境改變。祂不行惡，也不看人的臉面，這個根基讓你可以對祂有信心。,神斷不至行惡；全能者也斷不至作孽。《約伯記34:10》
18約伯記第35章,服事,天父在你尋求祂的時候比你以為更靠近,你是否曾在生活忙碌的縫隙中，忘了問神「你在哪裡？」——不是在苦難中，而是在日常的平靜中？以利戶說：「無人說：造我的神在哪裡？」那是最普遍的屬靈遺忘——不是不信，而是忘了尋求。天父在等候你主動尋求祂，不只在苦難中，也在平靜的每一天中問祂：「我今天的生命，祢想說什麼？」,卻無人說：造我的神在那裏？他使人夜間歌唱，教訓我們勝於地上的走獸。《約伯記35:10-11》
18約伯記第36章,信仰,天父透過苦難引你走向更寬廣的地方,你是否曾在苦難中只看見了損失，卻沒有看見神要把你帶去的地方？以利戶說：「神也必引你出離患難，進入寬闊不狹窄之地。」苦難是一個入口，不是終點。天父不是要讓你永遠困在那個窄處，祂在苦難的那頭，為你預備了一個更寬廣的地方。那個寬廣還看不見，但它是真實的。,神也必引你出離患難，進入寬闊不狹窄之地；擺在你席上的必滿有肥甘。《約伯記36:16》
18約伯記第37章,敬拜,天父讓受造界的宏大喚醒你對祂的敬畏,你是否曾在大自然的某個宏偉景象面前——雷雨、星空、大海——感受到一種超越自我的震撼？以利戶說：「聽啊，神轟轟的聲音是他口中所發的響聲！」那個聲音不只是天氣，而是天父在說話。受造界的宏大是神向你說話的語言之一。今天讓天父透過祂所造的一切，再次讓你對祂的偉大充滿敬畏。,聽啊，神轟轟的聲音是他口中所發的響聲。《約伯記37:2》
18約伯記第38章,信仰,天父的問題讓你看見一個比你的痛苦更大的宇宙,你是否曾在最深的苦難中，因眼光只停在自己的痛苦上而越來越困。神對約伯說的不是答案，而是問題：「我立大地根基的時候，你在那裏呢？」那個問題打開了一個比約伯的苦難更大的視野。天父有時讓你看見宇宙的宏大，不是為了讓你的苦難不重要，而是為了讓你知道：有一位比你的苦難更大的神在掌管一切。,我立大地根基的時候，你在那裏呢？你若有聰明，只管說吧！《約伯記38:4》
18約伯記第39章,信仰,天父對每一個受造物都知曉，也對你細心照顧,你是否曾在渺小感中覺得自己在神眼中不過是無數人中的一個？神向約伯描述山鹿的生產時間、野驢的自由、馬的勇猛——對每一種受造物，祂都精確地知道。那位設計了大鷹築巢地點的神，對你更是如此。天父對你的知曉，不比祂對任何受造物的知曉更少。,大鷹上騰在高處搭窩，豈是聽你的吩咐嗎？《約伯記39:27》
18約伯記第40章,悔改,天父的偉大讓你可以帶著謙卑把審判交給祂,你是否曾有一種衝動，想要為自己的境遇「定神有罪」，覺得神這樣對你太不公平？神問約伯：「你豈可廢棄我所擬定的？豈可定我有罪，好顯自己為義嗎？」約伯的回應是：「我是卑賤的！只好用手摀口。」那個沉默不是被壓制，而是真正看見神的宏大後流出的謙卑。天父在等候你從審判者的位置退下來。,你豈可廢棄我所擬定的？豈可定我有罪，好顯自己為義嗎？《約伯記40:8》
18約伯記第41章,信仰,天父掌管連你最懼怕的力量都無法抵擋的一切,你是否曾面對某個你覺得完全無法控制的力量——疾病、失業、人際的破裂——感到束手無策？神描述鱷魚的力量讓人無法捕捉，然後說：「誰先給我甚麼，使我償還呢？天下萬物都是我的。」那個最讓你恐懼的力量，在天父面前也是受造的、有限的。祂掌管你覺得無法控制的一切。,誰先給我甚麼，使我償還呢？天下萬物都是我的。《約伯記41:11》
18約伯記第42章,信仰,天父讓你從「關於祂的知識」走向「親眼看見祂」,你是否曾感覺對神的認識只是從別人那裡學來的，而不是從自己真實的相遇中得到的？約伯說：「我從前風聞有你，現在親眼看見你。」那個「現在親眼看見」不是在順境中，而是在長期的苦難之後。天父有時允許苦難，是為了把你的信仰從「聽說」帶向「親見」。那個親眼看見的相遇，是最深刻的恩典。,我從前風聞有你，現在親眼看見你。因此我厭惡自己，在塵土和爐灰中懊悔。《約伯記42:5-6》
19詩篇第001篇,智慧,天父的律法是你最真實的喜樂和力量的泉源,你是否曾把讀經和遵行神的話語視為一種義務，而不是一種喜樂？詩篇第一篇說：那「晝夜思想」神律法的人「便為有福」，他「如樹栽於溪水旁……葉子也不枯乾」。那個喜樂不是表演出來的，而是從深根中長出來的。天父的話語是你的溪水旁，讓你扎根、讓你結果、讓你在乾旱中不枯乾。,惟喜愛耶和華的律法，晝夜思想，這人便為有福！《詩篇1:2》
19詩篇第002篇,信仰,天父在列邦的反叛中仍坐著為王，你可以投靠祂,你是否曾因世界的混亂、強權的囂張而感到不安，覺得神好像不在掌控？列邦聯合起來攻擊神的受膏者，「那坐在天上的必發笑」——不是因為不在乎，而是因為祂的主權無法被動搖。天父不因人的反叛而失去王座，不因局勢的混亂而失去掌控。今天仍然是：「凡投靠他的，都是有福的。」,凡投靠他的，都是有福的。《詩篇2:12》
19詩篇第003篇,禱告,天父讓你在最危急的時刻仍能安然躺下睡覺,你是否曾在某個充滿威脅的夜晚，因焦慮而無法安睡？大衛在兒子叛亂、性命危急的處境中說：「我躺下睡覺，我醒着，耶和華都保佑我。」那不是因為危機解除了，而是因為他的信仰讓他能在危機中安息。天父的保守不需要環境先變好，祂的平安比你所面對的危險更真實。,我躺下睡覺，我醒着，耶和華都保佑我。《詩篇3:5》
19詩篇第004篇,信仰,天父讓你心裡快樂，勝過一切外在的豐足,你是否曾以為快樂來自於擁有足夠多，而不是來自於認識神？大衛說：「你使我心裏快樂，勝過那豐收五穀新酒的人。」他沒有五穀豐收，卻有更深的快樂。那個快樂不是環境給的，而是神放在心裡的。天父能讓你在外在並不豐足的時候，內心仍有一種別人給不了的快樂和安穩。,你使我心裏快樂，勝過那豐收五穀新酒的人。《詩篇4:7》
19詩篇第005篇,禱告,天父在每天的早晨等候你到祂面前陳明心意,你是否曾讓一天的開始不帶著任何與神的相遇，就直接衝進那一天的事務中？大衛說：「耶和華啊，早晨你必聽我的聲音；早晨我必向你陳明我的心意，並要儆醒！」那個「早晨」不是義務，而是關係的選擇。天父在你的每一個早晨都在等候，等候你先和祂說話，然後再開始一天。,耶和華啊，早晨你必聽我的聲音；早晨我必向你陳明我的心意，並要儆醒！《詩篇5:3》
19詩篇第006篇,禱告,天父聽見你軟弱顫抖時的禱告，並必收納你,你是否曾在最虛弱的時候感到不配禱告，覺得「這樣的狀態怎麼能到神面前」？大衛說：「耶和華啊，求你可憐我，因為我軟弱」，然後說：「耶和華聽了我的懇求；耶和華必收納我的禱告。」神不要求你健康有力才來找祂，祂在你最軟弱、骨頭最發戰的時候說：「我聽見了。」,耶和華聽了我的懇求；耶和華必收納我的禱告。《詩篇6:9》
19詩篇第007篇,信仰,天父是公義的審判者，你可以把冤屈交在祂手裡,你是否曾在被人誣陷或誤解時，感到無處申訴、無法自辯？大衛面對不實的控告，不自行報復，而是說：「耶和華啊，求你按我的公義和我心中的純正判斷我。」他把審判的主權交給神，因為他知道神是「公義的神，察驗人的心腸肺腑」。天父是你最可靠的審判者，你的冤屈在祂面前從未被遺忘。,耶和華啊，求你按我的公義和我心中的純正判斷我。《詩篇7:8》
19詩篇第008篇,敬拜,天父的榮耀超越諸天，你卻在祂心中有獨特的位置,你是否曾在仰望星空時，感到自己的微小，以為神不可能特別在意一個人？大衛仰望天空問：「人算甚麼，你竟顧念他？」然後驚訝地說：神「使他有名譽尊貴」，「派他管理你手所造的」。你雖渺小，在天父的設計中卻有意義和使命。祂的宏大，不是讓你消失，而是讓你顯出被愛的光榮。,人算甚麼，你竟顧念他？世人算甚麼，你竟眷顧他？《詩篇8:4》
19詩篇第009篇,敬拜,天父坐著為王直到永遠，你的讚美有永恆的對象,你是否曾讚美神，卻不確定那個讚美是否有真實的根基？大衛說：「惟耶和華坐著為王，直到永遠；他已經為審判設擺他的寶座。」那個王座不因任何事動搖，那個王不因時代改變而下位。天父是值得你「一心稱謝、傳揚奇妙作為」的永恆君王，今天你的讚美有一個永遠不會消失的對象。,惟耶和華坐着為王，直到永遠；他已經為審判設擺他的寶座。《詩篇9:7》
19詩篇第010篇,禱告,天父聽見你在祂似乎隱藏時仍然向祂呼喊的聲音,你是否曾有過「神好像消失了、不管了」的感受，又不確定是否可以把這個感受說出來？大衛大聲問：「耶和華啊，你為甚麼站在遠處？在患難的時候為甚麼隱藏？」然後話鋒一轉：「其實你已經觀看。」那個質問不是失去信仰，而是在黑暗中仍然對著神說話。天父承接了那個質問，也就承接了你。,耶和華啊，謙卑人的心願，你早已知道。你必預備他們的心，也必側耳聽他們的祈求。《詩篇10:17》
19詩篇第011篇,信仰,天父是你的避難所，比任何逃亡計畫更安全,你是否曾在某個危機中，朋友勸你「快逃、快躲、先保護自己」，卻在心裡感覺那不是最好的方向？大衛在眾人勸他逃跑時說：「我是投靠耶和華。」那不是輕率，而是他清楚哪裡才是真正安全的。天父的寶座在天上，祂的眼目察看每一個處境。你最穩固的避難所，永遠是祂。,我是投靠耶和華；你們怎麼對我說：你當像鳥飛往你的山去。《詩篇11:1》
19詩篇第012篇,品格,天父的言語是純淨的，在謊言充斥的世代中仍然可信,你是否曾在一個謊言盛行的環境中，感到連可信賴的話都越來越難找到？大衛感嘆「人人向鄰舍說謊；心口不一」，然後說：「耶和華的言語是純淨的言語，如同銀子在泥爐中煉過七次。」在一切話語都可疑的時代，天父的話是唯一可以完全信靠的。那個純淨的言語，是你最真實的根基。,耶和華的言語是純淨的言語，如同銀子在泥爐中煉過七次。《詩篇12:6》
19詩篇第013篇,信仰,天父在你等候祂的漫長中仍是你依靠的慈愛,你是否曾在一個漫長的等候中，一再問「還要多久」？大衛問了四次「要到幾時」——那不是不信，而是在等候中誠實地說出內心的煎熬。但他最後說：「我倚靠你的慈愛；我的心因你的救恩快樂。」那個轉折不是因為等候結束了，而是因為他的眼睛轉向了天父的慈愛。你的等候，祂的慈愛仍在。,但我倚靠你的慈愛；我的心因你的救恩快樂。《詩篇13:5》
19詩篇第014篇,信仰,天父從天上垂看，尋找那些在生命中真正尋求祂的人,你是否曾想過，神現在正在觀看世界，「要看有明白的沒有，有尋求神的沒有」？那個目光也落在你身上。愚頑人心裡說「沒有神」——不只是言語上的無神論，也是生活上不以神為中心的選擇。天父在尋找那個真正以祂為生命核心的人，那個人可以成為你。,耶和華從天上垂看世人，要看有明白的沒有，有尋求神的沒有。《詩篇14:2》
19詩篇第015篇,品格,天父呼召你在言行與內心上都活出真實,你是否曾問過自己：與神同住的那種人，究竟是什麼樣的人？詩篇15篇描述的不是宗教表現，而是日常品格——行為正直、說實話、不讒謗、「發了誓，雖然自己吃虧也不更改」。那個「雖然吃虧」是關鍵，它顯示真實的誠信是有代價的。天父看的不只是你在教堂裡的樣子，而是你在日常生活中的每一個選擇。,就是行為正直、作事公義、心裏說實話的人。他發了誓，雖然自己吃虧也不更改。《詩篇15:2、4》
19詩篇第016篇,信仰,天父自己就是你最真實的產業，你必不至缺乏,你是否曾覺得自己的生命缺少了什麼，不斷在尋找一個能真正讓你滿足的東西？大衛說：「耶和華是我的產業，是我杯中的分；我的好處不在你以外。」不是說他沒有其他擁有的，而是說那些都比不上有神。天父在你心裡放了一個只有祂能填滿的位置，在祂面前有「滿足的喜樂」和「永遠的福樂」。,耶和華是我的產業，是我杯中的分……在你面前有滿足的喜樂；在你右手中有永遠的福樂。《詩篇16:5、11》
19詩篇第017篇,禱告,天父看見你心中最深的地方，仍讓你坦然來到祂面前,你是否曾因害怕「神會看見我真實的樣子」而不敢太靠近祂？大衛說：「你已經試驗我的心；你在夜間鑒察我；你熬煉我，卻找不著甚麼。」他反而邀請神最深度的察看，因為他知道那種透明才是真實關係的基礎。天父已看見你最深的地方，仍然邀請你坦然來到祂面前，沒有什麼需要隱瞞。,你已經試驗我的心；你在夜間鑒察我；你熬煉我，卻找不着甚麼。《詩篇17:3》
19詩篇第018篇,信仰,天父讓你在急難中呼求，祂的耳朵靠近你的聲音,你是否曾在最深的急難中不確定神是否在聽？大衛說：「我在急難中求告耶和華，向我的神呼求。他從殿中聽了我的聲音；我在他面前的呼求入了他的耳中。」那個聲音沒有消失在空氣裡，而是「入了他的耳中」。天父的耳朵靠近你的呼聲，即使你感覺祂很遠，祂仍然在聽。,我在急難中求告耶和華，向我的神呼求。他從殿中聽了我的聲音；我在他面前的呼求入了他的耳中。《詩篇18:6》
19詩篇第019篇,信仰,天父透過諸天和話語向你持續說話,你是否曾覺得找不到神的聲音？大衛說：「諸天述說神的榮耀」——天天說、夜夜傳，無聲無言，卻聲音已傳遍全地。然後他說：「耶和華的律法全備，能甦醒人心」——大自然說話，祂的話語也說話。天父一直在對你說話，透過受造界的宏大和話語的光照。你今天有沒有聽見？,諸天述說神的榮耀……耶和華的律法全備，能甦醒人心。《詩篇19:1、7》
19詩篇第020篇,未來,天父讓你成為那個在別人出征前為他們代禱的人,你是否曾在弟兄姐妹面對一個重大挑戰之前，認真地為他們禱告？這首詩是整個會眾為即將面對危難的王代禱——不是在事後安慰，而是在事前代求。「有人靠車，有人靠馬，但我們要提到耶和華我們神的名。」天父呼召你成為那個在別人出發之前跪下來為他們代求的人。,有人靠車，有人靠馬，但我們要提到耶和華我們神的名。《詩篇20:7》
19詩篇第021篇,敬拜,天父配得你在每一次得勝後立刻以喜樂歸榮耀給祂,你是否曾在某次禱告被應允、事情終於成功之後，先感謝自己的努力，才想到感謝神？大衛在得勝後說：「王必因你的能力歡喜；因你的救恩，他的快樂何其大！」那份喜樂不是指向成就，而是指向神。天父配得你每一次得勝後最立即、最真實的喜樂和感謝。,耶和華啊，王必因你的能力歡喜；因你的救恩，他的快樂何其大！《詩篇21:1》
19詩篇第022篇,禱告,天父在你被棄感中仍垂聽苦難人的呼籲,你是否曾有過「神啊，你為什麼不管我」的感受，卻又不確定自己是否有資格這樣問？這首詩的第一句是：「我的神，我的神！為甚麼離棄我？」——耶穌在十字架上也說了這句話。那個「被棄」的感受是真實的，但這首詩後來說：「他沒有藐視憎惡受苦的人……那受苦之人呼籲的時候，他就垂聽。」天父沒有離棄你。,因為他沒有藐視憎惡受苦的人，也沒有向他掩面；那受苦之人呼籲的時候，他就垂聽。《詩篇22:24》
19詩篇第023篇,信仰,天父是你的牧者，在死蔭的幽谷中與你同行,你是否曾行過一段「死蔭的幽谷」，感覺孤單、黑暗、前路不明？大衛說：「我雖然行過死蔭的幽谷，也不怕遭害，因為你與我同在；你的杖，你的竿，都安慰我。」那個安慰不是「谷消失了」，而是「你與我同在」。天父的同在不取消幽谷，但它讓你在幽谷中不怕。祂的杖和竿今天也在你身邊。,我雖然行過死蔭的幽谷，也不怕遭害，因為你與我同在；你的杖，你的竿，都安慰我。《詩篇23:4》
19詩篇第024篇,敬拜,天父是榮耀的王，祂的全地都屬於祂,你是否曾覺得信仰只是生活某個角落的事，與其他的世界無關？「地和其中所充滿的，世界和住在其間的，都屬耶和華。」那個「都」沒有例外——你的職場、你的家庭、你的週一早晨，都屬於天父的王國範圍。榮耀的王不只在教堂裡為王，祂在你走過的每一個地方為王。,地和其中所充滿的，世界和住在其間的，都屬耶和華。《詩篇24:1》
19詩篇第025篇,智慧,天父與敬畏祂的人親密，也引導謙卑的人,你是否曾在一個重要的十字路口感到迷惘，不知道哪條路是對的？大衛說：「耶和華啊，求你將你的道指示我，將你的路教訓我！」然後說：「他必按公平引領謙卑人，將他的道教訓他們。」天父的引導是給那些謙卑尋求的人的。今天，在那個你不確定的地方，帶著謙卑去求問，祂必引領。,耶和華與敬畏他的人親密；他必將自己的約指示他們。《詩篇25:14》
19詩篇第026篇,信仰,天父讓你在透明的心前仍可坦然進入祂的殿,你是否曾因害怕神會看見你心裡的那些角落而刻意與祂保持距離？大衛反而說：「耶和華啊，求你察看我，試驗我，熬煉我的肺腑心腸。」那個邀請，是建立在「我喜愛你所住的殿」的渴慕上。天父的察看不是為了審判你，而是為了讓你更深地認識祂、更清潔地親近祂。,耶和華啊，求你察看我，試驗我，熬煉我的肺腑心腸。《詩篇26:2》
19詩篇第027篇,信仰,天父讓你在最孤單的被棄中仍有一個「收留你的神」,你是否曾有過最親近的人的離棄，那種孤單深到幾乎無法承受？大衛說：「我父母離棄我，耶和華必收留我。」父母是世間最深的連結，但即使那也可能破裂；而天父的「收留」超越所有人的離棄。你今天無論面對什麼樣的孤單，天父說：「我必收留你。」那個收留是真實的。,我父母離棄我，耶和華必收留我。《詩篇27:10》
19詩篇第028篇,禱告,天父讓你把靠近祂視為你最根本的需要,你是否曾讓「向神呼求」成為最後的手段，而非第一個選擇？大衛說：「倘若你向我閉口，我就如將死的人一樣。」那句話揭示禱告對他的根本性：沒有神的回應，就如同沒有生命。天父不是你的備用選項，而是你生命存活最根本的依靠。把靠近祂放在今天的第一位。,耶和華是我的力量，是我的盾牌；我心裏倚靠他就得幫助。所以我心中歡樂，我必用詩歌頌讚他。《詩篇28:7》
19詩篇第029篇,敬拜,天父的聲音大有能力，祂也把力量和平安賜給你,你是否曾在某個特別讓你感到神的宏大的時刻——雷聲、大浪、壯麗的景色——感到一種震撼的敬畏？詩篇29篇說：「耶和華的聲音大有能力；耶和華的聲音滿有威嚴。」然後說：「耶和華必賜力量給他的百姓；耶和華必賜平安的福給他的百姓。」那個大有能力的神，把力量和平安賜給你。,耶和華必賜力量給他的百姓；耶和華必賜平安的福給他的百姓。《詩篇29:11》
19詩篇第030篇,信仰,天父把你的哀哭變為跳舞，把你的麻衣換為喜樂,你是否曾在一段長期的悲傷中，覺得喜樂已是遙不可及的事？大衛說：「一宿雖然有哭泣，早晨便必歡呼。」不是說苦難只有一夜，而是說在神的時間表裡，哭泣有其時，歡呼也有其時。「你已將我的哀哭變為跳舞，將我的麻衣脫去，給我披上喜樂。」那個翻轉，天父能做到。,他的怒氣不過是轉眼之間；他的恩典乃是一生之久。一宿雖然有哭泣，早晨便必歡呼。《詩篇30:5》
19詩篇第031篇,信仰,天父是你可以把靈魂完全托付的那位,你是否曾在最無力、最不確定的時刻，願意完全把自己交出去？大衛說：「我將我的靈魂交在你手裏」——這句話後來被耶穌在十字架上說出，成為人類歷史最深刻的信仰宣告。天父的手是可以完全托付的，因為祂是「誠實的神」。你今天願意把你最放不下的那部分，交在祂手裡嗎？,我將我的靈魂交在你手裏；耶和華誠實的神啊，你救贖了我。《詩篇31:5》
19詩篇第032篇,悔改,天父在你坦承罪過的那一刻就赦免你,你是否曾因不肯承認錯誤，而感覺心裡有什麼重重地壓著，難以自由？大衛說：「我閉口不認罪的時候，因終日唉哼而骨頭枯乾。」然後：「我向你陳明我的罪……你就赦免我的罪惡。」那個赦免在承認的那一刻就來了。天父不是在等你做得更好才赦免你，而是在你承認的那個時刻，就已赦免。,我向你陳明我的罪，不隱瞞我的惡。我說：我要向耶和華承認我的過犯，你就赦免我的罪惡。《詩篇32:5》
19詩篇第033篇,信仰,天父的籌算永遠立定，你所仰望的應許必然成就,你是否曾因世界的變動和人的謀算而感到不安，不知道未來是否還有確定的根基？「耶和華使列國的籌算歸於無有……耶和華的籌算永遠立定；他心中的思念萬代常存。」人的計畫可以被推翻，天父的籌算卻永遠立定。你今天所仰望的那個應許，建立在那個永遠不改變的籌算上。,耶和華的籌算永遠立定；他心中的思念萬代常存。《詩篇33:11》
19詩篇第034篇,信仰,天父靠近傷心的人，拯救靈性痛悔的人,你是否曾覺得只有在信仰狀態很好的時候才值得來到神面前？「耶和華靠近傷心的人，拯救靈性痛悔的人。」天父的靠近不是在你強壯的時候，而是在你傷心、痛悔的時候——那正是祂最靠近的時刻。你今天帶著傷心或痛悔來到祂面前，祂不是站在遠處，而是正在靠近你。,耶和華靠近傷心的人，拯救靈性痛悔的人。《詩篇34:18》
19詩篇第035篇,奉獻,天父是你的爭戰者，你可以把冤屈交給祂,你是否曾在被人惡意對待的時候，一再壓抑復仇的衝動，卻不知道把那個憤怒放在哪裡？大衛說：「耶和華啊，與我相爭的，求你與他們相爭！」他沒有自行報復，而是把那場爭戰交給神。天父是公義的審判者，也是你的爭戰者。把冤屈交給祂，是最有力量的信仰行動。,耶和華啊，與我相爭的，求你與他們相爭！與我相戰的，求你與他們相戰！《詩篇35:1》
19詩篇第036篇,信仰,天父的慈愛何其寶貴，人可以在祂翅膀下投靠,你是否曾在生命最混亂的時候，渴望有一個真正安全的地方，一個任何威脅都進不來的地方？大衛在描述惡人的可怕之後說：「神啊，你的慈愛何其寶貴！世人投靠在你翅膀的蔭下。」天父的慈愛是這個充滿惡的世界裡唯一真正寶貴的東西，那翅膀的蔭下是你今天可以去投靠的地方。,神啊，你的慈愛何其寶貴！世人投靠在你翅膀的蔭下。《詩篇36:7》
19詩篇第037篇,信仰,天父呼召你把重擔交給祂，倚靠祂，等候祂的成就,你是否曾因別人的得勢或自己的困境而心焦，試圖靠自己強行推動局面？大衛說：「當將你的事交託耶和華，並倚靠他，他就必成全。」三個動作：交託、倚靠、等候——那不是消極，而是把主導權還給真正掌管一切的那位。天父必成全，你今天需要做的，就是先把那件事從你手裡放下。,當將你的事交託耶和華，並倚靠他，他就必成全。《詩篇37:5》
19詩篇第038篇,禱告,天父接收你所有的歎息，沒有一個對祂是隱瞞的,你是否曾有過那種說不清楚的重，只能歎息，說不出完整的話語？大衛說：「主啊，我的心願都在你面前；我的歎息不向你隱瞞。」那個歎息，不需要整理好才帶到神面前，它原本的樣子就是禱告。天父接收你每一個說不清楚的歎息，那對祂來說，是清晰的話語。,主啊，我的心願都在你面前；我的歎息不向你隱瞞。《詩篇38:9》
19詩篇第039篇,信仰,天父是你短暫人生中唯一真實的指望,你是否曾在生命無常的感受中，不知道把指望放在哪裡？大衛說「我一生的年數，在你面前如同無有」，然後說：「主啊，如今我等甚麼呢？我的指望在乎你！」短暫的生命反而讓指望的對象更清晰：不是那些也會消逝的東西，而是永恆的天父。在你生命的有限中，祂是唯一真實的指望。,主啊，如今我等甚麼呢？我的指望在乎你！《詩篇39:7》
19詩篇第040篇,信仰,天父把你從禍坑中拉上來，使你腳步穩當,你是否曾在等候神的回應時感到漫長無際，不確定祂是否真的在行動？大衛說：「我曾耐性等候耶和華；他垂聽我的呼求。他從禍坑裏，從淤泥中，把我拉上來，使我的腳立在磐石上。」那個等候不是徒然的，天父最終把他拉上來了。你今天還在坑裡，但天父的手已經伸向你。,他從禍坑裏，從淤泥中，把我拉上來，使我的腳立在磐石上，使我腳步穩當。《詩篇40:2》
19詩篇第041篇,品格,天父看見你在自己有能力時對弱者的關顧,你是否曾在自己有足夠資源的時候，積極地關心身邊需要幫助的人？「眷顧貧窮的有福了！他遭難的日子，耶和華必搭救他。」天父在意你有沒有用你的有餘去關注那些缺乏的人。那份關顧不會無聲無息——在你自己需要被搭救的日子，天父記念那個曾眷顧弱者的你。,眷顧貧窮的有福了！他遭難的日子，耶和華必搭救他。《詩篇41:1》
19詩篇第042篇,信仰,天父在你靈魂最渴的時候就是你最需要的那位,你是否曾有過那種靈裡的饑渴，說不清楚需要什麼，只知道有什麼深深地不夠？「神啊，我的心切慕你，如鹿切慕溪水。」那個渴，就是為天父而設計的渴。那個缺口的形狀，只有祂能填滿。天父在你最深的渴慕中說：我在這裡，我就是你靈魂一直在尋找的那口活水。,神啊，我的心切慕你，如鹿切慕溪水。《詩篇42:1》
19詩篇第043篇,禱告,天父的亮光和真實能引導你走過最迷惘的時刻,你是否曾在一段充滿混亂和不確定的日子中，不知道哪個方向是正確的？詩人說：「求你發出你的亮光和真實，好引導我，帶我到你的聖山，到你的居所！」那個禱告不是求神解決所有問題，而是求一道光和一個真實的帶領。天父的亮光在最迷惘的路上仍然能照亮下一步。,求你發出你的亮光和真實，好引導我，帶我到你的聖山，到你的居所！《詩篇43:3》
19詩篇第044篇,信仰,天父在你沒有失去信仰的等候中聽見你的代求,你是否曾在一段苦難中仍然保持信仰，卻不明白為什麼神好像沉默？詩人說：「這都臨到我們身上，我們卻沒有忘記你，也沒有違背你的約。」那份「雖然苦難，仍未忘記」的堅持，天父看見了。那最後一聲呼喊：「求你起來幫助我們！」也是你今天可以喊出的禱告。,求你起來幫助我們！憑你的慈愛救贖我們！《詩篇44:26》
19詩篇第045篇,信仰,天父的寶座是永永遠遠的，你所事奉的王永不落幕,你是否曾因世界的政治、文化或社會的轉變感到不安，不知道信仰的根基是否還站得住？「神啊，你的寶座是永永遠遠的；你的國權是正直的。」王座不因任何時代的改變而動搖，國權不因任何政治的輪替而失去。天父所統管的王國是永遠的，你所投靠的君王，沒有落幕的一天。,神阿，你的寶座是永永遠遠的；你的國權是正直的。《詩篇45:6》
19詩篇第046篇,家庭,天父是你在患難中隨時的幫助，要你休息並知道祂是神,你是否曾在世界動盪、一切都在搖動的時候，感到完全的恐懼和不安？「神是我們的避難所，是我們的力量，是我們在患難中隨時的幫助。」然後神說：「你們要休息，要知道我是神！」那個「休息」是一個命令——停止掙扎，讓我來。天父的存在比任何動盪都更真實，更穩固。,神是我們的避難所，是我們的力量，是我們在患難中隨時的幫助。《詩篇46:1》
19詩篇第047篇,敬拜,天父作王治理萬國，值得你全身心的讚美,你是否曾有過一種發自全身的、喜樂到忍不住的敬拜？「萬民哪，你們都要拍掌！要用誇勝的聲音向神呼喊！」拍掌、呼喊——不是形式，而是身體在宣告：有一位配得我這樣回應的神。「神作王治理萬國；神坐在他的聖寶座上。」天父不只是你個人的神，祂是萬國的王，值得萬民最真實的讚美。,萬民哪，你們都要拍掌！要用誇勝的聲音向神呼喊！《詩篇47:1》
19詩篇第048篇,信仰,天父是你永永遠遠的神，也是引領你直到死時的,你是否曾想過誰會在你生命最後那一刻陪伴你？「這神永永遠遠為我們的神；他必作我們引路的，直到死時。」天父的同在不只是在你的好時光，也在你的最後一程。那份引路的承諾，從現在延伸到你生命的終點，也延伸到那個終點之後。,這神永永遠遠為我們的神；他必作我們引路的，直到死時。《詩篇48:14》
19詩篇第049篇,信仰,天父有人無法提供的救贖，能釋放你脫離死亡的恐懼,你是否曾想過，這個世界上有什麼東西是金錢買不到的？「一個也無法贖自己的弟兄，也不能替他將贖價給神。」財富在神面前無能為力，卻「神必救贖我的靈魂脫離陰間的權柄，因他必收納我。」天父所提供的救贖，是唯一能真正釋放你脫離死亡恐懼的東西，那是任何財富都無法換取的。,只是神必救贖我的靈魂脫離陰間的權柄，因他必收納我。《詩篇49:15》
19詩篇第050篇,敬拜,天父要你以感謝為祭，在患難中求告祂,你是否曾把信仰簡化成「完成宗教義務」，卻失去了最核心的部分？神說：「你們要以感謝為祭獻與神……並要在患難之日求告我；我必搭救你，你也要榮耀我。」天父不要你只是做儀式，祂要的是真實的感謝之心，和在患難中真實地轉向祂。那個感謝和那個呼求，是比任何儀式都更真實的敬拜。,並要在患難之日求告我；我必搭救你，你也要榮耀我。《詩篇50:15》
19詩篇第051篇,悔改,天父為你造清潔的心，讓你的靈得以更新,你是否曾在犯了罪之後，感覺那個污漬是洗不掉的，甚至放棄了真正的認罪？大衛說：「神啊，求你為我造清潔的心，使我裏面重新有正直的靈。」那個「造」是創造性的行動，不是修補，而是更新。天父能在你最污穢的地方，創造出一個全新的潔淨。你今天願意讓祂造嗎？,神啊，求你為我造清潔的心，使我裏面重新有正直的靈。《詩篇51:10》
19詩篇第052篇,信仰,天父讓那些倚靠祂慈愛的人如常青的橄欖樹,你是否曾在看見一個倚靠財富或計謀的人繁榮時，感到自己的信仰之路顯得沒有力量？大衛說：「至於我，就像神殿中的青橄欖樹；我永永遠遠倚靠神的慈愛。」不是靠財富，不是靠詭詐，而是靠那永遠的慈愛。那株橄欖樹不因季節凋零，因為它的根在天父的慈愛裡。,至於我，就像神殿中的青橄欖樹；我永永遠遠倚靠神的慈愛。《詩篇52:8》
19詩篇第053篇,信仰,天父在尋找那個在生命中真正認識祂的人,你是否曾在言語上承認神的存在，卻在日常的決策中完全不考慮祂的看法？「愚頑人心裏說：沒有神」——那個說法不只是無神論者的宣告，也是每一個在生活中把神排除在外的人的實際狀態。天父從天上垂看，「要看有明白的沒有，有尋求他的沒有」。今天，你是那個真正在尋求祂的人嗎？,神從天上垂看世人，要看有明白的沒有？有尋求他的沒有？《詩篇53:2》
19詩篇第054篇,領袖,天父是扶持你命的那位，也是配得你甘心感謝的神,你是否曾在患難中最孤立無援時，發現天父仍然是那一個最終的倚靠？大衛說：「神是幫助我的，是扶持我命的。」那個「扶持我命」不只是保護，而是支撐你存在本身的力量。然後他說：「我要把甘心祭獻給你。」從得幫助到甘心獻祭——那個流程是感恩最自然的路徑。,神是幫助我的，是扶持我命的。《詩篇54:4》
19詩篇第055篇,信仰,天父讓你把重擔卸給祂，因祂必撫養你,你是否曾因最親近的人的背叛或離棄，而感到一種特別深的傷？「不料是你；你原與我平等，是我的同伴，是我知己的朋友！」那種傷，大衛完全知道。然後他說：「你要把你的重擔卸給耶和華，他必撫養你。」那個卸下不是說傷不重要，而是說天父足以承接那個重量。你願意把它卸下來嗎？,你要把你的重擔卸給耶和華，他必撫養你；他永不叫義人動搖。《詩篇55:22》
19詩篇第056篇,信仰,天父讓你在懼怕中仍選擇倚靠祂,你是否曾因承認自己懼怕而感到不屬靈，覺得「真信心的人是不應該怕的」？大衛說：「我懼怕的時候要倚靠你。」他沒有說「我倚靠你，所以我不懼怕」，而是承認懼怕，並在懼怕中仍然選擇倚靠。那才是信仰最剛強的時刻——不是沒有懼怕，而是帶著懼怕仍然轉向天父。,我懼怕的時候要倚靠你。我倚靠神，必不懼怕。血氣之輩能把我怎麼樣呢？《詩篇56:3、11》
19詩篇第057篇,財務,天父的慈愛高及諸天，是你等候災害過去的庇蔭,你是否曾在某個讓你感到孤立無援的處境中，需要一個真正安全的地方躲避？大衛在洞穴裡說：「我的心投靠你。我要投靠在你翅膀的蔭下，等到災害過去。」那個「等到」很重要——不是說災害不存在，而是說天父的庇蔭足以讓你撐過去。你今天需要那個庇蔭嗎？它一直在那裡。,我的心投靠你。我要投靠在你翅膀的蔭下，等到災害過去。《詩篇57:1》
19詩篇第058篇,信仰,天父是真正施行公義的神，你的憤慨有其根基,你是否曾因世界的不公義而憤怒，卻不知道把那份憤慨放在哪裡？大衛直接向神呼喊，對抗不義的審判者，最終宣告：「在地上果有施行判斷的神！」那個宣告不是氣餒，而是信心——天父是終極公義的審判者，人間不義的嗄嗄，在祂永恆的審判前，終必得到回應。,在地上果有施行判斷的神！《詩篇58:11》
19詩篇第059篇,禱告,天父的慈愛是你早晨高唱的歌，也是你最深的高臺,你是否曾在危險重重的清晨，仍找到可以唱歌的理由？大衛說：「我要歌頌你的力量，早晨要高唱你的慈愛；因為你作過我的高臺，在我急難的日子作過我的避難所。」那個唱歌不是因為危險消失了，而是因為他知道那個「高臺」是真實的。天父是你今天的高臺，是你急難中真實的避難所。,我要歌頌你的力量，早晨要高唱你的慈愛；因為你作過我的高臺，在我急難的日子作過我的避難所。《詩篇59:16》
19詩篇第060篇,信仰,天父讓你在人的幫助失敗時仍有祂的倚靠,你是否曾把所有期望都放在某個人或某個計畫上，結果那個依靠讓你失望了？大衛說：「求你幫助我們攻擊敵人，因為人的幫助是枉然的。我們倚靠神才得施展大能。」那個「才」是關鍵——人的幫助可以參與，但真正的得勝只在倚靠天父。你今天把你的倚靠放在哪裡？,我們倚靠神纔得施展大能，因為踐踏我們敵人的就是他。《詩篇60:12》
19詩篇第061篇,禱告,天父是那個比你更高的磐石，讓你在心發昏時來投靠,你是否曾有過那種靈魂發昏、方向盡失的日子，不知道如何禱告？大衛說：「我心裏發昏的時候，我要從地極求告你。求你領我到那比我更高的磐石！」那個磐石比你更高，意思是你無法靠自己爬上去——它是天父主動讓你來投靠的。在你最發昏的時候，那個磐石仍然在那裡等你。,我心裏發昏的時候，我要從地極求告你。求你領我到那比我更高的磐石！《詩篇61:2》
19詩篇第062篇,信仰,天父讓你在靈魂的默默等候中找到最深的力量,你是否曾覺得等候神是一種消極的放棄，而不是一種主動的選擇？大衛說：「我的心默默無聲，專等候神」——那個「默默無聲」不是放棄，而是主動地把靈魂的喧嚷按下去，讓神的聲音可以被聽見。在一個充滿噪音的時代，天父邀請你學習那種有力量的安靜等候。,我的心默默無聲，專等候神；我的救恩是從他而來。《詩篇62:1》
19詩篇第063篇,信仰,天父的慈愛比生命更好，是你心中最真實的渴慕,你是否曾在生命的某種乾旱中，感到一種說不清楚的缺乏？大衛在曠野說：「在乾旱疲乏無水之地，我渴想你；我的心切慕你。因你的慈愛比生命更好，我的嘴唇要頌讚你。」那個「比生命更好」是最深的優先次序宣告。天父的慈愛是你在任何乾旱中最需要的那口活水。,因你的慈愛比生命更好，我的嘴唇要頌讚你。《詩篇63:3》
19詩篇第064篇,品格,天父看見暗中謀算的人，義人最終必以祂為誇口,你是否曾感受到那種「被暗箭射中」的傷，那種言語傷害在你不知情的時候已經造成的？大衛說有人「磨舌如刀，發出苦毒的言語，好像比準了的箭，要在暗地射完全人。他們說：誰能看見？」但最後：「義人必因耶和華歡喜，並要投靠他。」天父看見所有暗中的謀算，也保護倚靠祂的人。,義人必因耶和華歡喜，並要投靠他；凡心裏正直的人都要誇口。《詩篇64:10》
19詩篇第065篇,信仰,天父以恩典為年歲的冠冕，在你生命的田野中傾倒豐盛,你是否曾在一年的某個時刻停下來，看見天父在這一年中所傾倒的豐盛，而感到心裡充滿了感謝？大衛說：「你以恩典為年歲的冠冕；你的路徑都滴下脂油……草場……山嶺……谷中也長滿了五穀。這一切都歡呼歌唱。」天父的供應不只是「夠了」，而是豐盛到連山嶺都在歡呼的程度。,你以恩典為年歲的冠冕；你的路徑都滴下脂油。《詩篇65:11》
19詩篇第066篇,信仰,天父熬煉你如熬煉銀子，是為讓你到達豐富之地,你是否曾在一段特別艱難的日子中，感到自己被「放進火裡熬煉」，不明白為什麼？大衛說：「神啊，你曾試驗我們，熬煉我們，如熬煉銀子一樣……你卻使我們到豐富之地。」那個「卻」是關鍵——熬煉不是終點，豐富之地才是。天父在你的試煉中，正在把雜質除去，為你準備更豐富的地方。,神啊，你曾試驗我們，熬煉我們，如熬煉銀子一樣……你卻使我們到豐富之地。《詩篇66:10、12》
19詩篇第067篇,敬拜,天父賜福你，是為讓萬國透過你認識祂的道路,你是否曾只把神的祝福看作是自己的福氣，而沒有想到祝福是有目的的？「願神憐憫我們，賜福與我們……好叫世界得知你的道路，萬國得知你的救恩。」你所領受的每一份祝福，都帶著一個超越個人的目的——讓那份祝福在你的生命中成為別人認識天父的窗口。,願神憐憫我們，賜福與我們……好叫世界得知你的道路，萬國得知你的救恩。《詩篇67:1-2》
19詩篇第068篇,信仰,天父每天背負你的重擔，是那位應當稱頌的神,你是否曾在一個特別沉重的日子，感到一個人扛不住？大衛說：「天天背負我們重擔的主，就是拯救我們的神，是應當稱頌的！」那個「天天」是每一天——不只在你特別求祂的時候，而是每一天，祂都在主動背負。天父不是等你求才幫助，祂主動、天天地承擔你的重量。,天天背負我們重擔的主，就是拯救我們的神，是應當稱頌的！《詩篇68:19》
19詩篇第069篇,敬拜,天父讓你以感謝的詩歌榮耀祂，那比獻牛更蒙悅納,你是否曾覺得你所能給神的太普通，不夠格稱為「祭」？大衛在被辱罵、被棄絕、沒有一個人安慰的處境中說：「我要以詩歌讚美神的名，以感謝稱他為大！這便叫耶和華喜悅，勝似獻牛。」你誠實的感謝，在天父眼中勝過一切宗教的獻祭。你今天可以給祂的，比你以為的更有價值。,我要以詩歌讚美神的名，以感謝稱他為大！這便叫耶和華喜悅，勝似獻牛。《詩篇69:30-31》
19詩篇第070篇,禱告,天父在你迫切需要時歡迎你「速速」地呼求祂,你是否曾覺得禱告必須沉穩從容，不可以顯得太迫切或太「急」？大衛說：「神啊，求你快快搭救我！耶和華啊，求你速速幫助我！」那個「快快」、「速速」是真實關係的自然流露——不是不信，而是對天父的信靠使他敢於這樣直接地呼求。你今天有迫切需要嗎？天父在等候你的呼求。,神啊，求你快快搭救我！耶和華啊，求你速速幫助我！《詩篇70:1》
19詩篇第071篇,信仰,天父從你出母胎開始倚靠祂，到年老仍不丟棄你,你是否曾擔心隨著年齡增長，自己對神的用處越來越少，神也許不再那麼在意你？詩人說：「主耶和華啊，你是我所盼望的；從我年幼，你是我所倚靠的」，然後說：「我年老的時候，求你不要丟棄我！我力氣衰弱的時候，求你不要離棄我！」天父從你年幼倚靠祂，到年老依然是你的倚靠。,我年老的時候，求你不要丟棄我！我力氣衰弱的時候，求你不要離棄我！《詩篇71:9》
19詩篇第072篇,領袖,天父心目中最美的領袖，是那個為最弱者伸冤的人,你是否曾思考過，什麼樣的領導者才是真正的好領袖？詩篇72描繪的理想王「為民中的困苦人伸冤，拯救窮乏之輩，壓碎那欺壓人的」，並且「救贖他們……他們的血在他眼中看為寶貴」。天父把對最弱者的關顧放在領袖最重要的特質中。無論你的影響圈多大，最值得你關注的，也許正是最需要你的那個人。,他必為民中的困苦人伸冤，拯救窮乏之輩，壓碎那欺壓人的。《詩篇72:4》
19詩篇第073篇,信仰,天父在你進入聖所時打開你看見永恆的眼睛,你是否曾因惡人似乎過得比你好，義人似乎一再受苦，而在信仰中感到困惑，甚至羨慕？亞薩說：「等我進了神的聖所，思想他們的結局。」那個進入聖所的動作，讓他從時間的視角切換到永恆的視角。天父在你來到祂面前時，讓你看見更大的圖畫，那個圖畫讓你說：「但我親近神是與我有益。」,等我進了神的聖所，思想他們的結局。……但我親近神是與我有益；我以主耶和華為我的避難所。《詩篇73:17、28》
19詩篇第074篇,禱告,天父是自古以來的王，你可以在最黑暗的時刻向祂申訴,你是否曾在一個讓你感覺神好像完全不在場的集體困境中，不知道禱告是否還有意義？這首詩說：「神啊，你為何永遠丟棄我們呢？」然後說：「神自古以來為我的王，在地上施行拯救。」那個轉向——從質問到記念——是禱告最真實的過程。天父在最深的黑暗中仍是自古以來的王。,神自古以來為我的王，在地上施行拯救。《詩篇74:12》
19詩篇第075篇,信仰,天父升高降卑，祂有主權讓你知道謙卑的根基,你是否曾看見一個不該得榮耀的人得了榮耀，而感到不服、不明白？「惟有神斷定；他使這人降卑，使那人升高。」升高和降卑，最終的主權在天父手裡，不在人的努力或陰謀中。那個認識讓你可以放心——你的位置不由別人決定，由掌管一切的那位決定。,惟有神斷定；他使這人降卑，使那人升高。《詩篇75:7》
19詩篇第076篇,信仰,天父的威嚴是可畏的，人的忿怒反而成全祂的榮美,你是否曾對「神的可畏」感到陌生，以為天父只是溫柔慈愛的神？「惟獨你是可畏的！你怒氣一發，誰能在你面前站得住呢？」然後說：「人的忿怒要成全你的榮美。」那是最深刻的安慰——即使人的惡意和憤怒，在天父的主權中也無法阻擋祂的榮耀。,人的忿怒要成全你的榮美；人的餘怒，你要禁止。《詩篇76:10》
19詩篇第077篇,禱告,天父在你想到祂反而更煩躁時，仍在聽你的禱告,你是否曾有過一種奇怪的狀態：越想到神，心裡反而越不安，那種禱告像是在黑暗中說話，不確定有沒有人在聽？詩人說：「我想念神，就煩躁不安；我沉吟，心就發昏。」那種體驗是真實的屬靈黑夜。天父接收了那個煩躁的禱告，就像祂承接了一切誠實向祂說出的話。那個禱告，祂在聽。,我在患難之日尋求主；我在夜間不住的舉手禱告；我的心不肯受安慰。《詩篇77:2》
19詩篇第078篇,未來,天父呼召你把祂的作為一代一代地述說下去,你是否曾思考過，如果沒有人把神的作為告訴你，你今天的信仰會在哪裡？這首詩說：「我們不將這些事向他們的子孫隱瞞，要將耶和華的美德……述說給後代聽。」信仰的傳承需要刻意的述說，不會自動發生。天父呼召你今天就開始講述祂在你生命中的作為，讓下一代能聽見。,我們不將這些事向他們的子孫隱瞞，要將耶和華的美德和他的能力，並他奇妙的作為，述說給後代聽。《詩篇78:4》
19詩篇第079篇,禱告,天父聽見你為祂的名的榮耀所發出的代求,你是否曾在代禱中不知道用什麼理由向神求，感覺自己的理由都不夠充分？詩人說：「拯救我們的神阿，求你因你名的榮耀幫助我們！」那是最深的禱告根基——不是因為我們夠好，而是因為你的名值得被尊崇。天父為了祂名的榮耀而行動，你可以以此為禱告的根基和信心的倚靠。,拯救我們的神阿，求你因你名的榮耀幫助我們！為你名的緣故搭救我們，赦免我們的罪。《詩篇79:9》
19詩篇第080篇,悔改,天父讓你在回轉後得見祂臉上的光，那就是得救,你是否曾感覺與神之間有了距離，不確定如何才能重新恢復那份親近？詩人三次禱告：「神啊，求你使我們回轉，使你的臉發光，我們便要得救！」那個「臉發光」不是情緒的感受，而是關係的恢復。天父在等候你的「回轉」，然後祂的臉發光——那個光就是你所需要的得救。,神阿，求你使我們回轉，使你的臉發光，我們便要得救！《詩篇80:3》
19詩篇第081篇,信仰,天父的渴望是你大大張口，祂要給你充滿,你是否曾因為禱告太小、期望太保守，而沒有讓天父有機會以祂的豐盛來滿足你？神說：「你要大大張口，我就給你充滿。」那個「大大張口」是天父的邀請——不是叫你貪婪，而是不要對祂的供應估計太低。甚願我的民肯聽從我，那些肯的人，天父要用上好的麥子和磐石的蜂蜜喂飽他們。,你要大大張口，我就給你充滿。《詩篇81:10》
19詩篇第082篇,品格,天父在你有任何權力時呼召你用它保護弱者,你是否曾在一個可以幫助弱者的位置上，卻因各種考量而沒有採取行動？神站在掌權者的會中宣告：「你們當為貧寒的人和孤兒伸冤；當為困苦和窮乏的人施行公義。」任何形式的權力或影響力，天父都期待它被用來保護弱者。你今天手中的任何一點影響力，可以為誰說話？,你們當為貧寒的人和孤兒伸冤；當為困苦和窮乏的人施行公義。《詩篇82:3》
19詩篇第083篇,信仰,天父讓人知道惟獨祂的名是全地至高者,你是否曾面對一個看起來不可能翻轉的局面，以為那些聯合起來的對手無法被撼動？詩篇83篇描述十個民族聯合對付神的子民，詩人的禱告的核心是：「使他們知道：惟獨你名為耶和華的，是全地以上的至高者！」那不是復仇，而是盼望神在整件事中得到榮耀。天父的名是至高的，沒有任何聯合能超越祂。,使他們知道：惟獨你名為耶和華的，是全地以上的至高者！《詩篇83:18》
19詩篇第084篇,信仰,天父讓那渴想祂院宇的心在流淚谷中仍有泉源,你是否曾渴望更接近神，卻發現前往的路上充滿了「流淚谷」？「他們經過流淚谷，叫這谷變為泉源之地；並有秋雨之福蓋滿了全谷。」朝聖的路上有流淚谷，但那些繼續前行的人發現：谷變成了泉源。天父把那個讓你流淚的地方，變成了你喝水的地方。繼續向祂走，那個谷不是終點。,他們經過流淚谷，叫這谷變為泉源之地；並有秋雨之福蓋滿了全谷。《詩篇84:6》
19詩篇第085篇,品格,天父的慈愛和誠實、公義和平安在你生命中相遇,你是否曾以為慈愛和公義是矛盾的，或者平安和誠實不能共存？「慈愛和誠實彼此相遇；公義和平安彼此相親。」那個相遇在基督的十字架上得到了最完全的成就——公義的要求被滿足，慈愛的救恩得以流出。天父的性情不需要在這些美德之間做選擇，它們在祂裡面是完全整合的。,慈愛和誠實彼此相遇；公義和平安彼此相親。《詩篇85:10》
19詩篇第086篇,禱告,天父本為良善樂意饒恕，這是你禱告最可靠的根基,你是否曾在禱告時不確定神是否願意聽、是否願意饒恕？大衛在一切對抗他的危難中說：「主啊，你本為良善，樂意饒恕人，有豐盛的慈愛賜給凡求告你的人。」那個「本為」是神的本性，不是偶爾的情緒。天父的良善和樂意饒恕，是任何時候向祂禱告的最可靠根基。,主啊，你本為良善，樂意饒恕人，有豐盛的慈愛賜給凡求告你的人。《詩篇86:5》
19詩篇第087篇,信仰,天父讓萬民都可以說：我的泉源都在你裡面,你是否曾以為神的子民只是某個特定的族群，而其他人和神的關係是另一回事？詩篇87篇說神把昔日的仇敵都算為「生在錫安」——那個包容超越了一切國籍和背景。最後：「歌唱的，跳舞的，都要說：我的泉源都在你裏面。」天父讓每一個人都可以說：我的生命的泉源在你那裡。,歌唱的，跳舞的，都要說：我的泉源都在你裏面。《詩篇87:7》
19詩篇第088篇,禱告,天父在你最深黑暗中仍在接收你夜夜的呼求,你是否曾有過一段信仰的黑夜，不只是一晚，而是持續很長時間——禱告卻不見回應？詩篇88篇是詩篇中最黑暗的一篇，從頭到尾沒有轉折，結尾是「黑暗」。但詩人仍說：「耶和華拯救我的神啊，我晝夜在你面前呼籲。」那個持續的呼求，天父都在收納。黑暗不代表祂不在。,耶和華拯救我的神啊，我晝夜在你面前呼籲。《詩篇88:1》
19詩篇第089篇,信仰,天父的慈愛直到永遠，祂的信實萬代常存,你是否曾在一個讓你覺得神似乎沒有信守承諾的時刻，感到困惑？詩人從歌頌神的慈愛和信實，走到在第38節質問：「現在你卻丟棄……」然後仍然說：「只是我必不將我的慈愛全然收回，也必不叫我的信實廢棄。」那個應許是神說的，不是詩人說的。天父的慈愛直到永遠，即使在你困惑的時候。,我要歌唱耶和華的慈愛，直到永遠；我要用口將你的信實傳與萬代。《詩篇89:1》
19詩篇第090篇,智慧,天父讓你數算日子，得著一顆有智慧的心,你是否曾讓日子一天天過去，卻沒有停下來想過：這些日子是否用在了值得的地方？「求你指教我們怎樣數算自己的日子，好叫我們得著智慧的心。」那個智慧的心不是來自更多的時間，而是來自更清醒地看待時間的有限。天父讓你知道自己的日子是有限的，是為了讓你活出真正有意義的每一天。,求你指教我們怎樣數算自己的日子，好叫我們得着智慧的心。《詩篇90:12》
19詩篇第091篇,信仰,天父把你藏在至高者的隱密處，用翎毛遮蔽你,你是否曾渴望一個真正安全的地方，一個任何風險都進不來的保護？「住在至高者隱密處的，必住在全能者的蔭下。他必用自己的翎毛遮蔽你；你要投靠在他的翅膀底下。」那個隱密處是真實可以居住的，那個遮蔽是真實的保護。天父今天邀請你住進那個「隱密處」，那是最安全的住所。,住在至高者隱密處的，必住在全能者的蔭下。《詩篇91:1》
19詩篇第092篇,信仰,天父讓你年老仍結果子，滿了汁漿而常發青,你是否曾擔心隨著年齡增長，自己對神的貢獻會越來越少，信仰生命也會漸漸乾涸？「義人要發旺如棕樹，生長如利巴嫩的香柏樹……他們年老的時候仍要結果子，要滿了汁漿而常發青。」天父的設計不是讓你隨年齡遞減，而是讓你越年老越豐盛、越有果效。那個承諾是給任何在祂裡面扎根的人說的。,他們年老的時候仍要結果子，要滿了汁漿而常發青。《詩篇92:14》
19詩篇第093篇,禱告,天父作王直到永遠，世界因祂而堅定不搖動,你是否曾在世界動盪、一切都在震動的時候，感到連自己腳下的地都不穩固？「耶和華作王！……世界就堅定，不得動搖。你的寶座從太初立定；你從亙古就有。」天父的王座不因任何時代的動盪而動搖。世界若有任何穩固，是因為有一位從亙古就有、坐在寶座上的王。你今天站在那個王的治理之下。,耶和華作王！他以威嚴為衣穿上……世界就堅定，不得動搖。《詩篇93:1》
19詩篇第094篇,信仰,天父的慈愛在你快要失腳時扶助你,你是否曾有過那種「我快站不住了」的感受，感覺自己隨時要跌倒？「我正說我失了腳，耶和華阿，那時你的慈愛扶助我。我心裏多憂多疑，你安慰我，就使我歡樂。」那個「正說」是關鍵——在你剛要失腳的那一刻，天父的慈愛就來扶助了。祂不是在你倒下後才來，而是在你要倒下時就到了。,我正說我失了腳，耶和華阿，那時你的慈愛扶助我。《詩篇94:18》
19詩篇第095篇,敬拜,天父邀請你今天屈身敬拜，不要硬著心,你是否曾在崇拜時保持著一種「旁觀者」的距離，沒有讓自己真正進入？「來啊，我們要屈身敬拜，在造我們的耶和華面前跪下。」然後說：「惟願你們今天聽他的話，不可硬着心。」那個「今天」是緊迫的——機會不是永遠的，每一個今天都是一個可以響應的時機。你今天願意屈身嗎？,來啊，我們要屈身敬拜，在造我們的耶和華面前跪下。《詩篇95:6》
19詩篇第096篇,敬拜,天父的救恩值得你天天傳揚、向列邦述說祂的榮耀,你是否曾讓讚美神成為一件只在主日發生的事？「天天傳揚他的救恩！在列邦中述說他的榮耀！在萬民中述說他的奇事！」那個「天天」、「列邦」、「萬民」是全方位的呼召——不只在教堂裡，而是在你每天走過的地方。天父的榮耀值得你今天就述說，對下一個遇見的人。,天天傳揚他的救恩！在列邦中述說他的榮耀！在萬民中述說他的奇事！《詩篇96:2-3》
19詩篇第097篇,信仰,天父的公義和公平是祂寶座的根基，你在祂統治下是安全的,你是否曾因世界的不公義而懷疑宇宙是否有一個公義的根基？「公義和公平是你寶座的根基」——那不是神的一個選擇，而是祂王座的根基。一個根基不在公義上的王座是不穩固的；天父的王座永遠穩固，因為公義是它的根本。你在祂的統治下是安全的，因為那個統治不偏不倚。,公義和公平是你寶座的根基；慈愛和誠實行在你前面。《詩篇97:2》
19詩篇第098篇,敬拜,天父的右手和聖臂施行救恩，值得全地歡呼,你是否曾在讚美時覺得它有點「太熱情」，有點「誇大」？詩篇98篇呼召人「向耶和華唱新歌」，說「大水拍手」、「諸山一同歡呼」——那個讚美幾乎是整個受造界的參與。「他行過奇妙的事；他的右手和聖臂施行救恩。」當你看見那個右手所成就的，你才明白那種讚美完全是合宜的。,他行過奇妙的事；他的右手和聖臂施行救恩。《詩篇98:1》
19詩篇第099篇,信仰,天父本為聖，值得你以敬畏的心來到祂面前,你是否曾把「神的慈愛」理解到失去了對「神的聖潔」的敬畏？詩篇99篇三次宣告：「他本為聖！」那個聖不只是道德的無罪，而是一種完全不同的本質——燃燒的光榮，讓人不敢輕率靠近。天父的慈愛讓你可以靠近，祂的聖潔讓你懂得以敬畏來靠近。兩者都是真實的，兩者都必要。,他們當稱讚他大而可畏的名；他本為聖！《詩篇99:3》
19詩篇第100篇,敬拜,天父的慈愛存到永遠，祂的信實直到萬代,你是否曾在某個時刻需要一個最簡單、最不需要複雜神學的理由來讚美神？「因為耶和華本為善。他的慈愛存到永遠；他的信實直到萬代。」就這三個理由——本為善、慈愛永遠、信實萬代。你今天可以「樂意事奉耶和華，當來向他歌唱」，只是因為這三件事，就已經夠了。,因為耶和華本為善。他的慈愛存到永遠；他的信實直到萬代。《詩篇100:5》
19詩篇第101篇,品格,天父在你家中無人注意時看見你的完全,你是否曾在公開場合表現得很有屬靈的樣子，卻在家裡對家人說了不一樣的話、做了不一樣的事？大衛說：「我要存完全的心行在我家中。」那個「家中」是最真實的考驗——那裡沒有表演的舞台，只有真實的你。天父看見你在家中、在無人注意時的樣子，那才是你真實的品格。,我要存完全的心行在我家中。《詩篇101:2》
19詩篇第102篇,信仰,天父永不改變，祂的年數沒有窮盡,你是否曾在一切都在改變、沒有任何東西可以依靠的感受中，渴望找到一個不變的根基？「惟有你永不改變；你的年數沒有窮盡。」在萬物都衰退的世界中，有一位永不改變的神。天父不因時代不同而不同，不因你的狀態改變而改變。祂的永恆是你最穩固的錨。,惟有你永不改變；你的年數沒有窮盡。《詩篇102:27》
19詩篇第103篇,信仰,天父把你的過犯挪走如東離西的遙遠,你是否曾覺得某些罪太重，神的赦免難以讓你感到真正的自由？「東離西有多遠，他叫我們的過犯離我們也有多遠！」那不是「稍微遠一點」，而是無法計算的距離——東和西永遠不相遇。天父把你的過犯挪走的距離，是無法用任何數字衡量的。你真的可以讓那個罪消失在那個遠處。,東離西有多遠，他叫我們的過犯離我們也有多遠！《詩篇103:12》
19詩篇第104篇,敬拜,天父所造的何其多，都滿了祂的豐富和智慧,你是否曾因生活的忙碌而久未抬頭看天空，久未注意到身邊受造界的奇妙？「耶和華啊，你所造的何其多！都是你用智慧造成的；遍地滿了你的豐富。」那個豐富不只在哪個特別的地方，而是「遍地」。天父在你今天走過的每一個地方，都放了祂的豐富，等待你去注意到。,耶和華啊，你所造的何其多！都是你用智慧造成的；遍地滿了你的豐富。《詩篇104:24》
19詩篇第105篇,信仰,天父記念祂的約直到永遠，你手中的應許從不過期,你是否曾懷疑神對你的應許是否還算數，因為等待太久？「他記念他的約，直到永遠；他所吩咐的話，直到千代。」那個「直到永遠」沒有例外條款，沒有到期日。約瑟等了多年，那等候中「耶和華的話試煉他」——考驗的是他的信心，而不是應許的效力。天父記念祂的約，今天仍然算數。,他記念他的約，直到永遠；他所吩咐的話，直到千代。《詩篇105:8》
19詩篇第106篇,悔改,天父的豐盛慈愛超越以色列世代的反複悖逆,你是否曾對自己一再反複的失敗感到厭倦，覺得神一定也厭倦了？詩篇106篇回顧了以色列世代的悖逆，然後說：「他屢次搭救他們……為他們記念他的約，照他豐盛的慈愛後悔。」那個「後悔」是神轉向憐憫的宣告。天父的慈愛比以色列所有的反複更多，也比你所有的失敗更豐盛。,為他們記念他的約，照他豐盛的慈愛後悔。《詩篇106:45》
19詩篇第107篇,禱告,天父在你苦難的呼求中搭救你，這是祂一貫的方式,你是否曾在苦難中感到孤立，不確定呼求神是否真的有用？詩篇107篇反覆說：「於是，他們在苦難中哀求耶和華；他從他們的禍患中搭救他們。」這個模式出現四次，是神一貫的方式——不是偶爾的例外，而是穩定的應許。天父在等你的呼求，那個呼求，祂會回應。,於是，他們在苦難中哀求耶和華；他從他們的禍患中搭救他們。《詩篇107:6》
19詩篇第108篇,敬拜,天父讓你先宣告心堅定，然後唱讚美的歌,你是否曾在不想讚美的日子，卻發現在宣告「我要讚美」之後，心裡有什麼真的改變了？大衛說：「神啊，我心堅定；我口要唱詩歌頌！」那個次序很重要——先是心志的宣告，然後是行動的讚美。天父讓你在情感還沒有跟上的時候，先選擇讚美。那個選擇，往往帶來真實的改變。,神啊，我心堅定；我口要唱詩歌頌！《詩篇108:1》
19詩篇第109篇,禱告,天父站在窮乏人的右邊，也站在那個被誣告的你旁邊,你是否曾被人誣陷、被人以惡報善，心中充滿委屈卻無處申訴？大衛說：「他們與我為敵以報我愛，但我專心祈禱。」然後說：「神必站在窮乏人的右邊，要救他脫離審判他靈魂的人。」那個「右邊」是辯護的位置，是支持者站的位置。天父站在你旁邊，不是遠觀，而是親自在你旁邊站著。,因為他必站在窮乏人的右邊，要救他脫離審判他靈魂的人。《詩篇109:31》
19詩篇第110篇,信仰,天父讓基督坐在祂右邊，你的中保今天仍在代求,你是否曾感到信仰路上孤立無援，好像沒有人真的在乎你的靈魂處境？「耶和華對我主說：你坐在我的右邊。」那位坐在神右邊的，不只是靜坐著的，聖經說祂「照著麥基洗德的等次永遠為祭司」——今天仍在為你代求。天父讓祂的兒子坐在右邊，就是要讓你知道：你的中保在，一直在。,耶和華起了誓，決不後悔，說：你是照着麥基洗德的等次永遠為祭司。《詩篇110:4》
19詩篇第111篇,智慧,天父的作為值得你一生用心去考察,你是否曾讀神的話語只是完成「靈修」，而不是帶著真正的好奇去探索？「耶和華的作為本為大；凡喜愛的都必考察。」那個「考察」是主動的、深入的探索——不是走馬看花，而是花時間把神的作為看個清楚。天父的作為何其大，你越探索就越有發現，那個探索一生都探索不完。,耶和華的作為本為大；凡喜愛的都必考察。……敬畏耶和華是智慧的開端。《詩篇111:2、10》
19詩篇第112篇,信仰,天父讓敬畏祂的人在黑暗中仍有光向他發現,你是否曾在生命的某個黑暗時期，完全看不見光在哪裡？「正直人在黑暗中，有光向他發現；他有恩惠，有憐憫，有公義。」那個「向他發現」是光主動來到他那裡，不是他自己找到的。天父在敬畏祂的人的黑暗中，主動向他顯出光。你今天的黑暗，那個光仍然在向你發現的路上。,正直人在黑暗中，有光向他發現；他有恩惠，有憐憫，有公義。《詩篇112:4》
19詩篇第113篇,信仰,天父從灰塵中抬舉貧寒人，這是祂的本性,你是否曾覺得自己的出身或現在的低微地位，讓天父沒有辦法重用你？「他從灰塵裡抬舉貧寒人，從糞堆中提拔窮乏人，使他們與王子同坐，得著榮耀的座位。」那個「從灰塵」到「與王子同坐」，不是靠你的努力爬上去，而是神的手「抬舉」和「提拔」。天父專做這種翻轉，而且樂此不疲。,他從灰塵裏抬舉貧寒人，從糞堆中提拔窮乏人，使他們與王子同坐，得着榮耀的座位。《詩篇113:7-8》
19詩篇第114篇,服事,天父使磐石變為水池，在你看似不可能的地方開出泉源,你是否曾站在一個「磐石」面前，覺得從那裡永遠不可能流出任何東西？「他叫磐石變為水池，叫堅石變為泉源。」那是出埃及的奇蹟，但也是天父對你說的話：那個你覺得最堅硬、最不可能的地方，祂有辦法使水從那裡湧出。天父的能力不受「可能」和「不可能」的限制。,他叫磐石變為水池，叫堅石變為泉源。《詩篇114:8》
19詩篇第115篇,信仰,天父的名當得榮耀，你的事奉是讓祂的名被尊崇,你是否曾在事奉中，無意間把部分的榮耀歸給了自己的才能或努力？「耶和華啊，榮耀不要歸與我們，不要歸與我們；要因你的慈愛和誠實歸在你的名下！」那個雙重否定——「不要歸與我們，不要歸與我們」——是最清醒的禱告。天父的名是一切榮耀唯一合適的歸宿。,耶和華啊，榮耀不要歸與我們，不要歸與我們；要因你的慈愛和誠實歸在你的名下！《詩篇115:1》
19詩篇第116篇,禱告,天父聽了你的聲音，那就是你愛祂最深的理由,你是否曾想過你愛神的理由究竟是什麼？大衛說：「我愛耶和華，因為他聽了我的聲音和我的懇求。」那個理由不是抽象的神學，而是真實的關係經驗——「他聽了我的聲音」。天父傾聽你，不是因為你的禱告夠好，而是因為祂愛你。那個被聽見的經驗，是愛最真實的根源。,我愛耶和華，因為他聽了我的聲音和我的懇求。《詩篇116:1》
19詩篇第117篇,信仰,天父的慈愛向你大施，祂的誠實存到永遠,你是否曾在最短的時間裡想找到一個最核心的信仰宣告？詩篇117篇只有兩節——全部詩篇中最短的。「因為他向我們大施慈愛；耶和華的誠實存到永遠。」兩件事：大施慈愛、誠實永遠。那就夠了。天父的慈愛是「大施」的，不是勉強的；祂的誠實是「永遠」的，不是暫時的。,因為他向我們大施慈愛；耶和華的誠實存到永遠。《詩篇117:2》
19詩篇第118篇,信仰,天父讓匠人所棄的石頭成為房角的頭塊石頭,你是否曾覺得自己是一個被人輕看、棄置一旁的人？「匠人所棄的石頭已成了房角的頭塊石頭。這是耶和華所作的，在我們眼中看為希奇。」那個翻轉不是偶然的勵志故事，而是天父一貫的做法——祂在那個被棄的地方看見了房角石。你今天的「被棄」，可能正是天父為你預備的地基。,匠人所棄的石頭已成了房角的頭塊石頭。這是耶和華所作的，在我們眼中看為希奇。《詩篇118:22-23》
19詩篇第119篇,悔改,天父的話是你腳前的燈，照亮每一個下一步,你是否曾在人生的黑暗或不確定中，不知道接下來的腳步應該踏在哪裡？「你的話是我腳前的燈，是我路上的光。」腳前的燈照亮的不是整條路，而是下一步——你不需要看清全程，只需要有下一步的光。天父的話語就是那道光，今天你讀了它，你就有了下一步的照明。,你的話是我腳前的燈，是我路上的光。《詩篇119:105》
19詩篇第120篇,禱告,天父在你的急難中應允你，那是屬靈旅程的起點,你是否曾記得你信仰旅程最初是怎麼開始的——也許是在一個急難中？「我在急難中求告耶和華，他就應允我。」那個開始是真實的。不管你的信仰旅程走到哪個階段，回頭看那個最初的「急難中求告，蒙應允」，天父今天仍是那一位。祂沒有改變，那個應允仍然是祂對你的方式。,我在急難中求告耶和華，他就應允我。《詩篇120:1》
19詩篇第121篇,信仰,天父不打盹不睡覺，祂的保護從不間斷,你是否曾在夜裡感到不安，不確定自己是否在神的保護之下？「保護你的必不打盹！保護以色列的，也不打盹也不睡覺。」那個「不打盹」是最溫柔的安慰——天父的保護沒有休班，沒有空窗期，沒有「剛好分心」的時刻。「你出你入，耶和華要保護你，從今時直到永遠。」,保護你的必不打盹！保護以色列的，也不打盹也不睡覺。《詩篇121:3-4》
19詩篇第122篇,敬拜,天父的居所值得你帶著喜樂前往，為它祈求平安,你是否曾把去教會或靈修聚會視為一個義務，而不是一件讓你喜樂的事？「人對我說：我們往耶和華的殿去，我就歡喜。」那個「就歡喜」不是在去了之後才感到，而是聽見邀請的那一刻就已湧出。天父的居所是值得渴慕的地方。你對「我們去敬拜吧」這句話的第一個反應是什麼？,人對我說：我們往耶和華的殿去，我就歡喜。《詩篇122:1》
19詩篇第123篇,禱告,天父的眼目是你向天舉目等候憐憫的那一位,你是否曾在被人藐視、被人嘲弄的處境中不知道把眼睛放在哪裡？「坐在天上的主啊，我向你舉目。」那個動作——舉目向上——改變了所有的事：不再看藐視你的人，而是看那坐在天上的主。「我們的眼睛也照樣望耶和華，直到他憐憫我們。」天父的憐憫在等候，你的眼目在等候，那個相遇是真實的。,坐在天上的主啊，我向你舉目。《詩篇123:1》
19詩篇第124篇,信仰,天父讓你逃脫了那個你幾乎沒有意識到的網羅,你是否曾回頭看某個你「剛好」逃過的危難，才意識到那有多險？「我們好像雀鳥，從捕鳥人的網羅裏逃脫；網羅破裂，我們逃脫了。」然後說：「我們得幫助，是在乎倚靠造天地之耶和華的名。」天父在你不知道的時候，已破裂了那個你甚至不知道存在的網羅。,我們好像雀鳥，從捕鳥人的網羅裏逃脫；網羅破裂，我們逃脫了。《詩篇124:7》
19詩篇第125篇,信仰,天父像諸山圍繞耶路撒冷，圍繞著你的每一面,你是否曾在某個從四面受到威脅的處境中，渴望有什麼真正圍繞保護你？「眾山怎樣圍繞耶路撒冷，耶和華也照樣圍繞他的百姓，從今時直到永遠。」那個圍繞不是「也許在某個方向」，而是「照樣圍繞」——每一個方向都是天父。你今天所面對的方向，祂都在那裡。,眾山怎樣圍繞耶路撒冷，耶和華也照樣圍繞他的百姓，從今時直到永遠。《詩篇125:2》
19詩篇第126篇,智慧,天父讓流淚撒種的人必歡呼收割,你是否曾在一段持續的艱難中「流淚撒種」，看不到任何收成的跡象？「流淚撒種的，必歡呼收割！那帶種流淚出去的，必要帶禾捆歡歡樂樂地回來。」那個「必」不是可能，是確定的應許。天父把你現在流的每一滴眼淚都記念著，那些淚是種子，收割的時候必然到來。,流淚撒種的，必歡呼收割！《詩篇126:5》
19詩篇第127篇,家庭,天父讓你知道兒女是祂所賜的產業，不只是你的責任,你是否曾把孩子或家庭只當作一個需要管理的責任，而不是一份禮物？「兒女是耶和華所賜的產業；所懷的胎是他所給的賞賜。」那個「產業」和「賞賜」改變了一切的出發點——不是你要教好這個人，而是你在守護一份神交託的珍寶。天父把你的孩子交到你手中，也讓你在這份信任中生命成長。,兒女是耶和華所賜的產業；所懷的胎是他所給的賞賜。《詩篇127:3》
19詩篇第128篇,家庭,天父讓敬畏祂的人在家庭中領受祂的祝福,你是否曾渴望你的家庭充滿平安、和諧和喜樂，卻不確定那個盼望的根基在哪裡？「凡敬畏耶和華、遵行他道的人便為有福！」然後是整個家庭的圖畫——豐收、和睦、長壽。那個祝福不是靠家庭管理技巧換來的，而是流自對天父的敬畏。在你家裡，敬畏神的根基是所有美好關係的泉源。,凡敬畏耶和華、遵行他道的人便為有福！《詩篇128:1》
19詩篇第129篇,信仰,天父讓你在長期被苦害後仍然說：卻沒有勝了我,你是否曾在一段持續很久的苦難中，感到自己快撐不下去，快被壓垮了？「從我幼年以來，敵人屢次苦害我，卻沒有勝了我。」那個「卻沒有勝了我」是信仰最深刻的見證——不是說沒有苦害，而是說苦害沒有得勝。天父在每一次苦害中保守你，讓你走到這一天，那就是祂的手的工作。,從我幼年以來，敵人屢次苦害我，卻沒有勝了我。《詩篇129:1-2》
19詩篇第130篇,禱告,天父在你最深的深處仍然聽見你的呼求,你是否曾在靈魂最低谷的時候，以為那個地方太深、太黑暗，神的聲音到不了那裡？「耶和華啊，我從深處向你求告！」那個「深處」正是神聽見的地方。然後詩人說：「我的心等候主，勝於守夜的等候天亮。」天亮必然來——守夜的人知道這一點。你今天的深處，天父在聽，天亮也在路上。,耶和華啊，我從深處向你求告！……我的心等候主，勝於守夜的等候天亮。《詩篇130:1、6》
19詩篇第131篇,信仰,天父讓你的心平穩安靜如斷過奶的孩子,你是否曾渴望那種靈魂深處的平靜，不再為不能理解的事情掙扎焦慮？大衛說：「我的心平穩安靜，好像斷過奶的孩子在他母親的懷中。」那個孩子不是在期待什麼，只是在懷抱裡安然。那種與天父同在的安靜，不需要所有的問題先得到解答，只需要你躺在那個懷抱裡。,我的心平穩安靜，好像斷過奶的孩子在他母親的懷中。《詩篇131:2》
19詩篇第132篇,信仰,天父揀選錫安為祂永遠的安息之所，也揀選了你,你是否曾思過神揀選以色列不只是一個民族的事，而是啟示祂如何對待每一個所揀選的人？「耶和華揀選了錫安，願意當作自己的居所，說：這是我永遠安息之所。」那個「永遠」的揀選，在新約中延伸到每一個信靠基督的人身上。天父揀選你成為祂同住之處，那個揀選是永遠的。,因為耶和華揀選了錫安，願意當作自己的居所，說：這是我永遠安息之所。《詩篇132:13-14》
19詩篇第133篇,未來,天父在弟兄和睦同居中命定了永遠的生命,你是否曾覺得信仰群體裡的合一太難，不值得為它付出那麼多代價？「看哪，弟兄和睦同居，是何等的善，何等的美！……因為在那裏有耶和華所命定的福，就是永遠的生命。」那個「命定的福」是和睦同居帶來的——不是偶然的副產品，而是天父在合一中放置的祝福。那個善和美，值得你為它付代價。,弟兄和睦同居，是何等的善，何等的美！……因為在那裏有耶和華所命定的福，就是永遠的生命。《詩篇133:1、3》
19詩篇第134篇,敬拜,天父在你無人注意的夜間事奉中看見你的委身,你是否曾在一個沒有人知道、沒有人鼓掌的服事崗位上，繼續做著沒有舞台的工作？「耶和華的僕人夜間站在耶和華殿中的，你們當稱頌耶和華！」那個「夜間」，沒有人在看——只有天父。天父配得你在最沒有人知道的時刻仍然獻上的讚美，那是最純粹的事奉。,耶和華的僕人夜間站在耶和華殿中的，你們當稱頌耶和華！《詩篇134:1》
19詩篇第135篇,信仰,天父在天上地下都隨自己的意旨而行，祂的名永存,你是否曾在某個局面中感到被困住，以為沒有任何力量可以改變這個局面？「耶和華在天上，在地下，在海中，在一切的深處，都隨自己的意旨而行。」沒有一個地方是在祂主權之外的，沒有一個局面是祂進不去的。天父的意旨在祂所到的每一個地方都行，你的處境也在那個「都」裡面。,耶和華在天上，在地下，在海中，在一切的深處，都隨自己的意旨而行。《詩篇135:6》
19詩篇第136篇,信仰,天父的慈愛永遠長存，在你一生每個時刻都是,你是否曾在某個特別痛苦或空虛的時刻，感到神的慈愛好像消失了？詩篇136篇把「他的慈愛永遠長存」說了二十六次——從創造到出埃及到曠野到如今。那個慈愛不只在節期或興旺時，也在「卑微的地步」、「勝過我們的仇敵」的時候。天父的慈愛在你的每一個時刻，「永遠長存」。,你們要稱謝耶和華，因他本為善；他的慈愛永遠長存！《詩篇136:1》
19詩篇第137篇,奉獻,天父看見你在異鄉流淚，記念你離家的哀愁,你是否曾在一個遠離屬靈家鄉、遠離群體的處境中，感到一種特別深的哀愁？「我們曾在巴比倫的河邊坐下，一追想錫安就哭了。」那個在河邊的哭，天父看見了。你在任何「巴比倫」中的哀愁和渴望，天父都收在心裡。那個渴望錫安的心，正是屬靈生命仍然活著的證明。,我們曾在巴比倫的河邊坐下，一追想錫安就哭了。《詩篇137:1》
19詩篇第138篇,信仰,天父必成全關乎你的事，祂的慈愛永遠長存,你是否曾在半途中懷疑：神是否真的要把這件事做完，還是會在中途放棄我？「耶和華必成全關乎我的事；耶和華阿，你的慈愛永遠長存！求你不要離棄你手所造的。」那個禱告的根基是「你的慈愛永遠長存」——天父的慈愛不因中途遇到困難而撤回，祂會成全關乎你的每一件事。,耶和華必成全關乎我的事；耶和華阿，你的慈愛永遠長存！求你不要離棄你手所造的。《詩篇138:8》
19詩篇第139篇,信仰,天父完全認識你，那個全知是祂愛你的方式,你是否曾因「神全知道我」而感到不安，擔心祂看見了你不想讓任何人知道的角落？「耶和華啊，你已經鑒察我，認識我。」然後詩人說：「你在我前後環繞我，按手在我身上。」那個全知不是監視，而是環繞——用愛從前後圍住你。天父完全認識你，那個認識的方式是愛，不是審判。,耶和華啊，你已經鑒察我，認識我。……你在我前後環繞我，按手在我身上。《詩篇139:1、5》
19詩篇第140篇,家庭,天父為困苦人伸冤，你可以把不公義的案子交給祂,你是否曾在面對精心策劃的惡意攻擊時，感到孤立無援，不知道該怎麼回應？大衛描述了仇敵的種種惡意，然後說：「我知道耶和華必為困苦人伸冤，必為窮乏人辨屈。」那個「必」是確定的承諾。把你的案子交給天父，那是最有力量的行動，比任何自我辯護都更有依靠。,我知道耶和華必為困苦人伸冤，必為窮乏人辨屈。《詩篇140:12》
19詩篇第141篇,禱告,天父讓你的禱告如香陳列在祂面前,你是否曾懷疑自己的禱告是否真的到達了神那裡？「願我的禱告如香陳列在你面前！願我舉手祈求，如獻晚祭！」那個「如香陳列」不是消散在空氣裡的，而是在神面前陳列著的。天父接收你每一個禱告，讓它在祂面前如香升騰，那個香沒有一縷是白費的。,願我的禱告如香陳列在你面前！願我舉手祈求，如獻晚祭！《詩篇141:2》
19詩篇第142篇,禱告,天父在你孤立無援時是你唯一的避難所和福分,你是否曾有過那種「沒有人認識我，沒有人眷顧我」的孤立感？大衛在洞穴中說：「求你向我右邊觀看，因為沒有人認識我；我無處避難，也沒有人眷顧我。」然後說：「耶和華啊，你是我的避難所；在活人之地，你是我的福分。」在最孤立的地方，天父是你唯一的「有人」——但那一個，已足夠。,耶和華啊，你是我的避難所；在活人之地，你是我的福分。《詩篇142:5》
19詩篇第143篇,領袖,天父在你乾渴等候中讓你清晨得聽祂慈愛之言,你是否曾在某個靈魂特別乾渴的時刻，渴望神早晨對你說一句話？「我向你舉手；我的心渴想你，如乾旱之地盼雨一樣。求你使我清晨得聽你慈愛之言。」那個「清晨」是每天最新鮮的開始，天父的慈愛之言在等候一個願意在清晨去聆聽的心。你今天願意給那個清晨一個安靜嗎？,求你使我清晨得聽你慈愛之言……求你使我知道當行的路，因我的心仰望你。《詩篇143:8》
19詩篇第144篇,信仰,天父是你的慈愛之主，你是有祂為神的有福之人,你是否曾在渺小感中失去對自己生命的盼望？大衛說：「耶和華啊，人算甚麼，你竟認識他！世人算甚麼，你竟顧念他！」那個「竟」是震驚，是對神顧念之大的感嘆。然後他說：「有耶和華為他們的神，這百姓便為有福！」你就是那個「有耶和華為他們的神」的人，那就是你最大的福分。,有耶和華為他們的神，這百姓便為有福！《詩篇144:15》
19詩篇第145篇,敬拜,天父讓你一代傳一代地頌揚祂永遠的榮耀,你是否曾想過你的讚美可以超越你的一生，成為傳給下一代的遺產？「這代要對那代頌讚你的作為，也要傳揚你的大能。」讚美不只是當下的表達，也是傳遞的行動——這一代把天父的作為述說給下一代聽。你今天的讚美，可以成為你孩子或身邊年輕人信仰的種子。,這代要對那代頌讚你的作為，也要傳揚你的大能。《詩篇145:4》
19詩篇第146篇,信仰,天父是你一生可以倚靠的那位，不是人或君王,你是否曾把太多的期望放在某個人或某個群體身上，結果讓你失望？「你們不要倚靠君王，不要倚靠世人……以雅各的神為幫助……這人便為有福！」那個對比是清楚的：人有氣絕消逝的時候，天父卻「要作王，直到永遠！」你今天最大的倚靠，值得放在那個永遠的那位身上。,我一生要讚美耶和華！我還活的時候要歌頌我的神！《詩篇146:2》
19詩篇第147篇,信仰,天父醫好傷心的人，也一一稱呼每顆星的名字,你是否曾覺得天父要麼太大而不在乎你的傷心，要麼太忙著管宇宙而忽略你個人的處境？「他醫好傷心的人，裹好他們的傷處。他數點星宿的數目，一一稱它的名。」那個神同時做這兩件事——管理宇宙又醫好傷心。天父的大和祂的細心是同時存在的，你的傷心在祂眼中，不比星宿更不重要。,他醫好傷心的人，裹好他們的傷處。他數點星宿的數目，一一稱它的名。《詩篇147:3-4》
19詩篇第148篇,敬拜,天父配得天地萬物一同讚美，你是那個讚美的一部分,你是否曾覺得自己的讚美太渺小，加不加進去都無所謂？詩篇148篇呼召天使、星宿、海怪、火雪、大山、老年人、孩童全都讚美耶和華——然後你的聲音也在那個「凡有氣息的都要讚美耶和華」之中。天父設計了一個整個宇宙共同參與的讚美，你的那個聲音是不可少的。,少年人和處女，老年人和孩童，都當讚美耶和華！《詩篇148:12》
19詩篇第149篇,敬拜,天父喜愛祂的百姓，用救恩當作謙卑人的妝飾,你是否曾想過，天父不只是容忍你，而是真正喜愛你？「因為耶和華喜愛他的百姓；他要用救恩當作謙卑人的妝飾。」那個「喜愛」是主動的、有情感的喜悅——不是勉強接納，而是真實的喜愛。天父喜愛你，以祂的救恩為你裝飾，讓你在那個救恩中「在床上歡呼」。,因為耶和華喜愛他的百姓；他要用救恩當作謙卑人的妝飾。《詩篇149:4》
19詩篇第150篇,財務,天父配得你用一切所有讚美祂，只因祂本為善,你是否曾思考過，讚美神最終需要什麼理由？詩篇150篇把所有樂器、所有的讚美方式都聚在一起，然後最後一節說：「凡有氣息的都要讚美耶和華！」理由不是列在這首詩裡，而是整本詩篇一百五十首的總結——因為祂是那一位。天父配得你用你所有的，用你存在的每一口氣，讚美祂。,凡有氣息的都要讚美耶和華！你們要讚美耶和華！《詩篇150:6》
20箴言第01章,智慧,天父讓敬畏祂的心成為你一切智慧的起點,你是否曾渴望得到智慧，卻不確定從哪裡開始？「敬畏耶和華是知識的開端；愚妄人藐視智慧和訓誨。」那個開端不是讀更多書、上更多課，而是在神面前的敬畏——認識祂的偉大和祂的話語的權威。天父把一切智慧的鑰匙放在這個起點裡，你今天的敬畏，就是你智慧旅程最真實的第一步。,敬畏耶和華是知識的開端；愚妄人藐視智慧和訓誨。《箴言1:7》
20箴言第02章,智慧,天父等候你以尋找珍寶的熱切來尋求祂的智慧,你是否曾隨意地「希望自己更有智慧」，卻沒有付出真正的代價去追求？「尋找他，如尋找銀子，搜求他，如搜求隱藏的珍寶。」那個熱切不是偶爾的興趣，而是主動的、不放棄的尋求。天父把智慧放在那裡，等候那個願意竭力搜求的人。你今天願意付出那份熱切嗎？,尋找他，如尋找銀子，搜求他，如搜求隱藏的珍寶。《箴言2:4》
20箴言第03章,信仰,天父在你認定祂的每一步上都指引你的路,你是否曾因太倚靠自己的判斷，在決定之後才想到要問神？「你要專心仰賴耶和華，不可倚靠自己的聰明，在你一切所行的事上都要認定他，他必指引你的路。」那個「一切所行的事上」不只是大事，也是每一件。天父在你每一個「認定祂」的時刻，已在前面指引你的腳步。,你要專心仰賴耶和華，不可倚靠自己的聰明，在你一切所行的事上都要認定他，他必指引你的路。《箴言3:5-6》
20箴言第04章,智慧,天父讓你保守你的心，因一生的果效從心發出,你是否曾注意到你所輸入的——你讀什麼、看什麼、與誰交往——如何慢慢地塑造了你的方向？「你要保守你心，勝過保守一切，因為一生的果效是由心發出。」那個「保守」是主動的看守，不是消極的迴避。天父呼召你認真對待你的心，那是你整個生命果效流出的源頭。,你要保守你心，勝過保守一切，因為一生的果效是由心發出。《箴言4:23》
20箴言第05章,品格,天父的眼目看見你所有的路，祂要你活在祂面前,你是否曾在沒有人注意的地方，以為沒有人知道？「因為，人所行的道都在耶和華眼前；他也修平人一切的路。」那個「都在耶和華眼前」不是威脅，而是邀請——活在那雙看見你的眼目面前，讓那個意識成為你最自然的防護。天父看見你所行的每一條路，也在修平你所走的每一段。,因為，人所行的道都在耶和華眼前；他也修平人一切的路。《箴言5:21》
20箴言第06章,智慧,天父的誡命是燈，法則是光，是你生命的指引,你是否曾覺得神的誡命是限制，而不是保護？「因為誡命是燈，法則是光，訓誨的責備是生命的道。」燈不是限制你的，而是讓你在黑暗中看見路的。天父給你祂的誡命和法則，不是要讓你不自由，而是要讓你在黑暗中有光，在人生的路上有照明，不至於跌倒在你看不見的坑裡。,因為誡命是燈，法則是光，訓誨的責備是生命的道。《箴言6:23》
20箴言第07章,智慧,天父讓你把智慧當作最親密的同伴，以它抵擋誘惑,你是否曾因為智慧沒有成為你生命中「最近的存在」，而在誘惑出現時措手不及？「對智慧說：你是我的姐妹，稱呼聰明為你的親人。」那個「姐妹」、「親人」是每天同住的人——不是偶爾請教的顧問，而是日常生命的同伴。天父呼召你讓祂的智慧成為你最親密的生命夥伴。,對智慧說：你是我的姐妹，稱呼聰明為你的親人。《箴言7:4》
20箴言第08章,禱告,天父的智慧比珍珠更美，尋到它就尋得生命,你是否曾把追求財富或名聲放在追求智慧之前？「因為智慧比珍珠更美；一切可喜愛的都不足與比較。」然後：「尋得我的，就尋得生命，也必蒙耶和華的恩惠。」天父讓智慧自己宣告：找到我，就是找到了生命。你今天的追求清單上，神的智慧在什麼位置？,因為智慧比珍珠更美；一切可喜愛的都不足與比較。……尋得我的，就尋得生命，也必蒙耶和華的恩惠。《箴言8:11、35》
20箴言第09章,智慧,天父以智慧的筵席邀請你來領受祂的恩典,你是否曾覺得神的邀請是給「夠好的人」的，不是給你這樣「不夠格」的人的？智慧設宴、在高處呼喊：「凡愚蒙人可以進這裏來！」那個邀請是給「最不夠格的人」說的。「敬畏耶和華是智慧的開端；認識至聖者便是聰明。」天父不等你先夠好，祂設了筵席在等你，現在就來。,敬畏耶和華是智慧的開端；認識至聖者便是聰明。《箴言9:10》
20箴言第10章,品格,天父讓愛遮掩過錯，讓你成為那帶來和好的人,你是否曾在別人的過錯面前，選擇放大它，而不是讓愛去遮掩它？「恨能挑啟爭端；愛能遮掩一切過錯。」那個「遮掩」不是包庇，而是選擇不用那個過錯去刺傷別人、製造嫌隙。天父呼召你成為那個帶著愛進入關係的人，那份愛讓你有力量去遮掩，而不是去挑起。,恨能挑啟爭端；愛能遮掩一切過錯。《箴言10:12》
20箴言第11章,品格,天父在你謙遜的心中放置了最深的智慧,你是否曾在驕傲帶來的羞辱中，才意識到謙遜的價值？「驕傲來，羞恥也來；謙遜人卻有智慧。」那不只是說謙遜是美德，而是說謙遜本身就是智慧——因為謙遜的人知道自己有限，所以持續學習、持續受教，不在自己的盲點裡跌倒。天父在你謙遜的心中放置了真正的智慧。,驕傲來，羞恥也來；謙遜人卻有智慧。《箴言11:2》
20箴言第12章,服事,天父讓你的話語成為使人歡樂的良藥,你是否曾意識到自己說出的那句話，讓對方的心一下子輕了，或者一下子重了？「人心憂慮，屈而不伸；一句良言，使心歡樂。」一句良言——不是長篇大論，不是高深道理——就可以讓一顆憂慮的心歡樂起來。天父把這個力量放在你的舌頭上，你今天的那句良言，可以給誰？,人心憂慮，屈而不伸；一句良言，使心歡樂。《箴言12:25》
20箴言第13章,智慧,天父讓你選擇與智慧人同行，讓你的生命越走越豐盛,你是否曾意識到你最常一起相處的人，正在塑造你成為什麼樣的人？「與智慧人同行的，必得智慧；和愚昧人作伴的，必受虧損。」那不是說你要切斷所有關係，而是說你要留意：誰是你的「同行者」？天父在你身邊放了誰，讓你因與他們同行而得益處？,與智慧人同行的，必得智慧；和愚昧人作伴的，必受虧損。《箴言13:20》
20箴言第14章,信仰,天父的敬畏是生命的泉源，讓你遠離死亡的網羅,你是否曾走在一條「你自己覺得是對的」的路上，卻後來發現它通往你不想去的地方？「有一條路，人以為正，至終成為死亡之路。」那個警告讓人謙卑。然後：「敬畏耶和華就是生命的泉源，可以使人離開死亡的網羅。」天父給你敬畏祂的心，是讓你遠離那條看似正確卻通往死亡的路。,敬畏耶和華就是生命的泉源，可以使人離開死亡的網羅。《箴言14:27》
20箴言第15章,品格,天父讓回答柔和的你成為化解怒氣的人,你是否曾在某個對話中，因為你的語氣，讓局面變好了，或者變壞了？「回答柔和，使怒消退；言語暴戾，觸動怒氣。」那個「使怒消退」不是靠忍耐，而是靠柔和——是一種選擇，是信心的行動。天父讓你成為那個用柔和的回答帶來平靜的人，那份柔和是祂性情在你身上的流露。,回答柔和，使怒消退；言語暴戾，觸動怒氣。《箴言15:1》
20箴言第16章,信仰,天父在你籌算的路上指引你的腳步,你是否曾花了很多時間計劃，卻沒有把計畫帶到天父面前求祂確認？「人心籌算自己的道路；惟耶和華指引他的腳步。」那個關係不是說你不需要計劃，而是說你的計劃需要有天父的指引才能落地。帶著你的計畫來，讓天父的手在其中修正、引導、成全。,人心籌算自己的道路；惟耶和華指引他的腳步。《箴言16:9》
20箴言第17章,信仰,天父熬煉你的心如同煉金，是為讓你更純粹,你是否曾在一段試煉中，感到自己被放進了熔爐，不明白為什麼要這麼難？「鼎為煉銀，爐為煉金；惟有耶和華熬煉人心。」那個熬煉是天父在做的——不是偶然的苦難，而是精確的精煉。金子需要高溫才能去除雜質，你的心也如此。天父在熬煉你，是因為祂看見了你裡面的純金。,鼎為煉銀，爐為煉金；惟有耶和華熬煉人心。《箴言17:3》
20箴言第18章,悔改,天父的名是堅固臺，你奔入便得安穩,你是否曾在危急或恐懼的時候，本能地奔向某個東西——財富、人際、計畫——希望那個可以讓你安全？「耶和華的名是堅固臺；義人奔入便得安穩。」那個「奔入」是緊急時刻的行動——不是慢慢走進去，而是全力奔跑進去。天父的名是最穩固的堅固臺，今天你可以奔進去。,耶和華的名是堅固臺；義人奔入便得安穩。《箴言18:10》
20箴言第19章,奉獻,天父看見你對窮人的憐憫，把它當作借給祂自己,你是否曾對窮乏的人伸出手，卻不確定那是否真的有什麼意義？「憐憫貧窮的，就是借給耶和華；他的善行，耶和華必償還。」那個「借給耶和華」是最大的保障——不是借給一個可能還不了的人，而是借給那位必然償還的天父。你今天對需要的人的每一份憐憫，天父都記在帳上。,憐憫貧窮的，就是借給耶和華；他的善行，耶和華必償還。《箴言19:17》
20箴言第20章,信仰,天父讓你遠離紛爭，等候祂為你伸冤,你是否曾在被人傷害後，迫不及待地想要以惡報惡，讓對方知道你不好欺負？「你不要說，我要以惡報惡；要等候耶和華，他必拯救你。」那個等候不是軟弱，而是把審判的主權交回給天父。遠離紛爭是尊榮，等候神是信仰——天父在等你把那場仗交到祂手裡。,你不要說，我要以惡報惡；要等候耶和華，他必拯救你。《箴言20:22》
20箴言第21章,信仰,天父讓你知道得勝最終在乎祂，不在乎你的預備,你是否曾把所有的時間和精力放在「預備好一切」上，卻忘了把那個預備交在天父手裡？「馬是為打仗之日預備的；得勝乃在乎耶和華。」那不是說不需要預備，而是說預備之後，得勝的主權在神。天父讓你預備你能預備的，然後讓祂的手成就你無法自己成就的。,馬是為打仗之日預備的；得勝乃在乎耶和華。《箴言21:31》
20箴言第22章,家庭,天父把教養孩童的責任交在你手中，走的路將持久,你是否曾以為孩子長大了就會自然形成好的信仰和品格，而忽略了現在的刻意培養？「教養孩童，使他走當行的道，就是到老他也不偏離。」那個「教養」是刻意的、持續的、從小的投資。天父把下一代交在你手中，你今天為他所走的路所做的預備，將成為他整個一生的基礎。,教養孩童，使他走當行的道，就是到老他也不偏離。《箴言22:6》
20箴言第23章,智慧,天父邀請你把你的心歸給祂，讓祂的道成為你喜悅,你是否曾把心給了許多事、許多人，卻發現唯獨沒有把心真正地給了天父？「我兒，要將你的心歸我；你的眼目也要喜悅我的道路。」那個「歸我」是一個主動的選擇——不是勉強的服從，而是真實的委身。天父在等你把心歸給祂，然後在那個心裡種下對祂道路的喜悅。,我兒，要將你的心歸我；你的眼目也要喜悅我的道路。《箴言23:26》
20箴言第24章,信仰,天父讓義人在每次跌倒後仍必興起,你是否曾在跌倒之後，覺得「這一次真的完了」，以為再也爬不起來？「義人雖七次跌倒，仍必興起；惡人卻被禍患傾倒。」那個「七次」代表完全的失敗；「仍必興起」代表神的恩典不因跌倒而停止。天父不用你從不跌倒，祂只需要你在每一次跌倒後仍然願意起來。,義人雖七次跌倒，仍必興起；惡人卻被禍患傾倒。《箴言24:16》
20箴言第25章,品格,天父讓合宜的話語如金蘋果在銀網子裡,你是否曾說了一句正確的話，卻在錯誤的時機，反而讓事情更糟糕？「一句話說得合宜，就如金蘋果在銀網子裏。」那個「合宜」包含兩個維度：內容正確，時機也對。天父賜你智慧，不只讓你知道說什麼，也讓你知道什麼時候說、用什麼方式說，那才是完整的屬靈智慧。,一句話說得合宜，就如金蘋果在銀網子裏。《箴言25:11》
20箴言第26章,智慧,天父呼召你從自以為有智慧中回轉，謙卑才是入口,你是否曾遇見一個人，對什麼都有自信的答案，卻往往是最難被幫助的？「你見自以為有智慧的人嗎？愚昧人比他更有指望。」那個「比他更有指望」是驚人的宣告——公開的愚昧至少還有被改變的可能，但自以為是的智慧是智慧最深的封閉。天父在你最謙卑說「我不知道」的時候，智慧才有進入的空間。,你見自以為有智慧的人嗎？愚昧人比他更有指望。《箴言26:12》
20箴言第27章,品格,天父讓真實的友誼以忠誠的傷痕建造你,你是否曾因朋友說了一句讓你不舒服的真話，而感到受傷，卻後來感謝那份誠實？「朋友加的傷痕出於忠誠；仇敵連連親嘴卻是多餘。」那個傷痕比甜言蜜語更有價值，因為它出於真實的愛。天父呼召你成為那種願意說真話、也願意接受真話的朋友，那樣的友誼才是真正的「鐵磨鐵」。,朋友加的傷痕出於忠誠；仇敵連連親嘴卻是多餘。《箴言27:6》
20箴言第28章,悔改,天父在你承認離棄罪過的那一刻就賜下憐恤,你是否曾試圖「遮掩」某個過犯，以為這樣就沒事了，卻感到心裡越來越沉重？「遮掩自己罪過的，必不亨通；承認離棄罪過的，必蒙憐恤。」那個「必蒙憐恤」是在承認並離棄之後的應許——不只是口頭承認，還要「離棄」。天父的憐恤在等候你真實地承認和轉離。,遮掩自己罪過的，必不亨通；承認離棄罪過的，必蒙憐恤。《箴言28:13》
20箴言第29章,信仰,天父讓倚靠祂的人得安穩，不受懼怕人的網羅,你是否曾因為太在意別人的看法，而做了不該做的選擇，或沒做應該做的事？「懼怕人的，陷入網羅；惟有倚靠耶和華的，必得安穩。」那個「懼怕人」不只是恐懼，而是把人的評價放得比天父的話語更大。天父讓你把倚靠從人的眼光轉向祂，那個轉向就是從網羅走向安穩的路。,懼怕人的，陷入網羅；惟有倚靠耶和華的，必得安穩。《箴言29:25》
20箴言第30章,信仰,天父的言語是煉淨的，你投靠祂就有了盾牌,你是否曾在資源剛剛好、不多不少的時候，發現那種平靜是最能倚靠神的狀態？亞古珥說：「求你使我也不貧窮也不富足；賜給我需用的飲食。」然後說：「神的言語句句都是煉淨的；投靠他的，他便作他們的盾牌。」天父不需要你先擁有更多才能保護你，你今天投靠祂，祂就是你的盾牌。,神的言語句句都是煉淨的；投靠他的，他便作他們的盾牌。《箴言30:5》
20箴言第31章,品格,天父看重敬畏祂的心，那比任何外在的美麗都更值得稱讚,你是否曾在外在條件的比較中感到不安，以為美麗或成就才是被看見的標準？「豔麗是虛假的，美容是虛浮的；惟敬畏耶和華的婦女必得稱讚。」那個「必得稱讚」的，不是外表最出色的，而是敬畏神最深的。天父的眼光從內心看起，那個敬畏，才是你最持久的榮美。,豔麗是虛假的，美容是虛浮的；惟敬畏耶和華的婦女必得稱讚。《箴言31:30》
21傳道書第01章,智慧,天父讓你看見脫離祂的追求都是虛空，唯祂是實在,你是否曾在達到某個目標之後，發現心裡並沒有預期的滿足感？「虛空的虛空，凡事都是虛空。」那不是悲觀，而是清醒——對一切脫離神而追求的準確診斷。天父讓你看見虛空，不是要讓你絕望，而是要讓你把目光轉向那個唯一不是虛空的——祂自己。在祂那裡，才有真實的意義。,虛空的虛空，虛空的虛空，凡事都是虛空。《傳道書1:2》
21傳道書第02章,信仰,天父讓你在勞碌中喜樂享福，那是祂手所賜的恩典,你是否曾把所有的精力投入建造某件大事，完成之後卻感到出奇的空洞？傳道者嘗試了一切——享樂、建造、積蓄——然後說：「都是虛空，都是捕風。」但他也說：「人莫強如喫喝，且在勞碌中享福，我看這也是出於神的手。」天父在你每天的吃喝和勞碌中放了真實的恩典，那個喜樂是祂賜的禮物。,人莫強如喫喝，且在勞碌中享福，我看這也是出於神的手。《傳道書2:24》
21傳道書第03章,信仰,天父在你生命每個季節中都安置了祂的美好,你是否曾在一個「錯誤的時間」感到沮喪，覺得這個季節不應該是這樣？「凡事都有定期，天下萬務都有定時。」然後：「神造萬物，各按其時成為美好。」哭有其時，笑有其時；哀慟有其時，跳舞有其時。天父在你每一個時刻裡都安置了祂的美好，即使在你覺得最「不應該是這樣」的時節。,神造萬物，各按其時成為美好，又將永生安置在世人心裏。《傳道書3:11》
21傳道書第04章,品格,天父設計了彼此相助的關係讓你在跌倒時有人扶起,你是否曾在跌倒的時候，因為身邊沒有人而感到更深的孤立？「兩個人總比一個人好，因為二人勞碌同得美好的果效。若是跌倒，這人可以扶起他的同伴。」天父在設計人的生命時，就設計了彼此相需。那個在你旁邊的人，也許正是天父為你預備的那個「扶起的人」。你有那樣的人嗎？,兩個人總比一個人好，因為二人勞碌同得美好的果效。若是跌倒，這人可以扶起他的同伴。《傳道書4:9》
21傳道書第05章,禱告,天父在天上，你在地下，你的言語要寡少而真實,你是否曾在禱告中說了許多話，卻不確定自己是否真的在聆聽神？「神在天上，你在地下，所以你的言語要寡少。」那不是說少禱告，而是說禱告中要有聆聽的空間。「許了願，就當還」——在神面前的話有分量。天父喜悅的不是話語的多，而是心的真實。,神在天上，你在地下，所以你的言語要寡少。《傳道書5:2》
21傳道書第06章,信仰,天父讓你在所擁有的中學習真實的享受和滿足,你是否曾擁有很多，卻感到一種說不清楚的空洞，心裡始終不滿足？傳道者說，人有豐富、尊榮，卻「神使他不能喫用，反有外人來喫用」，那是虛空和禍患。真正的豐足不在於擁有多少，而在於能否在所擁有的中找到神賜的滿足。天父設計讓你享受祂所給的，那才是真正的恩賜。,神賜人資財豐富，使他能以喫用，在他勞碌中喜樂，這乃是神的恩賜。《傳道書5:19》
21傳道書第07章,智慧,天父讓你在患難日也思想，在亨通日也保持清醒,你是否曾在亨通的日子裡失去警醒，或在患難的日子裡失去盼望？傳道者說：「遇亨通的日子你當喜樂；遭患難的日子你當思想。」那個「思想」是在患難中問：神讓我在這裡看見什麼？亨通讓你喜樂，患難讓你深思——天父在兩個季節中都在教導你。,遇亨通的日子你當喜樂；遭患難的日子你當思想；因為神使這兩樣並列，為的是叫人查不出身後有甚麼事。《傳道書7:14》
21傳道書第08章,信仰,天父的作為深不可測，但敬畏祂的人必終久得福樂,你是否曾面對那些「查不出來」的事——惡人得意，義人受苦——而感到困惑和不安？傳道者說：「神一切的作為，人不能參透」，然後說：「敬畏神的……終久必得福樂。」你不需要看透一切，只需要在看不透中仍然敬畏天父，那個敬畏本身就是最智慧的回應。,敬畏神的，就是在他面前敬畏的人，終久必得福樂。《傳道書8:12》
21傳道書第09章,服事,天父讓你在有限的今天盡力去作手所當作的事,你是否曾把「等以後條件更好的時候」當成拖延行動的理由，結果那件事一直沒有做？「凡你手所當作的事要盡力去作；因為在你所必去的陰間沒有工作。」那個「盡力」是今天的呼召，不是明天的計畫。天父把今天的機會放在你手中，那個機會不是永久的，是現在的。,凡你手所當作的事要盡力去作；因為在你所必去的陰間沒有工作。《傳道書9:10》
21傳道書第10章,品格,天父讓一點愚昧也能敗壞智慧，呼召你謹守到底,你是否曾因一次不謹慎——一句失言、一個衝動的決定——讓多年建立的信任瞬間動搖？「死蒼蠅使作香的膏油發出臭氣；這樣，一點愚昧也能敗壞智慧和尊榮。」那個比喻令人警醒：品格的建立需要多年，破壞只需一刻。天父呼召你謹守，不只是大事，更是每一個日常的細節。,死蒼蠅使作香的膏油發出臭氣；這樣，一點愚昧也能敗壞智慧和尊榮。《傳道書10:1》
21傳道書第11章,信仰,天父讓你不等待完美的時機，早晚都要撒種,你是否曾因為條件還不夠好、時機還不夠成熟，而遲遲沒有踏出那一步？「看風的，必不撒種；望雲的，必不收割。」然後說：「早晨要撒你的種，晚上也不要歇你的手，因為你不知道那一樣發旺。」天父邀請你在不確定中仍然播種，因為有一樣會發旺的。,早晨要撒你的種，晚上也不要歇你的手，因為你不知道那一樣發旺，或是兩樣都好。《傳道書11:6》
21傳道書第12章,信仰,天父呼召你趁年幼就記念祂，這是最深的智慧,你是否曾覺得信仰可以等一等，等到「比較有空」或「比較年長」的時候再認真？「你趁著年幼……當記念造你的主。」那個「趁著」是緊迫的——不是說老了就不能，而是說年輕的時候建立的根，是一生最重要的投資。「總意就是：敬畏神，謹守他的誡命，這是人所當盡的本分。」,你趁着年幼……當記念造你的主。……總意就是：敬畏神，謹守他的誡命，這是人所當盡的本分。《傳道書12:1、13》
22雅歌第01章,奉獻,天父讓你知道：祂渴望你的親近，如同最親密的愛,你是否曾以為神是遙遠的、威嚴的、不容人隨便接近的？雅歌第一章以最親密的語言描述愛的渴慕：「因你的愛情比酒更美」、「你的名如同倒出來的香膏」。那是神想讓你知道的關係本質——不只是主僕，而是最深的愛。天父渴望你靠近，那個渴望比你渴望祂的更深。,因你的愛情比酒更美；你的名如同倒出來的香膏。《雅歌1:2-3》
22雅歌第02章,信仰,天父以愛為旗在你以上，帶你入祂的筵宴所,你是否曾渴望一種被珍視、被保護、被愛的感覺，一種讓你知道「我是被看見的、被喜愛的」的確信？「他帶我入筵宴所，以愛為旗在我以上。」那個「以愛為旗」是一個宣告——天父讓你知道你屬於祂，祂的愛是在你之上的旗幟。「良人屬我，我也屬他。」那個歸屬是真實的。,他帶我入筵宴所，以愛為旗在我以上。《雅歌2:4》
22雅歌第03章,禱告,天父等候你在靈命的夜晚起身尋找祂,你是否曾在一段屬靈乾旱中，感到找不著神，感到那份親密的感覺消失了？「我夜間躺臥在床上，尋找我心所愛的；我尋找他，卻尋不見。我就起來，遍城尋找我心所愛的。」那個起身尋找的動作，正是天父等候的回應。不要在那個「找不見」中停留，起身去尋，你必尋見。,我就起來，遍城尋找我心所愛的。《雅歌3:2》
22雅歌第04章,信仰,天父對你說：你全然美麗，因為我的愛使你如此,你是否曾因自己的不足或過去的失敗，覺得自己在神眼中不美麗、不值得被愛？「我的佳偶，你全然美麗，毫無瑕疵！」那句話在屬靈的意義上，是天父透過基督對每一個信靠祂的人說的。你在祂的愛中是全然被接納的，不是因為你完美，而是因為祂的愛讓你如此。,我的佳偶，你全然美麗，毫無瑕疵！《雅歌4:7》
22雅歌第05章,信仰,天父的口極其甘甜，祂全然可愛，值得你去尋找,你是否曾因靈命的懈怠，讓天父在你心門外等候太久，以至於當你想起祂的時候，那份親密感已變得疏遠？「我給我的良人開了門；我的良人卻已轉身走了……我尋找他，卻尋不見。」那個懊悔是真實的。但雅歌的呼喚是：繼續尋找，因為「他的口極其甘甜；他全然可愛」，值得你去追。,他的口極其甘甜；他全然可愛。耶路撒冷的女子啊，這是我的良人，這是我的朋友。《雅歌5:16》
22雅歌第06章,家庭,天父讓你在分離之後仍確信那個歸屬：我屬祂，祂屬我,你是否曾在一段信仰的低谷之後，擔心自己與神的關係是否仍然穩固？第五章的痛苦尋找之後，第六章的宣告是：「我屬我的良人，我的良人也屬我。」那個歸屬的確信沒有因為暫時的分離而改變。天父的愛是盟約的愛，不因你的冷淡而撤回，那個「我屬祂」仍然成立。,我屬我的良人，我的良人也屬我。《雅歌6:3》
22雅歌第07章,信仰,天父對你說：他也戀慕你，祂主動渴望與你親近,你是否曾以為你對神的渴慕是單方面的，以為神只是被動地等你？「我屬我的良人，他也戀慕我。」那個「戀慕」是主動的、熱切的渴望——天父不只接受你的愛，祂主動地渴望與你在一起。那份神對你的戀慕，是你信仰最深的激勵。你今天願意回應那個戀慕嗎？,我屬我的良人，他也戀慕我。《雅歌7:10》
22雅歌第08章,信仰,天父的愛如死之堅強，眾水不能息滅,你是否曾在生命最大的波瀾中，擔心那些挑戰會把你從神的愛中沖走？「因為愛情如死之堅強……是耶和華的烈焰。愛情，眾水不能息滅，大水也不能淹沒。」那不是詩人的浪漫，而是天父對你的宣告。無論你面對什麼樣的「眾水」，那個愛不會被息滅。它是永遠的。,因為愛情如死之堅強……愛情，眾水不能息滅，大水也不能淹沒。《雅歌8:6-7》
23以賽亞書第01章,信仰,天父等待你從形式的敬拜回到真實的公義生活,你是否曾認真守禮拜、熱心參與宗教活動，卻在日常生活中對身邊弱勢的人漠然無感？神說：「我不悅納你們的…那獻祭……你們的手都滿了血腥。」祂要的不是更多的儀式，而是「行善，求公平，解救受欺壓的」。天父的心不在你的宗教表現上，而在你對人的方式上。,你們要洗濯、自潔，從我眼前除掉你們的惡行；要止住作惡，學習行善，尋求公平，解救受欺壓的，給孤兒伸冤，為寡婦辨屈。《以賽亞書1:16-17》
23以賽亞書第02章,品格,天父的話語將從錫安發出，成為萬民尋求的中心,你是否曾在世界的紛亂中，渴望有一個真正有智慧的聲音可以依循？先知說：「萬國必流歸這山……他必在列國中施行審判……他們要將刀打成犁頭……不再學習戰事。」天父的話語是那個讓刀劍變為農具的力量。今天你仍可以讓祂的話成為你生命決策最真實的參照中心。,他必在列國中施行審判……他們要將刀打成犁頭，把槍打成鐮刀。這國不舉刀攻擊那國。《以賽亞書2:4》
23以賽亞書第03章,領袖,天父呼召你成為在混亂時代中用公義站立的人,你是否曾身處一個缺乏公義領袖、強弱相欺的環境，感到無力？以賽亞看見當公義的領袖被移去，社會就陷入「少年侮慢長老」的混亂。天父在等候那個願意站立、不偏袒、敢為弱者發聲的人。無論你的影響圈有多小，今天你可以選擇成為那個帶著公義而活的人。,你們論義人說：他必享福樂，因為要喫自己行為所結的果子。《以賽亞書3:10》
23以賽亞書第04章,信仰,天父的潔淨不只是審判，更是為你預備更新的開始,你是否曾在經歷一段痛苦的清除或失去之後，感到絕望，以為一切都沒了？「到那日，耶和華發生的苗必華美尊榮……剩在錫安……必稱為聖。」神的潔淨火不是以毀滅為目的，而是為了讓更新的生命從灰燼中升起。天父在你的每一個「失去」之後，都有一個「發生的苗」在等候發芽。,到那日，耶和華發生的苗必華美尊榮。《以賽亞書4:2》
23以賽亞書第05章,信仰,天父以悉心的栽培等候你結出祂所期待的果子,你是否曾想過，神對你傾注的心血有多少，而你所結的果子是否配得那份栽培？「我指望結好葡萄，怎麼倒結了野葡萄呢？」那份悲傷不是憤怒，而是愛的失落。天父對你的期待不是苛求，而是在深情的栽培之後，真實地盼望你結出美好的果子。,我指望結好葡萄，怎麼倒結了野葡萄呢？《以賽亞書5:4》
23以賽亞書第06章,禱告,天父的聖潔讓你看見自己，也讓你被潔淨被差遣,你是否曾在一個特別清晰地看見神的時刻，同時也格外清楚地看見自己的不潔？「禍哉！我滅亡了！因為我是嘴唇不潔的人……又因我眼見大君王萬軍之耶和華。」那個看見帶來的不只是破碎，還帶來了炭火的潔淨和差遣的呼召。天父的聖潔不是讓你絕望，而是讓你可以說：「我在這裡，請差遣我。」,聖哉！聖哉！聖哉！萬軍之耶和華；他的榮光充滿全地！《以賽亞書6:3》
23以賽亞書第07章,信仰,天父在你最動盪的時刻說：謹慎安靜，不要害怕,你是否曾在一個危機重重的時刻，感到心中的恐懼難以按捺？神對面對政治威脅的亞哈斯說：「你要謹慎安靜，不要害怕，也不要心裡膽怯。」那不是輕描淡寫，而是天父先把祂的平安放進來，再給出行動的指引。你今天所面對的威脅，天父的第一句話也是：謹慎安靜，不要害怕。,你要謹慎安靜，不要害怕，也不要心裏膽怯。《以賽亞書7:4》
23以賽亞書第08章,信仰,天父的同在讓你面對任何謀算都無懼,你是否曾面對多方勢力的聯合，感到自己被圍困、沒有出路？「任憑你們同謀，終歸無有；任憑你們言定，終不成立；因為神與我們同在。」那個「因為」是關鍵——不是因為我們夠強，而是因為「以馬內利」——神與我們同在。天父的同在使一切對抗祂旨意的謀算，終歸無有。,任憑你們同謀，終歸無有；任憑你們言定，終不成立；因為神與我們同在。《以賽亞書8:10》
23以賽亞書第09章,服事,天父在最深的黑暗中為你點燃了大光,你是否曾在生命最黑暗的時期，感到光好像從你身邊消失了？「在黑暗中行走的百姓看見了大光；住在死蔭之地的人有光照耀他們。」那道光的名字是：「奇妙、策士、全能的神、永在的父、和平的君。」天父不在黑暗完全之後才帶來光，祂在最深的黑暗中就讓大光照耀。,因有一嬰孩為我們而生；有一子賜給我們。政權必擔在他的肩頭上；他名稱為奇妙、策士、全能的神、永在的父、和平的君。《以賽亞書9:6》
23以賽亞書第10章,信仰,天父讓你不再倚靠擊打你的，而是誠實倚靠祂,你是否曾發現自己在重複地倚靠那些一再讓你失望的東西？神說以色列「不再倚靠那擊打他們的，卻要誠實倚靠耶和華以色列的聖者」。那個「不再倚靠」需要一個清醒的決定——認出那個擊打者，然後轉向那位真實的倚靠。天父在等你做那個轉向，離開那個讓你受傷的依靠，回到祂那裡。,不再倚靠那擊打他們的，卻要誠實倚靠耶和華以色列的聖者。《以賽亞書10:20》
23以賽亞書第11章,信仰,天父賜下祂的靈，讓認識祂的知識充滿全地,你是否曾渴望那個萬物和好、公義遍地的世界？以賽亞說彌賽亞有「智慧、聰明、謀略、能力、知識和敬畏耶和華的靈」，「因為認識耶和華的知識要充滿遍地，好像水充滿洋海一般」。那個充滿是真實的應許，它已在基督身上開始應驗。天父的靈在今天仍在引領人認識祂。,因為認識耶和華的知識要充滿遍地，好像水充滿洋海一般。《以賽亞書11:9》
23以賽亞書第12章,悔改,天父是你的力量和詩歌，祂也成了你的拯救,你是否曾在一段管教或試煉之後，感到神似乎對你發怒，關係有了距離？「你雖然向我發怒，你的怒氣卻已轉消；你又安慰了我。看哪，神是我的拯救；我要倚靠他，並不懼怕。」那個「雖然」很重要——管教是真實的，但比管教更長遠的是天父的安慰和拯救。,看哪，神是我的拯救；我要倚靠他，並不懼怕。因為主耶和華是我的力量，是我的詩歌，他也成了我的拯救。《以賽亞書12:2》
23以賽亞書第13章,信仰,天父主宰歷史，最強大的帝國也在祂的手中,你是否曾面對一個看起來牢不可破的強大勢力，覺得沒有任何力量能動搖它？巴比倫在以賽亞時代是無人能撼動的超級大國，但神說要用這樣的方式傾覆它。天父掌管歷史的走向，沒有任何人間的強權是在祂主權之外的。今天你所面對的「強大」，在天父面前也不過如此。,我必因邪惡刑罰世界，因罪孽刑罰惡人，使驕傲人的狂妄止息，制伏強暴人的狂傲。《以賽亞書13:11》
23以賽亞書第14章,信仰,天父讓驕傲自高的必墜落，謙卑的才能長存,你是否曾注意到，驕傲有一種讓人看不見它的自我欺騙？巴比倫王說了五個「我要」，每一個都是「我要超越一切，我要到最高處」——然後「你必墜落陰間，到坑中極深之處」。天父不是嫉妒人的大，而是看見了驕傲所帶來的必然跌落。謙卑是最穩固的高處。,你心裏曾說：我要升到天上……然而，你必墜落陰間，到坑中極深之處。《以賽亞書14:13、15》
23以賽亞書第15章,智慧,天父在你最意想不到的地方也存著悲憫,你是否曾對仇敵或對立者的遭遇感到冷漠，覺得「他們本來就該這樣」？神在宣告對摩押的審判時，先知說：「我心為摩押悲哀。」那不是出於軟弱，而是出於神悲憫的心——即使在審判中，神的心仍然感到痛苦。天父對每一個受苦的生命都有感受，包括你的對立者。,我心為摩押悲哀。《以賽亞書15:5》
23以賽亞書第16章,信仰,天父的寶座因慈愛堅立，公義和速行是祂的性情,你是否曾在混亂的政治或社會環境中，渴望一個真正公義的統治？「必有寶座因慈愛堅立；必有一位誠誠實實坐在其上，在大衛帳幕中施行審判，尋求公平，速行公義。」那是彌賽亞王的形象，也是天父性情的彰顯。你今天所渴望的公平，在那個寶座面前必得回應。,必有寶座因慈愛堅立；必有一位誠誠實實坐在其上……尋求公平，速行公義。《以賽亞書16:5》
23以賽亞書第17章,悔改,天父讓苦難成為你回頭仰望祂的轉機,你是否曾發現，有時只有在困難來臨的時候，你才想起要「仰望神」？「當那日，人必仰望造他們的主，眼目重看以色列的聖者」——那個審判帶來的，不只是痛苦，而是眼目的轉向。天父允許困難，不只是為了管教，也是為了把你的眼目帶回到唯一真正配得你仰望的那一位。,當那日，人必仰望造他們的主，眼目重看以色列的聖者。《以賽亞書17:7》
23以賽亞書第18章,信仰,天父的安靜是主權的安穩，祂的看守從不間斷,你是否曾在世界四處奔走尋找解決方案時，覺得神好像沉默不動？「我要安靜，在我的居所觀看，如同日光中的清熱，又如露水的雲霧。」那個安靜不是漠然，而是掌管一切之神的安穩。天父不需要急忙行動——祂在「安靜中觀看」，那個看守比任何奔走都更有效。,耶和華對我這樣說：我要安靜，在我的居所觀看，如同日光中的清熱，又如露水的雲霧在收割的熱天。《以賽亞書18:4》
23以賽亞書第19章,信仰,天父又擊打又醫治，祂的終極目的是讓人歸向祂,你是否曾問過，神允許困難到底是為了什麼？「耶和華必擊打埃及，又擊打又醫治，埃及人就歸向耶和華。他必應允他們的禱告，醫治他們。」那個「又擊打又醫治」是最深刻的答案——擊打不是終點，醫治才是；醫治不是終點，歸向神才是。天父一切的允許，終極目的是讓你更靠近祂。,耶和華必擊打埃及，又擊打又醫治，埃及人就歸向耶和華。《以賽亞書19:22》
23以賽亞書第20章,敬拜,天父讓你看見：倚靠人的幫助最終必使人羞愧,你是否曾在危機中把很多希望放在某個人或某個系統上，最後那個倚靠讓你失望了？以色列倚靠埃及和古實，「必因所仰望的……驚惶羞愧」。那個羞愧不是偶然，而是必然的結果。天父允許那些倚靠失落，是要讓你轉向唯一可靠的那一位。你今天最終的倚靠是什麼？,以色列人必因所仰望的古實，所誇耀的埃及，驚惶羞愧。《以賽亞書20:5》
23以賽亞書第21章,信仰,天父讓守望者在黑夜宣告：早晨將到,你是否曾在漫長的黑夜中，感到曙光遙不可及？守望者說：「早晨將到，黑夜也來。」那個回答包含了誠實和盼望：黑夜是真實的，但早晨也是真實的。天父讓那些在黑暗中守望的人成為宣告黎明的人。你今天是守望者，還是放棄等候的人？,守望的說：早晨將到，黑夜也來。你們若要問就可以問，可以回頭再來。《以賽亞書21:12》
23以賽亞書第22章,信仰,天父在危機中等候你先仰望祂，而非只靠自己籌謀,你是否曾在危急中花了很多力氣準備、策劃、尋求外援，卻忘了先跪下來仰望神？「他們……卻不仰望作這事的主，也不顧念從古定這事的。」那個遺忘不是刻意的，往往是因為太忙著解決問題。天父在每一個危機的前面等候你，不只是最後手段，而是第一個動作。,你們……卻不仰望作這事的主，也不顧念從古定這事的。《以賽亞書22:11》
23以賽亞書第23章,品格,天父看顧推羅七十年後，財富最終也當歸給祂,你是否曾以為財富和商業成就是可以自誇的，而不需要歸回給神？推羅的審判揭示了驕傲的貿易帝國的本質；但七十年後神眷顧它，「他的貨財和利息要歸耶和華為聖……使他們喫飽，穿耐久的衣服。」天父連貿易的利益都能奉獻給祂的目的，你今天的財富，你願意奉獻給祂嗎？,他的貨財和利息要歸耶和華為聖……使他們喫飽，穿耐久的衣服。《以賽亞書23:18》
23以賽亞書第24章,信仰,天父是萬軍之耶和華，祂要在錫安山作王,你是否曾在全地性的動盪和不確定中，感到一切都在搖動？以賽亞說地被污穢、天空震動——但然後說：「萬軍之耶和華必在錫安山……作王；在敬畏他的長老面前，必有榮耀。」在全地動盪的最深處，天父的王座仍然穩固。你今天最終的盼望，放在那個永遠的王座上。,萬軍之耶和華必在錫安山，並在耶路撒冷作王；在敬畏他的長老面前，必有榮耀。《以賽亞書24:23》
23以賽亞書第25章,信仰,天父要吞滅死亡，擦去各人臉上的眼淚,你是否曾在某個最深的哀傷中，渴望有人把你臉上的眼淚永遠擦去？「他已經吞滅死亡直到永遠。主耶和華必擦去各人臉上的眼淚。」那不是比喻，而是最終的現實。天父在那個應許的筵席上，親手擦去每一滴眼淚，這是終末的盼望，但它今天就是你盼望的根基。,他已經吞滅死亡直到永遠。主耶和華必擦去各人臉上的眼淚。《以賽亞書25:8》
23以賽亞書第26章,禱告,天父保守那堅心倚靠祂的人得十分平安,你是否曾渴望那種深沉的平安，而不只是沒有戰爭的安靜？「堅心倚賴你的，你必保守他十分平安，因為他倚靠你。」那個「十分平安」的希伯來文是「平安的平安」——雙重的完全平安。天父給那個堅心倚靠祂的人，是一種超越環境的深沉平安。你願意以堅心倚靠換取這個平安嗎？,堅心倚賴你的，你必保守他十分平安，因為他倚靠你。《以賽亞書26:3》
23以賽亞書第27章,信仰,天父時刻澆灌、晝夜看守你，免得有人損害你,你是否曾感到信仰生命在某些季節特別容易受到外在的侵害和損傷？「我耶和華是看守葡萄園的；我必時刻澆灌，晝夜看守，免得有人損害。」那個「時刻」、「晝夜」是全天候的看守——不只是你特別求告的時候，而是每時每刻。天父是你生命最忠心的看守者。,我耶和華是看守葡萄園的；我必時刻澆灌，晝夜看守，免得有人損害。《以賽亞書27:3》
23以賽亞書第28章,信仰,天父在錫安放了寶貴的房角石，信靠的人必不著急,你是否曾在周圍的一切都搖動時，感到腳下沒有穩固的地方？「看哪，我在錫安放一塊石頭作為根基……信靠的人必不著急。」那個「不著急」不是冷漠，而是因為站在真正穩固的根基上，不需要慌亂地尋求替代的保障。天父為你預備了那塊根基，那是基督自己。,看哪，我在錫安放一塊石頭作為根基，是試驗過的石頭，是穩固根基，寶貴的房角石；信靠的人必不着急。《以賽亞書28:16》
23以賽亞書第29章,敬拜,天父要你用心親近祂，不只是嘴唇的敬拜,你是否曾在敬拜或靈修時，口說的話和心裡真實的狀態有著距離，只是完成了一個宗教動作？「這百姓親近我，用嘴唇尊敬我，心卻遠離我。」那個「心卻遠離」不一定是故意的，往往是習慣讓敬拜變成了例行。天父要的不只是你的禮拜時間，而是你心真實的轉向和親近。,因為這百姓親近我，用嘴唇尊敬我，心卻遠離我；他們敬畏我，不過是領受人的吩咐。《以賽亞書29:13》
23以賽亞書第30章,信仰,天父等候要施恩給你，等候祂的必有福,你是否曾在等候神的回應時感到漫長，不確定是否值得繼續等候？「耶和華必然等候，要施恩給你……凡等候他的都是有福的！」那個「等候」是雙向的——神也在等候，等候你進入祂要給的那份恩典的時機。天父比你更渴望施恩給你，那個等候裡有祂的心意在。,耶和華必然等候，要施恩給你……凡等候他的都是有福的！《以賽亞書30:18》
23以賽亞書第31章,信仰,天父如母鳥覆雛保護你，呼召你歸向祂,你是否曾在某個充滿威脅的時刻，渴望一種真實的保護，不只是策略，而是被遮蓋的安全感？「雀鳥怎樣搧翅覆雛，萬軍之耶和華也要照樣保護耶路撒冷。」那個「照樣」把神的保護用最溫柔的比喻說出來——遮蓋、護住、不讓傷害進入。天父說：歸向我，我護衛你。,雀鳥怎樣搧翅覆雛，萬軍之耶和華也要照樣保護耶路撒冷。《以賽亞書31:5》
23以賽亞書第32章,服事,天父是你在乾旱之地的河流，疲乏之地的磐石影子,你是否曾在一個靈命特別乾旱、特別疲乏的時期，渴望找到一個真實的遮蔭和滋潤？「有一人像河流在乾旱之地，像大磐石的影子在疲乏之地。」那個「有一人」指向彌賽亞，也指向天父的供應。在你最乾旱的地方，祂就是那條河；在你最疲乏的地方，祂是那塊磐石的影子。,必有一人像避風所和避暴雨的隱密處，又像河流在乾旱之地，像大磐石的影子在疲乏之地。《以賽亞書32:2》
23以賽亞書第33章,信仰,天父呼召你以敬畏祂為至寶，那是最真實的財富,你是否曾問過自己：我最寶貴的財富是什麼？知識、關係、錢財、健康——還是敬畏神？「你一生一世必得安穩，有豐盛的救恩，並智慧和知識；你以敬畏耶和華為至寶。」那個「至寶」超越所有其他的財富，因為那是唯一能讓你「安穩、有救恩、有智慧」的根基。,你一生一世必得安穩，有豐盛的救恩，並智慧和知識；你以敬畏耶和華為至寶。《以賽亞書33:6》
23以賽亞書第34章,信仰,天父的書你要查考宣讀，祂的話無一缺少,你是否曾感到聖經是一本遙遠的古書，與今天的世界脫節？「你們要查考宣讀耶和華的書。這都無一缺少，無一沒有伴偶。」那個「無一缺少」是神對祂話語完整性的宣告。天父的話沒有一句是多餘的，也沒有一句應許是不算數的。去查考，去宣讀，你必找到你需要的。,你們要查考宣讀耶和華的書。這都無一缺少，無一沒有伴偶。《以賽亞書34:16》
23以賽亞書第35章,信仰,天父讓曠野歡喜，沙漠開花，要對膽怯的人說不要懼怕,你是否曾在生命的「曠野」和「乾旱之地」中，感覺一切都枯乾，沒有任何生機？「曠野和乾旱之地必然歡喜；沙漠也必快樂；又像玫瑰開花。」然後：「對膽怯的人說：你們要剛強，不要懼怕。看哪，你們的神必來……拯救你們。」天父的應許是：那個曠野不是終點，而是花開之前。,曠野和乾旱之地必然歡喜；沙漠也必快樂；又像玫瑰開花。……對膽怯的人說：你們要剛強，不要懼怕。《以賽亞書35:1、4》
23以賽亞書第36章,財務,天父是你唯一可仗賴的倚靠，其他的都是壓傷的葦杖,你是否曾把你的安全感建立在某個「看起來很強大」的外在倚靠上，卻在關鍵時刻發現它讓你受傷？「你所倚靠的埃及是那壓傷的葦杖，人若靠這杖，就必刺透他的手。」那個「壓傷的葦杖」是所有試圖取代天父地位的東西的共同命運。天父是唯一在你需要時不會讓你受傷的那一位。,你所倚靠的埃及是那壓傷的葦杖，人若靠這杖，就必刺透他的手。《以賽亞書36:6》
23以賽亞書第37章,禱告,天父等候你把最難的問題展開在祂面前,你是否曾收到一封讓你不知所措的「壞消息」，卻試圖靠自己解決，沒有帶到神面前？希西家把那封嘲諷神的書信「在耶和華面前展開」，然後禱告。他沒有先計劃反制方案，而是先跪下來把問題陳在神面前。天父在等候你把那個你最不知道如何面對的困境，直接鋪展在祂面前。,希西家就上耶和華的殿，將書信在耶和華面前展開。現在求你救我們脫離亞述王的手，使天下萬國都知道惟有你是耶和華。《以賽亞書37:14、20》
23以賽亞書第38章,禱告,天父聽見你的禱告，也看見了你的眼淚,你是否曾在眼淚中禱告，不確定那樣軟弱的禱告是否真的被神看見？希西家痛哭，神說：「我聽見了你的禱告，看見了你的眼淚。」不只是禱告，連眼淚也被看見。天父的回應不只是聆聽，也是看見——看見你眼淚背後的渴望和真實的心。你的眼淚不是軟弱，它是天父最看重的禱告。,我聽見了你的禱告，看見了你的眼淚。《以賽亞書38:5》
23以賽亞書第39章,品格,天父看見你在順境後的驕傲，那往往比苦難更危險,你是否曾在一段危機過去之後，不知不覺地開始展示自己的「擁有」，以為可以建立別人對你的仰慕？希西家在病得醫治、危機過去後，「把所有的財寶都給他們看」，結果為後代帶來了巨大的禍患。天父在你順境後的自誇中，看見了一種比苦難更需要謹慎的危險。,希西家喜歡見使者，就把他的寶庫……所有的財寶都給他們看；希西家沒有一樣不給他們看的。《以賽亞書39:2》
23以賽亞書第40章,信仰,天父像牧人抱著羊羔，慢慢引導那乳養小羊的,你是否曾在一段精疲力竭的旅途中，感到自己走不動了，需要有人停下來等你、抱你？「他必像牧人牧養自己的羊群，用膀臂聚集羊羔抱在懷中，慢慢引導那乳養小羊的。」那個「慢慢引導」是為那些脆弱的、正在奶孩子的、沒辦法快走的人說的。天父的節奏是為你最脆弱的狀態量身定制的。,他必像牧人牧養自己的羊群，用膀臂聚集羊羔抱在懷中，慢慢引導那乳養小羊的。《以賽亞書40:11》
23以賽亞書第41章,信仰,天父說你不要害怕，因為我是你的神，我必幫助你,你是否曾在一個讓你感到渺小、四面受敵的處境中，需要一個真實的宣告讓你站起來？「你不要害怕，因為我與你同在；不要驚惶，因為我是你的神。我必堅固你，我必幫助你；我必用我公義的右手扶持你。」那個「我必」出現了三次——堅固、幫助、扶持。天父的「必」是你最可靠的保證。,你不要害怕，因為我與你同在；不要驚惶，因為我是你的神。我必堅固你，我必幫助你；我必用我公義的右手扶持你。《以賽亞書41:10》
23以賽亞書第42章,敬拜,天父不折斷壓傷的蘆葦，不吹滅將殘的燈火,你是否曾感覺自己是一根「壓傷的蘆葦」——幾乎要斷了，或者像一盞「將殘的燈火」——快要熄滅了？「壓傷的蘆葦，他不折斷；將殘的燈火，他不吹滅。」天父不會因你幾乎要斷了就嫌棄你，不會因你快熄滅了就放棄你。祂對最脆弱的人有最特別的憐憫。你今天是哪一種？,壓傷的蘆葦，他不折斷；將殘的燈火，他不吹滅。他憑真實將公理傳開。《以賽亞書42:3》
23以賽亞書第43章,信仰,天父提你的名召你，說：你是屬我的,你是否曾需要一個關於你是誰的最根本的確認？「我曾提你的名召你，你是屬我的。你從水中經過，我必與你同在……你從火中行過，必不被燒。」那個「你是屬我的」先於一切困難而存在——不是在你過完水和火之後才成為真實，而是在你進入之前就已宣告了。你的身份在天父的宣告裡。,我曾提你的名召你，你是屬我的。《以賽亞書43:1》
23以賽亞書第44章,悔改,天父塗抹你的過犯如厚雲消散，呼召你歸向祂,你是否曾覺得自己的罪記在神的帳上，像一塊難以消除的污點？「我塗抹了你的過犯，像厚雲消散；我塗抹了你的罪惡，如薄雲滅沒。你當歸向我，因我救贖了你。」那個「塗抹」是完整的消除，不是遮蓋，而是像雲散去一樣不再存在。天父已塗抹了，祂在等你「歸向」祂。,我塗抹了你的過犯，像厚雲消散；我塗抹了你的罪惡，如薄雲滅沒。你當歸向我，因我救贖了你。《以賽亞書44:22》
23以賽亞書第45章,信仰,天父邀請地極的人都仰望祂，就必得救,你是否曾以為「救恩」是某個特別的人、特別的民族才夠格領受的？「地極的人都當仰望我，就必得救；因為我是神，再沒有別神。」那個「都當」沒有例外——地的四極，每一個人。天父的救恩是向所有人敞開的，唯一的動作就是「仰望」——轉向那一位，那就夠了。,地極的人都當仰望我，就必得救；因為我是神，再沒有別神。《以賽亞書45:22》
23以賽亞書第46章,信仰,天父自你出胎便懷搋你，到白髮仍要保抱你,你是否曾擔心隨著年齡或衰老，天父的保護和同在會漸漸減少？「你們自從生下，就蒙我保抱，自從出胎，便蒙我懷搋。直到你們年老，我仍這樣；直到你們髮白，我仍懷搋。」從出胎到白髮——一整個人的一生，都在天父的懷搋中。沒有任何年齡段是被跳過的。,直到你們年老，我仍這樣；直到你們髮白，我仍懷搋。《以賽亞書46:4》
23以賽亞書第47章,智慧,天父讓你看清「惟有我」只屬於神，驕傲必致跌落,你是否曾在某種成功或優越感中，開始把「除了我，別無其他」的態度帶進你的心裡？巴比倫說：「惟有我，除我以外再沒有別的」——那個宣告因此帶來了傾覆。「惟有我」只是神的宣告，任何人若僭用，必然跌落。天父的謙卑是你的保護，祂的榮耀不與人共享。,你心中說：惟有我，除我以外再沒有別的。《以賽亞書47:8》
23以賽亞書第48章,信仰,天父在苦難的爐中揀選你，那是愛的精煉不是丟棄,你是否曾在苦難中懷疑：神是要精煉我，還是要丟棄我？「我熬煉你，卻不像熬煉銀子；你在苦難的爐中，我揀選你。」那個「揀選」不是在爐之外，而是「在苦難的爐中」——就在那個最難的地方，天父的揀選仍然有效。那個爐是精煉，不是丟棄的垃圾桶。,我熬煉你，卻不像熬煉銀子；你在苦難的爐中，我揀選你。《以賽亞書48:10》
23以賽亞書第49章,信仰,天父把你銘刻在祂掌上，祂不忘記你,你是否曾有過被神遺忘的感覺，覺得自己渺小到神記不住你？「婦人焉能忘記她喫奶的嬰孩……即或有忘記的，我卻不忘記你。看哪，我將你銘刻在我掌上。」那個「銘刻在掌上」是最個人化的記念方式——不是在書冊裡，而是在祂自己的手掌上。你的名字，永遠在那裡。,我卻不忘記你。看哪，我將你銘刻在我掌上。《以賽亞書49:15-16》
23以賽亞書第50章,品格,天父每早晨提醒你的耳朵，使你能聽祂的聲音,你是否曾感覺神的聲音越來越難聽見？僕人說：「主每早晨提醒，提醒我的耳朵，使我能聽，像受教者一樣。」那個「每早晨」是每一天的重複，「提醒」是神主動地開你的耳朵。天父不是說一次就算了，而是每一天早晨都重新提醒、重新開啟你聽見祂的能力。,主每早晨提醒，提醒我的耳朵，使我能聽，像受教者一樣。《以賽亞書50:4》
23以賽亞書第51章,信仰,天父的救恩永遠長存，天地雖消散祂的公義不廢,你是否曾在世界一切的不確定中，渴望找到一個絕對不會改變的根基？「天必像煙雲消散……地必如此朽殘……惟有我的救恩永遠長存；我的公義也不廢掉。」天地可能改變，天父的救恩和公義卻永遠長存。你今天所倚靠的天父，是宇宙中唯一「不廢掉」的那一位。,天必像煙雲消散……惟有我的救恩永遠長存；我的公義也不廢掉。《以賽亞書51:6》
23以賽亞書第52章,信仰,天父呼召你興起披能力，報佳音的腳登山何等佳美,你是否曾感覺自己陷在某種「為奴」的狀態中，無法自由地發聲和行動？「錫安哪，興起！興起！披上你的能力！」然後：「那報佳音，傳平安，報好信，傳救恩的……這人的腳登山何等佳美！」天父的呼召不只是讓你自由，還要你把那個自由的好消息帶出去，登山傳報。,那報佳音，傳平安，報好信，傳救恩的……這人的腳登山何等佳美！《以賽亞書52:7》
23以賽亞書第53章,禱告,天父讓祂的僕人為你的過犯受傷，讓你得醫治,你是否曾站在十字架前，完全感受那個代替的重量？「哪知他為我們的過犯受害，為我們的罪孽壓傷。因他受的刑罰，我們得平安；因他受的鞭傷，我們得醫治。」那個「他」是天父差來的；那個「我們」就是你。天父沒有讓你獨自承擔那個你本應承受的刑罰，祂讓祂的兒子代替你。,哪知他為我們的過犯受害，為我們的罪孽壓傷。因他受的刑罰，我們得平安；因他受的鞭傷，我們得醫治。《以賽亞書53:5》
23以賽亞書第54章,信仰,天父的慈愛比大山更穩固，必不離開你,你是否曾在某個讓你感到被棄絕的時刻，以為神的慈愛也對你退縮了？「大山可以挪開，小山可以遷移；但我的慈愛必不離開你；我平安的約也不遷移。」大山是人類所知最穩固的東西，但天父的慈愛比大山更穩固。那個「必不離開」是最強烈的承諾，今天它仍然有效。,大山可以挪開，小山可以遷移；但我的慈愛必不離開你；我平安的約也不遷移。《以賽亞書54:10》
23以賽亞書第55章,信仰,天父不用銀錢邀請你來，白白領受祂的恩典,你是否曾覺得自己還沒有準備好、還不夠格來領受神的恩典？「一切乾渴的都當就近水來；沒有銀錢的也可以來。」「不用銀錢，不用價值」——那個「不用」把所有的條件都移除了。天父的邀請是最開放的，唯一需要做的就是「來」。你今天的資格，就是你渴了。,你們一切乾渴的都當就近水來；沒有銀錢的也可以來。你們都來，買了喫；不用銀錢，不用價值。《以賽亞書55:1》
23以賽亞書第56章,服事,天父的殿是萬民禱告的殿，向所有人敞開,你是否曾覺得自己不屬於某個「核心圈子」，好像神的恩典是給某些特定的人保留的？「我的殿必稱為萬民禱告的殿。」那個「萬民」沒有例外——外邦人、太監、各樣的人。天父的殿向所有人敞開，任何一個向祂禱告的人，都在祂的「萬民」之中。你也在其中。,我的殿必稱為萬民禱告的殿。《以賽亞書56:7》
23以賽亞書第57章,信仰,天父住在至高所在，也與心靈痛悔謙卑的人同居,你是否曾覺得神太高太遠，住在天上，與你的卑微相去太遠？「我住在至高至聖的所在，也與心靈痛悔謙卑的人同居；要使謙卑人的靈甦醒，也使痛悔人的心甦醒。」天父同時在最高和最低的地方——高到超越宇宙，也低到在你痛悔謙卑的心中。那個「也」讓一切都改變了。,我住在至高至聖的所在，也與心靈痛悔謙卑的人同居。《以賽亞書57:15》
23以賽亞書第58章,品格,天父所揀選的禁食是鬆開公義的繩，把餅分給飢餓的人,你是否曾把信仰的操練只停留在個人的靈修形式上，而沒有讓它延伸到對社會公義的行動？神說祂所揀選的禁食是「鬆開兇惡的繩……把你的餅分給飢餓的人，將流離的窮人接到你家中」。然後：「你的光就必在黑暗中發現。」天父讓你的光從公義的行動中照出來，不只從宗教形式中。,我所揀選的禁食，不是要鬆開兇惡的繩……把你的餅分給飢餓的人嗎？《以賽亞書58:6-7》
23以賽亞書第59章,信仰,天父親自施行拯救，因為無人代求，祂就親自來,你是否曾感覺沒有人願意為你出頭、為你說話、為你代求？「他見無人拯救，無人代求，甚為詫異，就用自己的膀臂施行拯救。」沒有中間人，天父親自出手。那個「甚為詫異，就用自己的膀臂」說明：神不需要任何人替祂行動，祂可以直接出手。你的處境若沒有人為你代求，天父的膀臂仍然伸著。,他見無人拯救，無人代求……就用自己的膀臂施行拯救。《以賽亞書59:16》
23以賽亞書第60章,智慧,天父呼召你興起發光，因為祂的榮耀在你身上,你是否曾在周圍一片黑暗的時候，感到不確定自己是否還有光可以發出？「興起，發光！因為你的光已經來到！耶和華的榮耀發現照耀你。」那個光不是你製造的，而是天父的榮耀照在你身上。你所要做的是興起——那個光已經在那裡了，你只需要起身，讓它透過你發出。,興起，發光！因為你的光已經來到！耶和華的榮耀發現照耀你。《以賽亞書60:1》
23以賽亞書第61章,服事,天父的靈在你身上，差你傳好消息給謙卑的人,你是否曾在面對某個需要你帶去好消息的處境時，感到自己沒有那個能力？「主耶和華的靈在我身上；因為耶和華用膏膏我，叫我傳好信息給謙卑的人。」那個「用膏膏我」是神的裝備在先，呼召在後。天父不是呼召你靠自己的力量去服事，而是先給你膏抹，再差你去傳。,主耶和華的靈在我身上；因為耶和華用膏膏我，叫我傳好信息給謙卑的人。《以賽亞書61:1》
23以賽亞書第62章,信仰,天父稱你為「我所喜悅的」，這是祂對你身份的重新命名,你是否曾被某個標籤所定義——失敗者、被棄絕的、不夠好的——讓那個標籤影響了你對自己的認識？「你必不再稱為『撇棄的』……你卻要稱為『我所喜悅的』……因為耶和華喜悅你。」那個新名字是天父親自給的。祂重新命名你，從「被棄」到「被喜悅」，那個改變從祂的宣告開始。,你必不再稱為撇棄的……你卻要稱為我所喜悅的……因為耶和華喜悅你。《以賽亞書62:4》
23以賽亞書第63章,信仰,天父在你一切苦難中也同受苦難，祂不是旁觀者,你是否曾在苦難中感到神離得很遠，好像一個冷漠的旁觀者？「他們在一切苦難中，他也同受苦難……他以慈愛和憐憫救贖他們；在古時的日子常保抱他們，懷搋他們。」那個「同受苦難」不是比喻，而是天父最深的同在宣告。你在苦難中，祂在你裡面，不是在你旁邊看著。,他們在一切苦難中，他也同受苦難；……他以慈愛和憐憫救贖他們，在古時的日子常保抱他們，懷搋他們。《以賽亞書63:9》
23以賽亞書第64章,未來,天父是陶匠，你是泥土，祂仍在塑造你,你是否曾在自己的罪惡和不足面前，覺得自己太爛了，連神也不知道能拿你怎麼辦？先知說：「我們都是污穢的……我們的義都像污穢的衣服。」然後說：「耶和華啊，你是我們的父！我們是泥，你是窰匠；我們都是你手的工作。」那個比喻是盼望：你是泥，但天父的手仍然在你身上。,耶和華啊，你是我們的父！我們是泥，你是窰匠；我們都是你手的工作。《以賽亞書64:8》
23以賽亞書第65章,信仰,天父整天伸手招呼你，祂的邀請從未收回,你是否曾懷疑天父是否還在等候你，還是已經放棄了你？「我整天伸手招呼那悖逆的百姓。」那個「整天」是持續的、從未停止的招呼。不是在你狀態好的時候才招呼你，而是整天都在。天父的手向你伸出，不論你現在的狀態如何，那個邀請仍然有效。,我整天伸手招呼那悖逆的百姓；他們隨自己的意念行不善之道。《以賽亞書65:2》
23以賽亞書第66章,信仰,天父所看顧的是虛心痛悔、因祂話而戰兢的人,你是否曾以為要有輝煌的事奉成就才能吸引天父的注意？「但我所看顧的，就是虛心痛悔、因我話而戰兢的人。」那個標準顛覆了人的標準——不是成就多大，而是心是否真實。天父的眼光穿透所有的外在表現，落在那個對祂話語有真實回應的心上。那是你的心嗎？,但我所看顧的，就是虛心痛悔、因我話而戰兢的人。《以賽亞書66:2》
24耶利米書第01章,信仰,天父在你未出生前已認識你、分別你、差遣你,你是否曾覺得自己的生命是偶然的，沒有任何特定的目的或意義？「我未將你造在腹中，我已曉得你；你未出母胎，我已分別你為聖；我已派你作列國的先知。」那三層宣告——曉得、分別、差遣——都在你出生之前已經發生了。天父對你的認識和呼召，比你的存在更早。,我未將你造在腹中，我已曉得你；你未出母胎，我已分別你為聖；我已派你作列國的先知。《耶利米書1:5》
24耶利米書第02章,信仰,天父是活水的泉源，你不需要用破裂的池子代替祂,你是否曾試圖用某個「自己鑿出來」的替代品，來填滿那個只有天父能填滿的渴望？「我的百姓做了兩件惡事，就是離棄我這活水的泉源，為自己鑿出池子，是破裂不能存水的池子。」那個破裂不是偶然的，凡不是天父的，遲早都會破裂。祂是活水泉源，你可以直接來取。,因為我的百姓做了兩件惡事，就是離棄我這活水的泉源，為自己鑿出池子，是破裂不能存水的池子。《耶利米書2:13》
24耶利米書第03章,悔改,天父呼召你：背道的兒女啊，回來吧，我的怒氣已轉消,你是否曾因為多次的失敗和回轉，以為這一次天父不可能再接納你了？「背道的以色列啊，回來吧！我必不怒目看你們；因為我是慈愛的，我必不永遠存怒。」那個「我必不永遠存怒」是天父性情最真實的宣告——祂的怒氣是有限的，祂的慈愛才是永遠的。回來，仍然有效。,背道的以色列啊，回來吧！我必不怒目看你們；因為我是慈愛的，我必不永遠存怒。《耶利米書3:12》
24耶利米書第04章,悔改,天父呼召你先開墾內心的荒地，再撒種改變,你是否曾試圖在心裡「荊棘」還沒有清除的地方，直接撒下新的決心和改變，結果那個改變很快就被荊棘纏住了？「要開墾你們的荒地，不要撒種在荊棘中。」真正的悔改需要先翻土——清除那些長期佔據的舊模式和偏見，然後才是撒種。天父在等候你的「翻土」動作。,要開墾你們的荒地，不要撒種在荊棘中。《耶利米書4:3》
24耶利米書第05章,品格,天父尋找行公義求誠實的人，你可以成為那一個,你是否曾覺得「一個人能改變什麼」，感到個人力量的渺小？神說：「看看有一人行公義求誠實沒有？若有，我就赦免這城。」一個人的公義，可以成為整座城的保護。天父在今天的世代中仍然在尋找那一個行公義、求誠實的人。那個人可以是你——不是為了功績，而是因為真實的信仰。,看看有一人行公義求誠實沒有？若有，我就赦免這城。《耶利米書5:1》
24耶利米書第06章,信仰,天父指引你走古道的善道，在其中你的心必得安息,你是否曾在太多新聲音的包圍下，不確定哪條路是真正帶來生命的路？「你們當訪問古道，哪是善道，便行在其間；這樣，你們心裏必得安息。」那個「古道」不是守舊，而是神所設立的生命之道——那條帶來真實安息的路，即使在今天仍然是那一條。天父的道路帶來的安息是真實的。,你們當訪問古道，哪是善道，便行在其間；這樣，你們心裏必得安息。《耶利米書6:16》
24耶利米書第07章,信仰,天父不接納倚靠宗教外殼、卻行不義的敬拜,你是否曾以為常常去教會、熱心參與宗教活動就是對的，卻在日常行為上沒有改變？「你們不要倚靠虛謊的話，說：這些是耶和華的殿！」然後：「這稱為我名下的殿在你們眼中豈可看為賊窩嗎？我都看見了。」天父看的不是你在聖殿出現的頻率，而是你在其中的實際生命。,這稱為我名下的殿在你們眼中豈可看為賊窩嗎？我都看見了。《耶利米書7:11》
24耶利米書第08章,敬拜,天父讓連候鳥都知道的時令，也讓你認識祂的法則,你是否曾在信仰生活中變得麻木，對神的話語喪失了敏銳的感受？「空中的鸛鳥知道來去的定期……我的百姓卻不知道耶和華的法則。」那個對比很刺人——候鳥按照創造者的設計準確行動，而神的子民卻對神的法則失去了感覺。天父讓你比候鳥更認識祂，而不是更少。,空中的鸛鳥知道來去的定期……我的百姓卻不知道耶和華的法則。《耶利米書8:7》
24耶利米書第09章,信仰,天父讓你不靠智慧、勇力、財物誇口，只靠認識祂,你是否曾把某種優勢——智慧、能力、財富——當作你最深的自豪和依靠？「智慧人不要因他的智慧誇口，勇士不要因他的勇力誇口，財主不要因他的財物誇口。誇口的卻因他有聰明，認識我是耶和華。」天父把所有的誇口都換成了一個：認識祂，才是真正值得誇口的。,誇口的卻因他有聰明，認識我是耶和華。《耶利米書9:24》
24耶利米書第10章,信仰,天父是真神、活神、永遠的王，遠超一切的偶像,你是否曾想過，你生命中有沒有什麼「偶像」——你比對神更倚靠的東西？「惟耶和華是真神，是活神，是永遠的王。」那個宣告的力量不只是說偶像是假的，而是說天父是「活的」、是「永遠的」——那些我們可能倚靠的，都是有限的，都有終結的一天。天父的永遠才是你真正的倚靠。,惟耶和華是真神，是活神，是永遠的王。《耶利米書10:10》
24耶利米書第11章,信仰,天父勝過你所倚靠的一切代替品,你是否也曾在忙碌不安的時刻，習慣性地打開某個App、抓住某段關係，或緊握某項成就，只求讓自己安心？猶大百姓也是如此，他們向自己燒香供奉的神哀求幫助；但先知提醒他們，遭難的時候，這些「神」毫不拯救。任何無法真正托住生命的倚靠，終究會在危機中顯出它的無力。天父邀請你，把心中那些看似可靠的替代品放下，單單轉向那位真正聽見、真正拯救你的神。,那時，猶大城邑的人和耶路撒冷的居民要去哀求他們燒香所供奉的神；只是遭難的時候，這些神毫不拯救他們。《耶利米書11:12》
24耶利米書第12章,信仰,天父讓你帶著困惑的質問來，祂不怒反而更深地引導,你是否曾有過對神的「質問」——惡人為何亨通、義人為何受苦——卻不敢說出口，怕這是不敬虔的？耶利米直接問神：「惡人的道路為何亨通？」神沒有責備他，而是用更深的問題帶領他繼續前行。天父在你誠實的質問中，不會因此疏遠你，而是帶你進入更深的認識。,耶和華啊，我與你爭辯的時候，你顯為義；但有一件，我還要與你理論：惡人的道路為何亨通呢？《耶利米書12:1》
24耶利米書第13章,信仰,天父設計你緊貼祂讓祂得名聲，你的生命是祂的榮耀,你是否曾以為信仰只是「完成義務」，而不是天父的一個更深的設計？神說「好叫他們屬我為子民，使我得名聲，得頌讚，得榮耀」——你的生命是天父在世界上的見證。你的快樂、你的行事方式、你的待人態度，都是讓世界看見天父的機會。你今天的生命，在榮耀祂嗎？,耶和華說：不要驕傲，因為耶和華已經說了。《耶利米書13:15》
24耶利米書第14章,禱告,天父因祂名的緣故垂聽你即使在多次背道後的呼求,你是否曾因自己的多次背道而失去了向神呼求的勇氣，覺得「這次我沒有資格再求」？「耶和華啊，我們的罪孽雖然作見證告我們，還求你為你名的緣故行事。」那個轉折是關鍵——不是「因為我夠好」，而是「因你名的緣故」。天父的名是你禱告最可靠的根基，即使在背道之後。,耶和華啊，我們的罪孽雖然作見證告我們，還求你為你名的緣故行事。《耶利米書14:7》
24耶利米書第15章,信仰,天父的言語是你心中的歡喜快樂，即使四圍是孤單,你是否曾在一段孤立和壓力中，感到沒有什麼可以支撐自己繼續前行？「我得着你的言語，就當食物吃了；你的言語是我心中的歡喜快樂，因我是稱為你名下的人。」那個吃下去的話語，不只是知識，而是支撐生命的食物。天父的話語在你最孤單的時候，就是你的喜樂。,我得着你的言語，就當食物吃了；你的言語是我心中的歡喜快樂，因我是稱為你名下的人。《耶利米書15:16》
24耶利米書第16章,信仰,天父是你苦難之日的避難所，列國終將歸向祂,你是否曾在某個特別艱難的日子，感到不知道要往哪裡躲、哪裡尋找庇護？「耶和華啊，你是我的力量，是我的保障；在苦難之日是我的避難所。」那個「在苦難之日」很精確——不是在平靜的日子才成為避難所，而是在苦難的那一天，天父就是那個可以躲進去的地方。,耶和華啊，你是我的力量，是我的保障；在苦難之日是我的避難所。《耶利米書16:19》
24耶利米書第17章,禱告,天父讓倚靠祂的人如樹栽於水旁，在旱年不懼怕,你是否曾在一段生命的乾旱中，感到快要枯乾了？「倚靠耶和華、以耶和華為可靠的，那人有福了！他必像樹栽於水旁，在河邊扎根，炎熱來到，並不懼怕，葉子仍必青翠，在乾旱之年毫無掛慮，而且結果不止。」那個「仍必青翠」是在旱年裡說的——不是因為沒有旱年，而是根扎得夠深。,倚靠耶和華、以耶和華為可靠的，那人有福了！他必像樹栽於水旁，在河邊扎根。《耶利米書17:7-8》
24耶利米書第18章,信仰,天父是你的窰匠，有主權和能力重新塑造你的生命,你是否曾覺得自己已經是一個「壞掉的器皿」，無法再被修補？「泥在窰匠的手中怎樣，你們在我的手中也怎樣。」窰匠可以把壞掉的泥器重新揉製，造出新的器皿。天父有這個主權，也有這個能力——不是修修補補，而是重新塑造。你願意讓自己的泥在祂手中保持柔軟嗎？,泥在窰匠的手中怎樣，你們在我的手中也怎樣。《耶利米書18:6》
24耶利米書第19章,信仰,天父嚴肅地對待持續的悖逆，警告你不要讓它積累,你是否曾覺得「小事就算了，反正以後還可以悔改」，卻沒有意識到悖逆的積累有其臨界點？打碎的瓦器「不能再囫圇」，象徵審判到了某個點就不可挽回。第18章的泥可以重塑，第19章的瓦器一旦打碎就是打碎。天父嚴肅對待這個警告，呼召你今天就轉回，不要等待。,我要照樣打碎這民和這城，正如人打碎窰匠的瓦器，以致不能再囫圇。《耶利米書19:11》
24耶利米書第20章,服事,天父把祂的話像火一樣放在你裡面，讓你含忍不住,你是否曾想過把神的話藏起來，不說不傳，因為說了代價太大？耶利米說：「我若說我不再提耶和華……我便心裏覺得似乎有燒着的火閉塞在我骨中，我就含忍不住，不能自禁。」那個「燒着的火」是神的話語。天父把那個無法壓制的使命放在真正被祂的話觸動的人裡面。,我便心裏覺得似乎有燒着的火閉塞在我骨中，我就含忍不住，不能自禁。《耶利米書20:9》
24耶利米書第21章,智慧,天父把生命的路和死亡的路擺在你面前，邀你選擇,你是否曾以為信仰只是一種個人的心靈安慰，不涉及現實的重大抉擇？「看哪，我將生命的路和死亡的路擺在你們面前。」那不是象徵性的，而是真實的兩條路，有真實的後果。天父把選擇的機會擺在你面前，不是要讓你無所適從，而是因為祂尊重你的選擇，也要你認真對待這個選擇。,耶和華如此說：看哪，我將生命的路和死亡的路擺在你們面前。《耶利米書21:8》
24耶利米書第22章,領袖,天父認為認識祂就是為困苦窮乏的人伸冤,你是否曾問過：「真正認識神是什麼感覺？」先知說約西亞王「為困苦和窮乏人伸冤，那時就得了福樂」，然後說：「認識我不在乎此嗎？」天父說真正認識祂，就會展現在對弱者的關顧上。你今天對身邊最脆弱的人的態度，就是你「認識神」程度最真實的顯示。,他為困苦和窮乏人伸冤，那時就得了福樂。認識我不在乎此嗎？這是耶和華說的。《耶利米書22:16》
24耶利米書第23章,信仰,天父應許為散失的羊群設立真牧人，帶來公義的苗裔,你是否曾在某個失職的領袖讓你受傷之後，對信仰群體感到失望，以為神也同樣不在乎？「我要給大衛興起一個公義的苗裔；他必掌王權，行事有智慧，在地上施行公平和公義。」天父不以人的失職為理由放棄計畫，祂親自起來設立真牧人。那個真牧人就是基督。,日子將到，我要給大衛興起一個公義的苗裔；他必掌王權，行事有智慧，在地上施行公平和公義。《耶利米書23:5》
24耶利米書第24章,信仰,天父的評價標準與人的常識相反，被擄的是好無花果,你是否曾因為自己的處境看起來太糟，以為天父一定是站在那些看起來「順利」的人那邊？神說被擄的人是「好無花果」，要被眷顧建立；看起來安全留守的人反而是「壞無花果」。「我要賜他們認識我的心，知道我是耶和華。」天父的眷顧不跟隨外表的順利，而跟隨祂自己的心意。,我要賜他們認識我的心，知道我是耶和華。他們要作我的子民，我要作他們的神，因為他們要一心歸向我。《耶利米書24:7》
24耶利米書第25章,服事,天父從早差遣先知告訴你，祂的耐心不是遲鈍是慈愛,你是否曾把神的等候理解為祂不在乎，而不是祂的慈愛？「耶和華也從早起來，差遣他的僕人眾先知到你們這裏來」——那個「從早起來」是天父主動的、持續的關心，是祂一再發出警告的耐心。天父的「多次呼喚」不是因為祂軟弱，而是因為祂不願任何人滅亡，一直給機會。,耶和華也從早起來，差遣他的僕人眾先知到你們這裏來（只是你們沒有聽從，也沒有側耳而聽）。《耶利米書25:4》
24耶利米書第26章,品格,天父呼召你一字不減地傳講真道，即使代價沉重,你是否曾因為說了真話讓人不高興，就開始調整你的話語，讓它「更容易被接受」？神對耶利米說：「一字不可刪減」——面對死亡威脅，耶利米仍然完整傳達信息。天父不要你說人喜歡聽的話，而要你說真話——那個真話，即使代價沉重，也是你對神最深的忠心。,至於我，我在你們手中，你們眼看何為善，何為正，就那樣待我吧！《耶利米書26:14》
24耶利米書第27章,信仰,天父的主權超越人的政治算計，祂的計畫終必成就,你是否曾試圖用人的智慧和聯盟來規避天父已宣告的計畫，結果只是徒勞？神說：「我用大能和伸出來的膀臂，創造大地……我看給誰相宜，就把地給誰。」沒有任何政治聯盟能推翻天父的決定。今天的世界也如此，天父的計畫不被人的謀算所左右，祂的旨意終必成就。,我用大能和伸出來的膀臂，創造大地和地上的人民、牲畜。我看給誰相宜，就把地給誰。《耶利米書27:5》
24耶利米書第28章,智慧,天父讓你分辨真假先知，受歡迎的話不一定是祂的話,你是否曾因為某個信息讓你感覺良好就信以為真，而沒有查驗它是否合乎神的話語？哈拿尼雅說了眾人想聽的——快速的平安歸回；耶利米說的卻讓人失望。「先知預言的平安，到話語成就的時候，人便知道他真是耶和華所差來的。」天父讓你以應驗和神的話語為標準，而不是以受歡迎程度。,先知預言的平安，到話語成就的時候，人便知道他真是耶和華所差來的。《耶利米書28:9》
24耶利米書第29章,信仰,天父對你懷平安意念，要給你末後的指望,你是否曾在一個「不是你想要的」處境中，感到被天父遺棄或遺忘？神對被擄的百姓說：「你們要為那城求平安，為那城禱告耶和華」，然後說：「我知道我向你們所懷的意念是賜平安的意念，不是降災禍的意念，要叫你們末後有指望。」天父的計畫在你的「巴比倫」裡仍然是平安，仍然是指望。,耶和華說：我知道我向你們所懷的意念是賜平安的意念，不是降災禍的意念，要叫你們末後有指望。《耶利米書29:11》
24耶利米書第30章,信仰,天父的管教帶著憐憫的邊界，祂要從遠方拯救你,你是否曾在管教中感到它只是懲罰，看不見任何憐憫的成分？神說：「我要從寬懲治你……我與你同在，拯救你」，管教是有邊界的，拯救是確定的。「我的僕人雅各啊，不要懼怕……我要從遠方拯救你。」天父的管教不是要毀滅你，而是在邊界之內塑造你，並從遠方帶你回家。,故此，耶和華說：我的僕人雅各啊，不要懼怕；以色列啊，不要驚惶；因我要從遠方拯救你。《耶利米書30:10》
24耶利米書第31章,悔改,天父以永遠的愛愛你，以慈愛吸引你,你是否曾覺得神的愛是有條件的，只在你表現好的時候才有效？「古時耶和華向以色列顯現，說：我以永遠的愛愛你，因此我以慈愛吸引你。」那個「永遠」是在百姓剛受管教之後說的，不是在他們狀態最好時說的。天父的愛不以你的狀態為前提，那是最深的宣告。,我以永遠的愛愛你，因此我以慈愛吸引你。《耶利米書31:3》
24耶利米書第32章,信仰,天父讓你在最絕望的時候仍用行動宣告祂的應許,你是否曾在一個看起來完全沒有希望的時刻，仍然願意以一個具體的行動宣告你對天父應許的信心？城市即將陷落，耶利米卻買下一塊地——那個買地的行動是信仰最具體的表達。「我是耶和華，是凡有血氣者的神，豈有我難成的事嗎？」天父的問題是你行動的根基。,我是耶和華，是凡有血氣者的神，豈有我難成的事嗎？《耶利米書32:27》
24耶利米書第33章,禱告,天父說：你求告我，我就應允你，並指示你大而難的事,你是否曾覺得自己禱告的問題太大，太複雜，神可能沒有答案或不願意告訴你？「你求告我，我就應允你，並將你所不知道、又大又難的事指示你。」那個「大而難的事」——不是瑣碎的事，而是你最不知道、最困難的部分——天父說：你求告，我就指示。,你求告我，我就應允你，並將你所不知道、又大又難的事指示你。《耶利米書33:3》
24耶利米書第34章,信仰,天父的話精確可信，連細節都在祂的掌管中,你是否曾因應許模糊而不確定是否可以倚靠？神對西底家說：「你必不被刀劍殺死，你必平安而死」——那個預言包含了精確的細節，後來都一一應驗。天父的話不是模糊的鼓勵，而是有具體內容的宣告。你今天手中的那個應許，也是可以這樣信靠的。,猶大王西底家啊，你還要聽耶和華的話。耶和華論到你如此說：你必不被刀劍殺死，你必平安而死。《耶利米書34:4-5》
24耶利米書第35章,品格,天父珍視你對承諾長期忠守的心，那比表演更珍貴,你是否曾在某個承諾上堅持了很久，卻沒有人看見，也開始懷疑是否值得繼續？利甲族兩百年不喝酒，不是因為強制，而是因為忠心於先祖的吩咐。神用這個見證對比以色列的背道。天父珍視那種不靠外在監督、持守長達多年的忠心——那才是品格最真實的顯示。,利甲的兒子約拿達的子孫能遵守先人所吩咐他們的命，這百姓卻沒有聽從我！《耶利米書35:16》
24耶利米書第36章,信仰,天父的話不因人的拒絕燒毀而消失，只會更多更完整,你是否曾在神的真理被人拒絕、藐視，甚至試圖消滅時，感到絕望？約雅敬王把書卷燒盡，以為消滅了神的審判。結果神命令重新寫一卷，且「另外又添了許多相彷的話」。天父的話不因人的拒絕而消失——拒絕它，只是讓它的後果更確定地臨到。,耶利米又取一書卷……他就從耶利米的口中寫了猶大王約雅敬所燒前卷上的一切話，另外又添了許多相彷的話。《耶利米書36:32》
24耶利米書第37章,品格,天父看見你在環境改變時仍不改變真話的誠信,你是否曾在環境轉好的時候，悄悄調整了你的立場，讓信息更討人喜歡？法老軍隊暫時解圍，眾人以為危機過去了——正是改口的「好時機」。但耶利米沒有改變立場：「不要自欺，迦勒底人必回來。」天父看見你在環境改變時是否仍然說同樣的真話，那才是真正的誠信。,耶和華如此說：你們不要自欺說「迦勒底人必定離開我們」，因為他們必不離開。《耶利米書37:9》
24耶利米書第38章,品格,天父讓一個看似弱小的人以憐憫行動拯救了先知,你是否曾因為自己的位置不夠重要，覺得自己「沒有立場」為某個不公義發聲？以伯米勒只是一個太監，沒有義務為囚犯耶利米冒政治風險，但他看見不義，就去王面前開口求情，還細心地用破布保護先知的腋窩。天父讓這個看似無足輕重的人，成為拯救先知的關鍵。,那時，宮中有個太監名叫以伯米勒……就來進入王宮……對王說：我主我王啊，這些人向先知耶利米所行的一切惡，凡在這城中所行的，你都聽見了。《耶利米書38:7-9》
24耶利米書第39章,信仰,天父的話一字一句都必應驗，多年的預言精確成就,你是否曾懷疑神多年前說的話是否還算數？耶利米宣告的每一個預言細節——西底家的眾子被殺、眼睛被剜、被帶往巴比倫——一一應驗，分毫不差。天父說了的話不因時間推移而失效，不因環境改變而落空。你今天所握的應許，同樣精確，同樣算數。,耶和華論到耶路撒冷和猶大所說的話都成就了；現在他把他們拋棄在他面前。《耶利米書39:8節（節略）》
24耶利米書第40章,奉獻,天父在廢墟上仍為餘民預備新的開始,你是否曾在某個重大失敗或崩潰之後，以為一切已無可救藥？城破了、百姓被擄了，但「四方的猶大人聽說……都從所趕散的各處歸回」，在廢墟中積蓄糧食，重建社群。天父的恩典不以廢墟為終點，祂在每一個崩潰後仍為願意歸回的人預備新的開始。,猶大人，凡在摩押、在亞捫人中、在以東……都聽說……就從各處歸回。《耶利米書40:11（節略）》
24耶利米書第41章,智慧,天父呼召你在關鍵時刻聆聽警告，不可因驕傲而輕忽,你是否曾收到過一個警告，卻因為不喜歡那個聲音的來源而拒絕相信，最終吃了大虧？基大利不聽約哈難的警告，不只害了自己，也使聚集在他身邊的人陷入危機。天父常透過意想不到的渠道發出警告，接受警告需要謙卑，但那個謙卑可以救你和你周圍的人。,約哈難……對基大利說：求你容我去殺尼探雅的兒子以實瑪利……亞希甘的兒子基大利說：你不可行這事。《耶利米書41:2、8（節略）》
24耶利米書第42章,信仰,天父在你求問祂時要求你真正準備好接受任何答案,你是否曾對神說「無論祢怎麼說，我都要遵從」，心裡卻暗暗希望祂給你想要的答案？百姓說「無論是好是歹，我們都必聽從」，卻在得到不喜歡的答案後立刻拒絕。天父看穿有條件的順從。真正的求問，是預備好接受任何祂所說的，然後照著去行。,我們現在請你到耶和華我們的神面前，他說的無論是好是歹，我們都必聽從。《耶利米書42:6》
24耶利米書第43章,信仰,天父讓你看見：拒絕祂的話往往以攻擊傳話者為藉口,你是否曾面對一個不喜歡的真理，不是正面反駁它，而是質疑說這話的人的動機？百姓對耶利米說：「你說謊言！這不是耶和華說的！」——把問題轉移到傳達者身上。天父看見那個模式，也看見你是否願意把那個防禦的牆放下，直接面對所說的話。,何沙雅的兒子亞撒利雅……說：你說謊言！耶和華我們的神並沒有差遣你來說：你們不可進入埃及去寄居。《耶利米書43:2》
24耶利米書第44章,悔改,天父的話語和審判就在你眼前，你今天學習了嗎,你是否曾親眼見過某個罪的代價，卻在另一個地方仍然做著同樣的事？百姓親眼見過耶路撒冷因偶像崇拜被毀滅，卻在埃及繼續同樣的行為，說：「我們以前燒香，反得豐衣足食。」天父讓歷史留下記錄，不是要讓你感傷，而是讓你今天在那個歷史中學習。你學了嗎？,你們燒香，得罪了耶和華，沒有聽從他的話，沒有遵行他的律法、條例、法度，所以你們遭遇這災禍，正如今日一樣。《耶利米書44:23》
24耶利米書第45章,服事,天父在你忠心服事的疲憊中說：我看見你，不要圖謀大事,你是否曾在長期忠心的服事中感到疲憊，在沒有人看見的地方哀嘆？「我因唉哼而困乏，不得安歇。」神沒有忽視巴錄的疲憊，也沒有責備他，而是直接回應。天父看見你在沒有人注意時所付出的每一分，你不需要圖謀大事，忠心活出你今天的份就夠了。,你為自己圖謀大事嗎？不要圖謀！……但你無論往那裏去，我必使你以自己的命為掠物。這是耶和華說的。《耶利米書45:5》
24耶利米書第46章,信仰,天父掌管歷史的大戰，列國的興衰都在祂的手中,你是否曾在看見世界的大事件時，感到不確定神是否在掌管？迦基米施的大戰，神稱那日為「我報仇的日子」——列強之間的碰撞，是天父計畫的展開。歷史的大事件不是偶然的，天父掌管著你看不見的幕後。你今天所面對的一切，也在祂的手中。,那日是主萬軍之耶和華報仇的日子，要向敵人報仇。《耶利米書46:10》
24耶利米書第47章,信仰,天父的審判如洪水，沒有人的力量能攔擋，可以相信祂的公義,你是否曾對世界的不公義感到憤怒，覺得惡人逃脫了太多，神的公義在哪裡？「有水從北方發起，成為漲溢的河，要漲過遍地……人必呼喊。」神的公義像洪水，當它來到，任何的城牆和力量都擋不住。天父的公義是真實的，只是祂的時間不是你的時間。,有水從北方發起，成為漲溢的河，要漲過遍地和其中所有的。《耶利米書47:2》
24耶利米書第48章,家庭,天父讓你看見驕傲是如何從裡面慢慢腐蝕人,你是否曾在一段太過安逸的日子之後，發現自己不知不覺失去了對神的倚靠？「摩押自幼年以來常享安逸，如酒在渣滓上澄清，沒有從這器皿倒在那器皿裏，也未曾被擄去。」那個「一直安逸」是驕傲的溫床。天父有時讓你被「倒換」，不是殘忍，而是讓你保持清醒的靈魂。,摩押自幼年以來常享安逸，如酒在渣滓上澄清，沒有從這器皿倒在那器皿裏，也未曾被擄去。《耶利米書48:11》
24耶利米書第49章,信仰,天父讓你知道：任何自以為堅固的高處，在祂面前都可以被拆下,你是否曾對某個看起來絕對不可撼動的局面感到望而生畏？「住在山穴中據守山頂的……你雖如大鷹高高搭窩，我卻從那裏拉下你來。」沒有任何自以為堅固的地方在天父的主權之外。那些讓你感到毫無辦法的「高牆」，在祂面前可以被拆下。,住在山穴中據守山頂的阿……你雖如大鷹高高搭窩，我卻從那裏拉下你來。這是耶和華說的。《耶利米書49:16》
24耶利米書第50章,信仰,天父是大能的救贖主，必為你伸冤，讓你得享平安,你是否曾在長期被欺壓或受委屈中，感到神好像沒有行動？「他們的救贖主大有能力，萬軍之耶和華是他的名。他必伸清他們的冤，好使全地得平安。」那個「大有能力的救贖主」不是模糊的概念，而是有名字的神——萬軍之耶和華。你的冤，祂記念，也必伸清。,他們的救贖主大有能力，萬軍之耶和華是他的名。他必伸清他們的冤。《耶利米書50:34》
24耶利米書第51章,領袖,天父讓你從那一切中出來，因祂是你真正的家,你是否曾在一個充滿偶像和混亂的環境中，感到難以分別，不確定是否應該「出來」？「我的民哪，你們要從其中出去！各人拯救自己，躲避耶和華的烈怒。」那個「出來」是清醒的呼召。天父呼召你不要讓環境把你的心淹沒，那個在環境中仍然保持屬靈清醒的選擇，需要勇氣。,我的民哪，你們要從其中出去！各人拯救自己，躲避耶和華的烈怒。《耶利米書51:45》
24耶利米書第52章,信仰,天父的話語應驗了，歷史本身就是信仰的見證,你是否曾在長期等候神的應許中，需要一個「已應驗」的見證來支持你的信心？耶利米書以歷史記錄作結：聖殿被毀、城牆拆除、百姓被擄——每一個細節都精確應驗了先前的預言。那個「應驗了」不只是歷史，也是今天你手中應許的保證。天父說的，都算數。,因此耶和華的怒氣在耶路撒冷和猶大發作，以致將人民從自己的面前趕出。《耶利米書52:3》
25耶利米哀歌第01章,禱告,天父在你最孤單無人安慰的哭泣中看見你,你是否曾有過一種「沒有一個人安慰」的孤立感，眼淚流了卻沒有人在意？「她夜間痛哭，淚流滿腮；在一切所親愛的中間沒有一個安慰她的。」那個哭泣沒有沉入虛空，它「到了耶和華眼前」。天父在你最孤單的痛哭中看見你，那個沒有人安慰的夜晚，祂是那一個在場的。,耶和華是公義的！他這樣待我，是因我違背他的命令。《耶利米哀歌1:18》
25耶利米哀歌第02章,禱告,天父讓你帶著破碎的眼淚來到祂面前，那就是禱告,你是否曾在某個讓你「眼中流淚，以致失明」的傷痛中，不知道如何禱告？哀歌的作者沒有整理好語言，而是帶著「眼中流淚、心腸擾亂、肝膽塗地」的狀態，轉向神。那個轉向本身就是禱告。天父不要求你先整理好才來，祂接收你最破碎、最說不清楚的那個祈求。,我眼中流淚，以致失明；我的心腸擾亂，肝膽塗地，都因我眾民遭毀滅。《耶利米哀歌2:11》
25耶利米哀歌第03章,信仰,天父的慈愛每早晨都是新的，在你最深的絕望中也不斷絕,你是否曾在一個「我的力量衰敗，在耶和華那裏毫無指望」的絕望中，突然想起什麼，讓你的心有了指望？「我就說：我的力量衰敗……我想起這事，心裏就有指望。我們不至消滅，是出於耶和華諸般的慈愛；是因他的憐憫不至斷絕。每早晨，這都是新的。」那個每早晨更新的慈愛，今天也是新的。,我們不至消滅，是出於耶和華諸般的慈愛；是因他的憐憫不至斷絕。每早晨，這都是新的；你的誠實極其廣大！《耶利米哀歌3:22-23》
25耶利米哀歌第04章,信仰,天父讓你看見罪的代價遠超預期，早早悔改是保護,你是否曾以為小事的罪不會帶來太大的後果，直到看見它們積累到難以想象的結局？哀歌第四章描繪了罪孽積累之後「慈母煮子」的慘狀——那是沒有人在犯罪時能預期的後果。天父讓你看見這個圖畫，不是要嚇你，而是要早早呼召你悔改。今天的轉回，可以避免明天的積累。,錫安寶貴的眾子好比精金，現在何竟算為窰匠手所作的瓦瓶？《耶利米哀歌4:2》
25耶利米哀歌第05章,服事,天父你存到永遠，求你使我們回轉，復新我們的日子,你是否曾在最深的荒涼中，仍然願意轉向那位你相信仍在的神？「耶和華啊，你存到永遠；你的寶座存到萬代。你為何永遠忘記我們？……求你使我們向你回轉，我們便得回轉；求你復新我們的日子，像古時一樣。」在廢墟中仍然禱告，那是信仰最真實的見證。天父永遠在那裡，回轉仍然有效。,耶和華啊，求你使我們向你回轉，我們便得回轉。求你復新我們的日子，像古時一樣。《耶利米哀歌5:21》
26以西結書第01章,信仰,天父的榮耀不受地域限制，在異鄉河邊也向你顯現,你是否曾覺得只有在特定的地方——教堂、聖地、聖殿——才可能遇見神，而在你所在的「河邊」是不可能的？以西結在被擄之地的迦巴魯河邊，「天就開了，得見神的異象」。天父的榮耀不被地理所限制，祂在最意想不到的地方顯現。你今天所在的地方，也可以是遇見神的地方。,在迦勒底人之地、迦巴魯河邊，耶和華的話特特臨到布西的兒子祭司以西結；耶和華的靈降在他身上。《以西結書1:3》
26以西結書第02章,服事,天父呼召你忠心傳話，結果是神的事，不是你的責任,你是否曾因為不確定別人是否會接受，就不願意開口說神要你說的話？「他們或聽，或不聽……你只管將我的話告訴他們。」那個「只管」把責任清楚劃分了：你的責任是忠心傳達，結果在神的手中。天父不要求你保證成果，祂只要求你「只管去說」。,他們或聽，或不聽，（他們是悖逆之家），必知道在他們中間有了先知。《以西結書2:5》
26以西結書第03章,服事,天父讓你先吃下祂的話，使它成為甜蜜，然後再傳出去,你是否曾在傳講神的話語時，自己還沒有真正「喫」進去就急著要分給別人？神讓以西結先「吃那書卷」——把話語吃進去，成為自己生命的一部分——然後再去傳。「口中覺得其甜如蜜。」天父的設計是：先喫，才有真實的傳；先內化，才有真實的見證。,他就使我吃這書卷……我就吃了，口中覺得其甜如蜜。《以西結書3:2-3》
26以西結書第04章,信仰,天父有時讓服事者以整個生命來傳遞信息,你是否曾以為服事神只是「說話」，而不需要整個生命的委身？以西結側臥390天——不只是一個行動，而是把整個身體化為信息的媒介，以生命本身作見證。天父有時呼召你的服事不只是言語，而是整個生命方式的委身，那樣的見證比任何說話都更有力量。,你要向左側臥，承當以色列家的罪孽；要按你向左側臥的日數，擔當他們的罪孽。《以西結書4:4》
26以西結書第05章,信仰,天父把更大的祝福與更大的責任連在一起,你是否曾以為自己因蒙神的恩典而享有某種特別的豁免？「她行惡，違背我的典章，過於列國……因為她棄掉我的典章。」被神放在「列邦中央」是恩典，也是責任。蒙受更多，就承擔更多。天父給你的恩典不是免責的藉口，而是更多委身的呼召。,她行惡，違背我的典章，過於列國；干犯我的律例，過於四圍的列邦，因為她棄掉我的典章。《以西結書5:6》
26以西結書第06章,悔改,天父在審判中仍保留餘民，讓他們認識祂是耶和華,你是否曾在一個看起來全面崩潰的時刻，以為神的計畫已經終止？「他們分散在各國的時候，我必在列邦中使你們有剩下脫離刀劍的人。」即使在最廣泛的審判中，天父仍然保留餘民。那個餘民的保留，是為了讓他們認識：「我是耶和華。」你是那個被保留的餘民。,他們分散在各國的時候，我必在列邦中使你們有剩下脫離刀劍的人。《以西結書6:8》
26以西結書第07章,信仰,天父讓你看清金銀的限制，使你把倚靠放在正確的地方,你是否曾在一個讓你感到焦慮的處境中，本能地想「如果我有更多的財務緩衝就好了」？「他們要將銀子拋在街上，金子看如污穢之物……因為這金銀作了他們罪孽的絆腳石。」不是說財富不好，而是說它有其上限。天父要你在今天把倚靠放在超越金銀的那位身上。,他們要將銀子拋在街上，金子看如污穢之物。當耶和華發怒的日子，他們的金銀不能救他們。《以西結書7:19》
26以西結書第08章,品格,天父的眼目無處不在，「神看不見」是讓罪惡繁殖的謊言,你是否曾在沒有人看見的地方，讓自己做了一些你在公開場合絕對不會做的事？「耶和華看不見我們；耶和華已經離棄這地」——那個謊言讓暗室裡充滿了可憎的偶像。天父看見每一個「沒有人看見」的角落。今天的那個選擇，祂都在。,他對我說：人子啊，以色列家的長老暗中在各人畫像屋裏所行的，你看見了嗎？他們常說：耶和華看不見我們。《以西結書8:12》
26以西結書第09章,信仰,天父看見那些為罪而歎息哀哭的心，在審判中為他們畫記,你是否曾因為身處一個罪惡普遍的群體中，感到無力，以為你對那些罪的感受沒有任何意義？神命令使者：「那些因城中所行可憎之事歎息哀哭的人，畫記號在額上」——那個為罪感到悲傷的心，天父看見了，並且在審判中為他們做了記號。你的歎息在天父面前是有意義的。,你去走遍耶路撒冷全城，那些因城中所行可憎之事歎息哀哭的人，畫記號在額上。《以西結書9:4》
26以西結書第10章,信仰,天父的同在是最大的祝福，罪污可能讓它退去,你是否曾想過，如果天父的同在從你生命中退去，那比任何其他的失去都更嚴重？「耶和華的榮耀從殿的門檻那裏出去」——那個榮耀的離開，是比城牆倒塌更深重的審判。天父的同在不是理所當然的，它在乎你是否為它珍重、是否用敬畏和潔淨來保守那個同在的空間。,耶和華的榮耀從殿的門檻那裏出去，停在基路伯以上。《以西結書10:18》
26以西結書第11章,智慧,天父賜你新心新靈，並要在你所在之地成為你的聖所,你是否曾因所處的環境太遠離神，或你的心太剛硬，而覺得與神的真實同在是不可能的？「我要使他們有合一的心，也要將新靈放在他們裏面，又從他們肉體中除掉石心，賜給他們肉心。」那個換心的工作是神做的，不是你做的。天父在等你讓祂換。,我要使他們有合一的心，也要將新靈放在他們裏面，又從他們肉體中除掉石心，賜給他們肉心。《以西結書11:19》
26以西結書第12章,信仰,天父的話沒有一句再耽延，祂說的必定成就,你是否曾以「時間還長」為理由，對神的話語和呼召採取一種拖延的態度？百姓說「日子遲延，異象落空」——用時間來消磨對神話語的認真。神的回應是：「我的話沒有一句再耽延的，我所說的必定成就。」天父的話有它自己的時間表，那個時間表比你的預期更精確。,主耶和華如此說：我的話沒有一句再耽延的，我所說的必定成就。《以西結書12:28》
26以西結書第13章,智慧,天父呼召你分辨假平安的謊言，真正的平安需要真實的和好,你是否曾被一個「一切都會好起來」的安慰所誤導，讓你放棄了真正的改變和預備？「他們說是耶和華說的，其實耶和華並沒有差遣他們；卻使人指望那話必然立定。」假平安比公開的威脅更危險，因為它讓人失去警覺。天父呼召你分辨那種「不需改變的平安」——那不是真平安。,他們說是耶和華說的，其實耶和華並沒有差遣他們；卻使人指望那話必然立定。《以西結書13:6》
26以西結書第14章,信仰,天父看見你心中的偶像，也呼召你把它從那裡除掉,你是否曾以為自己沒有拜偶像，因為你沒有石像，卻沒有檢視過心中真正佔據「神的位置」的是什麼？「這些人已將他們的假神接到心裏」——最危險的偶像不是石像，而是成就、安全感、特定的關係。天父看見你心中的那個「接進去的假神」，也呼召你把它除掉。,這些人已將他們的假神接到心裏，把陷於罪的絆腳石放在面前，我豈能絲毫被他們求問嗎？《以西結書14:3》
26以西結書第15章,服事,天父呼召你結果子，你的價值在於祂所設計的使命,你是否曾覺得自己好像什麼特別的才能都沒有，不明白為什麼神要選你？葡萄樹被選，不是因為它的木料多好——它的木料什麼都做不了——而是因為它被設計來結果子。你的價值不在於你有多特別，而在於你在天父的設計中被呼召去結的果子。去結果子，那就夠了。,葡萄樹比別樣樹有甚麼強處？葡萄枝比眾樹枝有甚麼好處？《以西結書15:2》
26以西結書第16章,信仰,天父從你最卑微的起點揀選你，那是恩典最原始的形態,你是否曾因為自己的起點太低、背景太差，覺得天父的愛和揀選一定不是給你的？「我從你旁邊經過，見你滾在血中，就對你說：你雖在血中，仍可存活。」那個嬰孩本無可愛之處，神主動「從旁邊經過」揀選了她。天父的愛不從你的條件開始，它從祂自己的心開始。,我從你旁邊經過，見你滾在血中，就對你說：你雖在血中，仍可存活；你雖在血中，仍可存活。《以西結書16:6》
26以西結書第17章,品格,天父看重你的誓約，即使那是向外邦人起的,你是否曾以為某些承諾「不那麼神聖」——對某些人起的誓，或者在不那麼正式場合許的願——可以比較隨意地對待？西底家向巴比倫王起誓卻背叛，神說那是「輕看我的誓」。任何在神的名下所起的誓，天父都認真看待。你的每一個承諾，都在祂的記念中。,他輕看誓言，背棄盟約，已經投降，卻又作這一切的事，他必不能逃脫。《以西結書17:18》
26以西結書第18章,信仰,天父說：惡人若回頭，他所犯的罪過都不被記念,你是否曾覺得自己的過去太重，即使回頭，神也不可能真的不計算那些罪？「惡人若回頭離開所作的一切罪惡……他必定存活，不至死亡。他所犯的一切罪過都不被記念。」那個「都不被記念」是完全的——不是「大部分」，而是全部。天父的赦免是完整的，那個「不被記念」今天對你仍然有效。,惡人若回頭離開所作的一切罪惡……他必定存活，不至死亡。他所犯的一切罪過都不被記念。《以西結書18:21-22》
26以西結書第19章,信仰,天父讓你看見驕傲的力量如何從最強到成為籠中俘虜,你是否曾在某個讓你感到強大的時刻，沒有意識到那份強大可能正是你最大的危機？少壯獅子「學會抓食而吃人」，咆哮震懾萬方，最終被放在籠中帶走——它的力量成了引起眾人恐懼和圍攻的原因。天父讓你看見：以自身力量為傲的咆哮，往往最終使人成為囚籠中的俘虜。,他們用鉤子鉤住牠，將牠放在籠中，帶到巴比倫王那裏；牠的聲音在以色列山上不再聽見。《以西結書19:9》
26以西結書第20章,未來,天父為祂自己名的緣故保守你，這比你的配得更穩固,你是否曾對神的保守感到不確定，以為它取決於你是否夠好、夠配得？神屢次說：「我卻為我名的緣故沒有這樣行。」天父的保守不建立在你的配得上，而是建立在祂自己的名和性情上。那個根基比任何以你的表現為基礎的保守都更穩固——因為天父的名是永遠不改變的。,我卻為我名的緣故沒有這樣行，免得我名在他們所住的列國人眼前被褻瀆。《以西結書20:9》
26以西結書第21章,信仰,天父掌管一切的決定，包括那些看似偶然的時刻,你是否曾在一個看起來「偶然」的轉折——一個意外的決定、一個不期而遇——後來才發現那恰好是讓你的生命方向改變的關鍵？巴比倫王在岔路口「占卜」，看起來是隨機的決定，卻是神主權計畫的實現。天父掌管每一個看似偶然的時刻，包括你今天走過的每一個岔路口。,主耶和華如此說：當除掉冠，摘下冕……這國也必不再有，直等到那應得的人來到，我就賜給他。《以西結書21:26-27》
26以西結書第22章,信仰,天父在尋找一個願意在破口站立的人，那人可以是你,你是否曾以為一個人的存在不足以改變什麼，因而沒有站出來？「我在他們中間尋找一人重修牆垣，在我面前為這國站在破口防堵，使我不滅絕這國，卻找不着一個。」神尋找「一個人」——不是一個偉大的計畫，而是一個願意站立的人。天父今天仍在尋找那個人，你願意成為那個人嗎？,我在他們中間尋找一人重修牆垣，在我面前為這國站在破口防堵，使我不滅絕這國，卻找不着一個。《以西結書22:30》
26以西結書第23章,奉獻,天父與你的關係像婚約，祂渴望你的忠誠和歸回,你是否曾把與神的關係只看作一種宗教義務，而不是一段真實的盟約？以西結把偶像崇拜描述為「淫亂」——那不是法律語言，而是婚姻語言。天父對你的心意，是像丈夫對妻子一樣的盼望：一份真實、排他、忠貞的關係。祂渴望的不是你的宗教儀式，而是你的心。,因你忘記我，將我丟在背後，所以你要擔當你淫行和淫亂的報應。《以西結書23:35》
26以西結書第24章,服事,天父有時讓服事者以深痛的個人損失成為信息本身,你是否曾在一個個人的深重痛苦中，問過這個苦難是否有任何意義？以西結失去了妻子，卻不能公開哭泣——他的痛苦成為了一個信息，傳達給那些即將失去更多的百姓。天父有時讓你的苦難本身成為別人看見真理的媒介，那個痛苦不是白費的，它在服事的意義中有了更深的向度。,我要將你眼目所喜愛的忽然取去，你卻不可悲哀哭泣，也不可流淚。《以西結書24:16》
26以西結書第25章,品格,天父嚴肅看待你在弟兄遭難時是否幸災樂禍,你是否曾在某個與你對立的人遭遇失敗時，心裡有一種難以言說的「終於」？「因你拍手頓足，以滿心的恨惡向以色列地歡喜，所以我伸手攻擊你。」那個「阿哈」的幸災樂禍，在天父眼中是嚴肅的罪。弟兄的苦難，即使是你不喜歡的人的苦難，也值得你停下那個內心的竊喜。,主耶和華如此說：因你拍手頓足，以滿心的恨惡向以色列地歡喜，所以我伸手攻擊你。《以西結書25:6-7》
26以西結書第26章,智慧,天父看見那個趁人之危圖利的心，公義必然回應,你是否曾在別人的困境中看見了「機會」，以為那是你的好時機？推羅在耶路撒冷被毀時說：「向我開放，我必豐盛」——那個趁火打劫的心態，成了推羅審判的起點。天父看見你如何回應別人的苦難，那個回應最真實地顯示你的品格。,因推羅向耶路撒冷說：阿哈，那作眾民之門的已經破壞，向我開放；他既變為荒場，我必豐盛。《以西結書26:2》
26以西結書第27章,智慧,天父讓你看見「全然美麗」的驕傲是毀滅的起點,你是否曾在某個強大的時期，覺得自己「全然美麗」，不需要任何人或任何神？「推羅啊，你曾說：我是全然美麗的。」那個宣告沒有為神留下任何空間，也沒有為任何脆弱留下任何準備。在最強大的時刻自以為「全然美麗」，往往正是毀滅最快到來的前夕。謙卑才是最穩固的美麗。,推羅啊，你曾說：我是全然美麗的。《以西結書27:3》
26以西結書第28章,信仰,天父創造你原是完全的，驕傲讓不義滲入其中,你是否曾想過你原本被造時的樣子，以及什麼讓你偏離了那個本來的美好？「你從受造之日所行的都完全，後來在你中間又察出不義。」那個「後來」說明了什麼：驕傲讓不義滲入了本來美好的受造物。天父對你的原始設計是美好的，而驕傲是那個讓不義進入的破口。,你從受造之日所行的都完全，後來在你中間又察出不義。《以西結書28:15》
26以西結書第29章,信仰,天父是一切的創造者，宣稱「這是我造的」是屬靈的僭越,你是否曾把神所賜給你的才能、成就或資源，在心裡說過「這是我自己建立的」？法老說「這河是我的，是我為自己造的」——那個宣稱否認了神的創造主權。天父是一切的源頭，你所擁有的一切，都是從祂而來的。以感謝代替擁有，是最誠實的屬靈回應。,埃及王法老啊，我與你這臥在自己河中的大魚為敵。你曾說：這河是我的，是我為自己造的。《以西結書29:3》
26以西結書第30章,家庭,天父讓你明白祂的日子要到，歷史有祂的時刻性介入,你是否曾把歷史只看作人的活動，而沒有看見天父在其中的主動介入？「因為耶和華的日子臨近，就是密雲之日，列國受罰之期。」歷史不是沒有方向的漂流，而是在天父的時刻性介入中前進的。那個「耶和華的日子」是真實的，它提醒你今天如何活才是有意義的。,因為耶和華的日子臨近，就是密雲之日，列國受罰之期。《以西結書30:3》
26以西結書第31章,信仰,天父讓曾蔭庇萬民的強大，也在驕傲中被砍倒,你是否曾以為只要做了很多善事，為很多人遮蔭提供幫助，就不需要謙卑？亞述香柏樹曾使萬鳥棲息，萬民得蔭——那是真實的貢獻。但「心驕氣傲」使它被砍倒。蔭庇別人的強大，若不以謙卑為根，最終也會成為審判的理由。天父要的是謙卑地服務，不是驕傲地擁有影響力。,因它高大，樹尖插入雲中，心驕氣傲，我就必將它交給列國中大有威勢的人。《以西結書31:10-11》
26以西結書第32章,智慧,天父讓你看清人間的強大都有終局，謙卑才是智慧,你是否曾因某個強大的勢力讓你感到恐懼，以為它是永恆不可撼動的？亞述、以攔、米設土巴……曾使人驚恐的諸強國，「都在陰間」一同躺臥不動。沒有任何人間的強大可以免除死亡。天父讓你以永恆的視角看眼前的強大，那個視角讓你在恐懼中仍能保持平靜。,強盛的勇士要在陰間說話……他們曾在活人之地使人驚恐，並且與下坑的人一同擔當羞辱。《以西結書32:21、24》
26以西結書第33章,信仰,天父不喜悅惡人死亡，只喜悅他轉離惡道而活,你是否曾對某個人的滅亡感到一絲滿足，以為天父也這樣感覺？「主耶和華說：我斷不喜悅惡人死亡，惟喜悅惡人轉離所行的道而活。以色列家阿，你們轉回，轉回吧！離開惡道，何必死亡呢？」那個「何必死亡」是天父最深的心聲——祂不要任何人滅亡，祂在呼喚所有人轉回。,主耶和華說：我斷不喜悅惡人死亡，惟喜悅惡人轉離所行的道而活。以色列家阿，你們轉回，轉回吧！《以西結書33:11》
26以西結書第34章,信仰,天父親自來尋找失喪的、領回被逐的、纏裹受傷的,你是否曾感覺自己是一隻被驅逐的、受傷的、生了病的羊，不確定是否有人願意來找你？「失喪的，我必尋找；被逐的，我必領回；受傷的，我必纏裹；有病的，我必醫治。」那個「我必」是天父親自的承諾——不是委派別人，而是祂自己。你的失喪和受傷，天父知道，也在尋找你。,失喪的，我必尋找；被逐的，我必領回；受傷的，我必纏裹；有病的，我必醫治。《以西結書34:16》
26以西結書第35章,品格,天父在你心中尋找的是饒恕，而非永懷仇恨,你是否曾讓一個傷害在心裡結成了「永懷仇恨」——代代相傳、根深蒂固的積怨？以東「永懷仇恨」，在以色列受難時落井下石，最終招致審判。那種仇恨是靈性的毒藥，傷害的是恨的人，也毀滅了恨的人。天父呼召你放下那個仇恨，不是為了對方，而是為了你自己的自由。,因為你永懷仇恨，在以色列人遭災、罪孽到了盡頭的時候，將他們交與刀劍。《以西結書35:5》
26以西結書第36章,信仰,天父賜你新心新靈，把石心換成肉心，讓你能順服,你是否曾覺得自己的心太硬，即使想改變也改變不了，覺得心靈的更新是不可能的任務？「我也要賜給你們一個新心，將新靈放在你們裏面，又從你們的肉體中除掉石心，賜給你們肉心。」那個換心不是你的功課，而是天父的工作。你只需要讓祂做，那個換心就從今天開始。,我也要賜給你們一個新心，將新靈放在你們裏面，又從你們的肉體中除掉石心，賜給你們肉心。《以西結書36:26》
26以西結書第37章,信仰,天父把生命的氣吹入枯骨，讓極乾的生命重新站立,你是否曾看著自己或某人的生命，覺得「極其枯乾」，以為恢復已是不可能？「人子啊，這些骸骨能復活嗎？」神說：「向這些骸骨發預言，說：枯乾的骸骨哪，要聽耶和華的話。」然後風吹，然後骸骨有了骨骼，有了肉，站立成為大軍。天父使極乾的生命復活——不是你做的，是祂的話和祂的靈做的。,我必將我的靈放在你們裏面，你們就要活了。我將你們安置在本地，你們就知道我耶和華如此說，也如此成就了。《以西結書37:14》
26以西結書第38章,領袖,天父掌管一切對祂子民的攻擊，讓它成為祂榮耀的場合,你是否曾在一個強大的威脅面前，感到那個威脅完全超出了任何可能的保護？歌革以為是自己的謀算，神說「我必帶你來」——那個攻擊在神的主權下，是天父為顯示祂的榮耀而安排的場景。天父在你最大的威脅面前，不是在場外觀看，而是在掌管一切的那個位置上。,末後的日子，我必帶你來攻擊我的地，到我在外邦人眼前，在你身上顯為聖的時候，好叫他們認識我。《以西結書38:16》
26以西結書第39章,信仰,天父不再掩面不顧，祂的靈澆灌就是最大的恢復,你是否曾感到天父的臉像是轉開了，感受不到祂的同在，以為自己被遺棄了？「我也不再掩面不顧他們，因我已將我的靈澆灌以色列家。」神「不再掩面」——那是最深的恢復宣告，比任何物質的恢復都更重要。天父的靈澆灌，是你今天可以祈求的最大的賜予。,我也不再掩面不顧他們，因我已將我的靈澆灌以色列家。這是主耶和華說的。《以西結書39:29》
26以西結書第40章,信仰,天父讓你用眼看、用耳聽、放在心上，祂的計畫是精確的,你是否曾覺得神對你未來的計畫是模糊的，不確定的，難以掌握的？那個在異象中帶領以西結量度一切的人說：「凡我所指示你的，你都要用眼看，用耳聽，並要放在心上。」天父的計畫不是模糊的——祂精確地量度了每一個細節。今天你看見的、聽見的，都是祂計畫的一部分。,那人對我說：人子啊，凡我所指示你的，你都要用眼看，用耳聽，並要放在心上。《以西結書40:4》
26以西結書第41章,財務,天父的面前有一張桌子，祂渴望與你同席的關係,你是否曾把與神的關係只看作「遵守規則」，而沒有想到那可以是一段同席共餐的親密？「這是耶和華面前的桌子。」在聖殿最神聖的地方，有一張桌子——那是相交和共餐的地方。天父在祂的面前為你擺上一張桌子，邀請你不只是來服從，而是來相交。,他對我說：這是耶和華面前的桌子。《以西結書41:22》
26以西結書第42章,信仰,天父呼召你在生命中維護清楚的聖俗分界,你是否曾讓信仰和世俗的生活方式慢慢地相互滲透，以至於越來越難以分辨什麼是屬靈的，什麼不是？「為要分別聖地與俗地。」那道牆不只是建築，而是屬靈邊界的象徵。在沒有清楚邊界的地方，聖潔會逐漸被稀釋。天父呼召你在生命中刻意維護那個分別。,他量四面，四圍有牆，長五百肘，寬五百肘，為要分別聖地與俗地。《以西結書42:20》
26以西結書第43章,信仰,天父說：我要在你中間住，在你這裡直到永遠,你是否曾渴望的，不只是神的祝福和保護，而是神本身與你同住？「我要在這裏住，在以色列人中直到永遠。」那個「在這裡住」是以西結異象最核心的盼望——不只是歸回土地，而是神自己歸回到祂子民中間。天父今天也對你說：我要住在你裡面，直到永遠。,我要在這裏住，在以色列人中直到永遠。《以西結書43:7》
26以西結書第44章,敬拜,天父讓那個祂通過的地方因此永遠聖別,你是否曾想過，真實的與神相遇是否在你的生命中留下了什麼永久性的改變？東門因為神的榮耀通過，就永遠關閉，再沒有人可以走這條路——那個神的通過，使那個地方永遠不同了。天父真實的相遇，在你生命中也留下了無法逆轉的印記。那個印記，是最真實的恩典見證。,耶和華對我說：這門必須關閉，不可敞開……因為耶和華以色列的神已經由其中進入，所以必須關閉。《以西結書44:2》
26以西結書第45章,領袖,天父對有權位的人的呼召：應當知足，施行公平和公義,你是否曾思過在你的影響範圍內，是否有任何「強暴和搶奪的事」——任何借用影響力讓別人吃虧的行為？「以色列的王阿，你們應當知足，要除掉強暴和搶奪的事，施行公平和公義。」天父對任何在位者的核心呼召從來都是這個：知足、公平、公義、不勒索。,主耶和華如此說：以色列的王阿，你們應當知足，要除掉強暴和搶奪的事，施行公平和公義，不再勒索我的民。《以西結書45:9》
26以西結書第46章,敬拜,天父讓王與民同進同出，敬拜使人在祂面前平等,你是否曾覺得在信仰群體中有「等級」，某些人比別人更靠近神？「民進入，王也要在民中進入；民出去，王也要一同出去。」那個「也要在民中」顛覆了所有的等級觀念。在天父面前，沒有「VIP通道」，王和民一起進入，一起出去。那個平等，是天父設計的敬拜秩序。,民進入，王也要在民中進入；民出去，王也要一同出去。《以西結書46:10》
26以西結書第47章,信仰,天父讓從聖所流出的水越流越深，帶來生命和醫治,你是否曾感覺自己的屬靈生命停在某個淺處，一直沒有進入更深的水？從殿的門檻流出的水——踝子骨→膝→腰→不能趟過的河——越流越深。神的生命也是如此流向你，越來越深，直到讓人「不能趟過」。天父的生命水從祂的聖所流向你，今天你願意進入更深的水嗎？,見殿的門檻下有水往東流出……這水是從聖所流出來的。《以西結書47:1、12》
26以西結書第48章,信仰,天父讓那城最終的名字是：耶和華的所在,你是否曾渴望自己的生命、你的家庭、你的群體，最終所代表的那個最深的意義是什麼？以西結書以「耶和華的所在」作為全書最後的名字——不是「最強大的城」，不是「最富有的國」，而是「神在那裡」。天父的同在，是你所有一切最終最深的意義。願那成為你今天最渴望的事。,從此以後，這城的名字必稱為「耶和華的所在」。《以西結書48:35》
27但以理書第01章,品格,天父在你立志不被玷污的決定中讓你蒙恩得憐憫,你是否曾在一個強大的文化壓力下，努力維持屬於你自己的信仰立場，卻擔心那個立場會讓你付出代價？「但以理卻立志不以王的膳和王所飲的酒玷污自己。」然後：「神使但以理在太監長眼前蒙恩惠，受憐憫。」天父看見你那個立志的決定，並在你最需要的人面前為你預備了恩惠。,但以理卻立志不以王的膳和王所飲的酒玷污自己。……神使但以理在太監長眼前蒙恩惠，受憐憫。《但以理書1:8-9》
27但以理書第02章,信仰,天父改變時候日期，廢王立王，歷史在祂手中,你是否曾在世界的政治動盪中感到不安，以為一切都脫離了任何可靠的掌管？「他改變時候、日期，廢王、立王，將智慧賜與智慧人，將知識賜與聰明人。」天父不是歷史的旁觀者，而是設計者和掌管者。你今天所見的一切興衰，都在那雙掌管一切的手中。,他改變時候、日期，廢王，立王，將智慧賜與智慧人，將知識賜與聰明人。《但以理書2:21》
27但以理書第03章,信仰,天父在火中與你同在，那第四個人的形像好像神子,你是否曾面對一個如果不妥協就要付出極大代價的威脅？三個希伯來人說：「即便如此，我們所事奉的神能將我們從烈火的窰中救出來。即或不然，我們決不事奉你的神。」他們進了火，天父進去和他們同在。「那第四個的相貌好像神子。」,即便如此，我們所事奉的神能將我們從烈火的窰中救出來，王啊，他也必救我們脫離你的手；即或不然，王啊，你當知道我們決不事奉你的神。《但以理書3:17-18》
27但以理書第04章,品格,天父讓你知道至高者在人的國中掌權,你是否曾因某個強大、自以為是的人或體制讓你感到無力？尼布甲尼撒說：「這大巴比倫不是我用大能大力建為京都？」話還沒說完，審判就來了；七年後他宰制說：「我尼布甲尼撒讚美、尊崇、恭敬天上的王。」天父讓最驕傲的人承認：至高者在人的國中掌權。,至高者在人的國中掌權，要將國賜與誰就賜與誰。《但以理書4:25》
27但以理書第05章,信仰,天父的手在你看不見的地方已寫下了你需要知道的真相,你是否曾在某個讓你感到真相被遮蔽、沒有人說出真相的時刻感到無力？伯沙撒的宴席，驕傲到了極點，忽然有指頭出現，在石灰牆上寫下文字。「你心仍不自卑……因此從神那裏顯出指頭來寫這文字。」天父在沉默的時候，仍然在說話——有時以最出乎意料的方式。,因此從神那裏顯出指頭來寫這文字。《但以理書5:24》
27但以理書第06章,信仰,天父讓你與素常一樣的禱告成為你在壓力下的根基,你是否曾在一個突然改變的環境中，讓原來的信仰習慣也跟著改變了？「但以理……一日三次，雙膝跪在他神面前，禱告感謝，與素常一樣。」那個「與素常一樣」是關鍵——禁令沒有改變他，因為那個禱告習慣早已是生命的核心，而不是對外在壓力的反應。,但以理知道這禁令蓋了玉璽，就到自己家裏，一日三次，雙膝跪在他神面前，禱告感謝，與素常一樣。《但以理書6:10》
27但以理書第07章,禱告,天父讓一位像人子的得到永遠的國，你在那國裡有份,你是否曾在一個充斥著「野獸般」的強權的世界裡，渴望一個真正不一樣的秩序？「有一位像人子的，駕着天雲而來……得了權柄、榮耀、國度……他的國是永遠的國，不能毀壞。」那個從天雲而來的人子，是你的主。天父讓你在那個永遠的國裡有份，那個盼望讓你今天不至於絕望。,有一位像人子的，駕着天雲而來……得了權柄、榮耀、國度，使各方、各國、各族的人都事奉他。《但以理書7:13-14》
27但以理書第08章,信仰,天父的話語精確應驗歷史，讓你可以完全信靠祂的應許,你是否曾因神的應許太久沒有成就而懷疑它的真實性？但以理書第八章對歷史的精確預言——在事件發生數百年前就描述了具體的細節——是天父話語可信性最有力的見證。神說的話在歷史中一一應驗，你今天所等候的應許，也有同樣的保證。,他對我說：人子啊，你要明白，因為這是關乎末後的異象。《但以理書8:17》
27但以理書第09章,禱告,天父聽見你讀經後引發的代禱，也差遣使者來回應,你是否曾在讀神的話語中，突然被感動而禱告，那個禱告連接了神的話語和你今天的處境？「但以理從書上得知……就定意向主神祈禱懇求，禁食，披麻蒙灰。」閱讀神的話引發代禱，然後使者被差來回應：「從你第一日開始禱告，你的言語已蒙應允。」,我便禁食，披麻蒙灰，定意向主神祈禱懇求。……我們在你面前懇求，原不是因自己的義，乃因你的大憐憫。《但以理書9:3、18》
27但以理書第10章,禱告,天父從你第一天禱告就聽見，祂的回應從不遲疑,你是否曾禱告很久仍然看不見回應，開始懷疑神是否真的聽見了？天使對但以理說：「從你第一日專心求明白，又在你神面前刻苦己心，你的言語已蒙應允；我是因你的言語而來。」天父在你第一天禱告的時候就應允了，答案的到達有它的時間，但那個「第一日蒙應允」是真實的。,從你第一日專心求明白將來的事，又在你神面前刻苦己心，你的言語已蒙應允；我是因你的言語而來。《但以理書10:12》
27但以理書第11章,信仰,天父讓認識祂的子民在最黑暗的時代剛強行事,你是否曾在一個黑暗且充滿欺騙的時代，感到真理和信仰越來越難以堅守？「作惡違背聖約的人，他必用巧言勾引；惟獨認識神的子民必剛強行事。」那個「惟獨」是關鍵——認識神的人，在黑暗中有不同的力量。天父讓認識祂的人在任何時代都能剛強行事。,惟獨認識神的子民必剛強行事。《但以理書11:32》
27但以理書第12章,信仰,天父讓使多人歸義的人如星光輝耀，直到永永遠遠,你是否曾懷疑自己帶領別人認識神的努力是否真的有永恆的意義？「睡在塵埃中的，必有多人復醒……那使多人歸義的，必發光如星，直到永永遠遠。」那個「永永遠遠的星光」是天父對你的應許——你今天為別人所做的每一個引向神的努力，都有永恆的光輝。,那使多人歸義的，必發光如星，直到永永遠遠。《但以理書12:3》
28何西阿書第01章,服事,天父雖稱你為非我民，仍應許你的人數必如海沙,你是否曾感覺自己站在「非我民」的位置，覺得與天父的關係似乎已破裂、無法修復？以色列被稱為「羅阿米」（非我民），但緊接著是應許：「以色列的人數必如海沙，不可量，不可數。」天父的拒絕語言背後，始終有恢復的應許。那個應許今天對你仍然說話。,然而，以色列的人數必如海沙，不可量，不可數。《何西阿書1:10》
28何西阿書第02章,信仰,天父引你到曠野，對你說安慰的話,你是否曾在一個「曠野」的季節——孤單、剝奪、沉默——感到被天父遺棄？何西阿說那個曠野是天父刻意安排的：「我必勸導她，領她到曠野，對她說安慰的話。」那個曠野不是懲罰的終點，而是天父說安慰話語的地點。天父把你帶到曠野，是為了在那裡對你說最重要的話。,後來我必勸導她，領她到曠野，對她說安慰的話。《何西阿書2:14》
28何西阿書第03章,信仰,天父主動出去尋找並買回不忠的人，那是恩典的形象,你是否曾以為神在等你先做些什麼，然後才會接納你？何西阿沒有等歌篎悔改回來，而是主動去找她，花代價買她回來：「好像以色列人……耶和華還是愛他們。」那個主動的愛、付代價的愛，是天父對你的愛的形象。祂已付了代價，現在在尋找你。,耶和華對我說：你再去愛一個淫婦……好像以色列人……耶和華還是愛他們。《何西阿書3:1》
28何西阿書第04章,智慧,天父讓你認識祂，那是抵抗一切滅亡的力量,你是否曾只把「認識神」當作宗教上的基礎課，而不是生死攸關的事？「我的民因無知識而滅亡……你既忘了你神的律法，我也必忘記你的兒女。」那個「無知識」直接連著「滅亡」。認識天父不是可選的屬靈功課，而是你整個生命秩序的根基。今天的認識，是明天的保護。,我的民因無知識而滅亡。你棄掉知識，我也必棄掉你，使你不再給我作祭司。《何西阿書4:6》
28何西阿書第05章,信仰,天父等候你在急難中切切尋求祂，那個等候是慈愛,你是否曾理解天父的「等候」——不是冷漠地坐著，而是主動在等候你轉回？「我必回到原處，等他們自覺有罪，尋求我面；他們在急難的時候必切切尋求我。」那個「回到原處等候」是天父的主動行動——祂知道你會轉回，在那裡等你。你的急難，是祂等候你的時機。,我必回到原處，等他們自覺有罪，尋求我面；他們在急難的時候必切切尋求我。《何西阿書5:15》
28何西阿書第06章,信仰,天父要的是良善和認識祂，勝過所有的祭祀,你是否曾用宗教活動來填補那個天父真正想要的——認識祂、良善地待人？「我喜愛良善，不喜愛祭祀；喜愛認識神，勝於燔祭。」那個「勝於」是清楚的優先次序。天父不反對祭祀和宗教活動，但它們必須流出於「認識祂」和「良善」，而不是取代它們。,我喜愛良善，不喜愛祭祀；喜愛認識神，勝於燔祭。《何西阿書6:6》
28何西阿書第07章,悔改,天父呼召你翻轉你的「沒有翻過的餅」，不再半心半意,你是否曾在信仰和世界之間維持一種「半生不熟」的狀態，覺得那樣比較方便、比較不用付代價？「以法蓮是沒有翻過的餅。」一面焦一面生，兩面都沒有完成。天父不要你半心半意，那種狀態既沒有得到世界，也沒有得到神。今天的呼召是：選擇，然後全心投入。,以法蓮是沒有翻過的餅。《何西阿書7:8》
28何西阿書第08章,智慧,天父讓你看見：所種的是風，所收的就是暴風,你是否曾以為某些選擇「輕飄飄的沒什麼大不了」，卻後來發現它帶來的後果遠超預期？「他們所種的是風，所收的是暴風。」那不是比喻誇大，而是屬靈因果的真實：輕飄飄的選擇帶來的後果，往往以更大的破壞形式回來。天父讓你今天就審視你在撒什麼種。,他們所種的是風，所收的是暴風；所種的不成禾稼，就是發苗也不結實。《何西阿書8:7》
28何西阿書第09章,信仰,天父最初看見你如在曠野找到珍寶，那份喜悅仍在,你是否曾感覺天父對你的愛是一種義務，而不是一種喜悅的揀選？「主說：我遇見以色列如葡萄在曠野；我看見你們的列祖如無花果樹上春季初熟的果子。」那個比喻是在意想不到之處發現珍寶的喜悅——天父第一次「遇見」你的那份喜悅，仍然在祂心裡。,主說：我遇見以色列如葡萄在曠野；我看見你們的列祖如無花果樹上春季初熟的果子。《何西阿書9:10》
28何西阿書第10章,信仰,天父呼召你為自己栽種公義，等候祂的降臨如雨,你是否曾在一段屬靈的乾旱中，不知道該如何預備自己迎接神的更新？「你們要為自己栽種公義，就能收割慈愛。現今正是尋求耶和華的時候；你們要開墾荒地，等他臨到，使公義如雨降在你們身上。」天父給了行動的方向：栽種公義、開墾荒地、尋求祂——然後等候那場雨。,你們要為自己栽種公義，就能收割慈愛。現今正是尋求耶和華的時候；你們要開墾荒地，等他臨到，使公義如雨降在你們身上。《何西阿書10:12》
28何西阿書第11章,智慧,天父的心腸戀慕你，祂的憐愛大大發動，不肯捨棄你,你是否曾覺得天父對你的愛是理性的、遠距離的，而不是有感情的、深切的？「以法蓮哪，我怎能捨棄你？以色列啊，我怎能棄絕你？……我回心轉意，我的憐愛大大發動。」那個「大大發動」是充滿情感的——天父的心腸在為你翻騰。那份戀慕你的愛，今天仍然如此強烈。,以法蓮哪，我怎能捨棄你？以色列啊，我怎能棄絕你？……我回心轉意，我的憐愛大大發動。《何西阿書11:8》
28何西阿書第12章,禱告,天父讓你用哭泣懇求的誠實去尋求祂，那是最深的相遇,你是否曾在禱告中太過「整齊」，卻缺乏那種讓你真正遇見神的誠實脆弱？雅各「哭泣懇求」，那是他一生最強悍的人在最誠實的時刻——然後「在伯特利遇見耶和華」。天父讓你的哭泣和懇求成為最深相遇的入口。你今天可以帶著最脆弱的那個禱告去找祂。,與天使較力，並且得勝，哭泣懇求，在伯特利遇見耶和華。《何西阿書12:4》
28何西阿書第13章,信仰,天父是你唯一的救主，認識這一點是信仰最深的根基,你是否曾在心裡保留了某個「備用救主」——某個計畫或倚靠，以備天父「不夠用」時派上用場？「自從你出埃及地以來，我就是耶和華你的神……除我以外並沒有救主。」那個「並沒有」是絕對的排除——不是「很少有」，而是「完全沒有」。天父是唯一的，那個認識讓你可以全然倚靠。,自從你出埃及地以來，我就是耶和華你的神。在我以外，你不可認識別神；除我以外並沒有救主。《何西阿書13:4》
28何西阿書第14章,悔改,天父應許甘心愛你，醫治你背道的病，轉消祂的怒氣,你是否曾在一再背道之後，覺得天父的怒氣永遠不會轉消？「我必醫治他們背道的病，甘心愛他們；因為我的怒氣向他們轉消。」那個「甘心愛」是最深刻的恩典語言——不是勉強地接納，而是甘心的、主動的愛。天父的怒氣會轉消，祂的醫治和甘心之愛在等候你的歸回。,我必醫治他們背道的病，甘心愛他們；因為我的怒氣向他們轉消。《何西阿書14:4》
29約珥書第01章,禱告,天父透過災難呼召你聚集、禁食、向祂哀求,你是否曾在一個集體的困境或災難中，第一個反應是問「為什麼」，而不是問「神在呼召我們做什麼」？蝗蟲之災後，神說：「招聚長老和國中的一切居民到耶和華你們神的殿，向耶和華哀求。」那個災難是一個呼召——不只是解決問題，而是帶著群體回到天父面前。,你們要分定禁食的日子，宣告嚴肅會，招聚長老和國中的一切居民到耶和華你們神的殿，向耶和華哀求。《約珥書1:14》
29約珥書第02章,悔改,天父呼召你撕裂心腸而非衣服，以內在的真實歸向祂,你是否曾在悔改的行動上做了外在的表現，但內心其實還沒有真正改變？「你們要撕裂心腸，不撕裂衣服。歸向耶和華你們的神；因為他有恩典，有憐憫，不輕易發怒，有豐盛的慈愛。」那個「撕裂心腸」才是天父真正想要的。外在的改變是表演，內在的破碎才是真實。,你們要撕裂心腸，不撕裂衣服。歸向耶和華你們的神；因為他有恩典，有憐憫，不輕易發怒，有豐盛的慈愛。《約珥書2:13》
29約珥書第03章,信仰,天父必作你百姓的避難所，在祂吼叫時你是被保護的那一個,你是否曾在世界的震動和列國的動盪中，感到沒有任何地方是真正安全的？「耶和華必從錫安吼叫，從耶路撒冷發聲，天地就震動。耶和華卻要作他百姓的避難所，作以色列人的保障。」那個「卻要」是關鍵——在天地震動的時候，天父是你的避難所。祂的吼叫，不是對你的，而是為你的。,耶和華必從錫安吼叫，從耶路撒冷發聲，天地就震動。耶和華卻要作他百姓的避難所，作以色列人的保障。《約珥書3:16》
30阿摩司書第01章,信仰,天父的公義管轄所有民族，沒有人可以逃脫,你是否曾以為神的審判只針對某些特定的人或民族，而你的群體因為某種原因可以豁免？「大馬色三番四次的犯罪，我必不免去他的刑罰。」那個「三番四次」和「必不免去」對所有列國都說——沒有任何民族在天父的公義之外。今天這個知識讓你既謙卑，也可以在公義上有信心。,耶和華如此說：大馬色三番四次的犯罪，我必不免去他的刑罰。《阿摩司書1:3》
30阿摩司書第02章,未來,天父給了你更多的恩典，因此也對你有更高的期望,你是否曾以為成為神的子民是一張免責券，可以讓你做了錯事也不被追究？阿摩司花了整段列出神對以色列的恩惠——領出埃及、除滅仇敵、興起先知——然後說：「你們卻給拿細耳人酒喝。」天父的恩典不是豁免，而是更重的責任。你蒙受了多少，就要為多少負責。,我也將你們從埃及地領上來……但你們卻給拿細耳人酒喝。《阿摩司書2:9-12》
30阿摩司書第03章,信仰,天父揀選你，是要你承擔更大的責任，不是享受豁免,你是否曾把「被神揀選」理解為某種特殊的優待或保護，而不是一種呼召和責任？「在地上萬族中，我只認識你們；因此，我必追討你們的一切罪孽。」那個「因此」顛覆了普通的邏輯——揀選不是豁免牌，而是更重的責任書。天父的揀選是使命的開始。,在地上萬族中，我只認識你們；因此，我必追討你們的一切罪孽。《阿摩司書3:2》
30阿摩司書第04章,悔改,天父一再差遣管教呼召你歸回，今天仍在等候,你是否曾注意到生命中反複出現的某些艱難，而沒有想到那可能是天父在呼召你歸回？五次管教，每次結尾都是「你們仍不歸向我。這是耶和華說的。」那個「仍不歸向」不是憤怒的棄絕，而是一再邀請的悲嘆。天父一再差遣管教，是因為祂仍渴望你轉回，今天仍在等候。,你們仍不歸向我。這是耶和華說的。《阿摩司書4:6》
30阿摩司書第05章,信仰,天父呼召你尋求祂就必存活，公平如大水滾滾,你是否曾在某個人生的岔路口，渴望有一個清楚的方向？「你們要尋求我，就必存活……惟願公平如大水滾滾，使公義如江河滔滔。」那個呼召既有個人的（尋求神就存活），也有社會的（公平公義）。天父的好處不只是個人的救恩，也是整個群體的更新。,惟願公平如大水滾滾，使公義如江河滔滔。《阿摩司書5:24》
30阿摩司書第06章,品格,天父看見你在安逸中是否仍然關心弟兄的苦難,你是否曾在自己的生活足夠舒適的時候，對身邊或遠方的苦難保持著一種方便的距離？「他們吃群中的羊羔……卻不為約瑟的苦難擔憂。」那個「卻不擔憂」是最溫柔的罪——不是主動傷害，而是消極的冷漠。天父在你的安逸中問你：你為誰的苦難擔憂？,他們吃群中的羊羔，棚裏的牛犢……卻不為約瑟的苦難擔憂。《阿摩司書6:4、6》
30阿摩司書第07章,禱告,天父因你的代求轉向憐憫，你的禱告有真實的分量,你是否曾以為代禱是一件「反正神已決定了，我的禱告改變不了什麼」的形式？「我就說：主耶和華啊，求你赦免；因為雅各微弱，他怎能站立得住呢？耶和華就後悔說：這災可以免了。」那個「就後悔」是真實的——天父把代求者的聲音放入祂的決策中。你的禱告有真實的分量。,我就說：主耶和華啊，求你赦免；因為雅各微弱，他怎能站立得住呢？耶和華就後悔說：這災可以免了。《阿摩司書7:2-3》
30阿摩司書第08章,信仰,天父讓你知道靈性的飢渴比物質的飢饉更可怕,你是否曾只關注物質層面的需要，而忽略了靈性層面的飢渴？「人飢餓非因無餅，乾渴非因無水，乃因不聽耶和華的話。」那個靈性的飢荒不是因為缺乏物質，而是因為神的話語被撤回了。天父讓你渴慕祂的話語，那個渴慕才是最深層的飢餓需要被餵飽的東西。,主耶和華說：日子將到，我必命飢荒降在地上。人飢餓非因無餅，乾渴非因無水，乃因不聽耶和華的話。《阿摩司書8:11》
30阿摩司書第09章,信仰,天父的眼目看顧你無處逃，那是保護也是責任,你是否曾想過，天父無所不在的眼目對你而言是什麼？「他們雖然挖透陰間，我的手必取出他們來；雖然爬上天去，我必拿下他們來。」那個全在，對義人是保護——任何地方都逃不出天父的保護；對惡人是審判。你今天所在的地方，也在那雙眼目之下，那是你最安全的地方。,他們雖然挖透陰間，我的手必取出他們來；雖然爬上天去，我必拿下他們來。《阿摩司書9:2》
31俄巴底亞書第01章,奉獻,天父看見你在弟兄遭難時的反應，那是最真實的品格,你是否曾在一個曾經傷害過你的人遭遇苦難時，心裡湧現出一種「終於」的感受？「你兄弟遭難的日子，你不當瞪眼看着；猶大人被滅的日子，你不當因此歡樂。」天父在問你：在弟兄最脆弱的時刻，你的心是什麼反應？那個反應，是你品格最真實的顯示。,你兄弟遭難的日子，你不當瞪眼看着；猶大人被滅的日子，你不當因此歡樂。《俄巴底亞書1:12》
32約拿書第01章,信仰,天父的呼召不因你逃跑而撤銷，只是把路走得更遠,你是否曾試圖逃避一個神放在你心裡的呼召，告訴自己「反正有別人可以去」？「約拿卻起來，逃往他施去躲避耶和華。」他付了船費，上了船，卻躺臥沉睡——逃跑讓他越走越遠，卻到不了「他施」。天父的呼召不因你逃跑而撤銷，只是你把路走得更遠、更費力。,約拿卻起來，逃往他施去躲避耶和華……下到底艙，躺臥沉睡。《約拿書1:3、5》
32約拿書第02章,禱告,天父在大魚腹中的深處聽見你仍然仰望祂的禱告,你是否曾在一個讓你感到與神完全隔絕的處境中，仍然找到仰望祂的力量？「我遭遇患難求告耶和華，你就應允我；從陰間的深處呼求，你就俯聽我的聲音。」約拿在大魚腹中說：「我從你眼前雖被驅逐，我仍要仰望你的聖殿。」天父在任何深處都聽見那個仰望。,我遭遇患難求告耶和華，你就應允我；從陰間的深處呼求，你就俯聽我的聲音。《約拿書2:2》
32約拿書第03章,悔改,天父讓尼尼微整城在最短的信息中真實悔改,你是否曾覺得人心太硬，真實的悔改幾乎不可能發生？約拿只說了一句話：「再等四十日，尼尼微必傾覆了！」但尼尼微人信服了，「從最大的到至小的都穿麻衣」，「各人回頭離開所行的惡道」。天父能讓最頑硬的心在最短的信息中悔改，那個能力今天仍然存在。,尼尼微人信服神，便宣告禁食，從最大的到至小的都穿麻衣。各人回頭離開所行的惡道，丟棄手中的強暴。《約拿書3:5、8》
32約拿書第04章,智慧,天父的憐憫比你的憤怒更廣，祂愛你所不愛的人,你是否曾發現自己對某些人有一種「他們不值得神的憐憫」的感受？約拿因為天父憐憫尼尼微而「大大不悅」，然後天父問：「這尼尼微大城……我豈能不愛惜呢？」天父的憐憫比你的愛更廣，祂愛那些你也許覺得不值得被愛的人。那個更廣的憐憫，也覆蓋了你。,這尼尼微大城……其中不能分辨左手右手的有十二萬多人……我豈能不愛惜呢？《約拿書4:11》
33彌迦書第01章,信仰,天父親自出來介入，審判之中仍有悲憫,你是否曾覺得神很遠，只是坐在高天之上而不介入世界的事？「看哪，耶和華出了他的居所，降臨步行地的高處。」天父不是遠觀者，祂親自出來——步行在地的高處。這位出來的神，對悖逆者是審判，對倚靠者是同在。彌迦說「我必大聲哀號」，對弟兄的苦難有真實的悲憫。,看哪，耶和華出了他的居所，降臨步行地的高處。《彌迦書1:3》
33彌迦書第02章,品格,天父看見你是否在夜間「謀算」明天的不義,你是否曾有過那種利用空閒時間計算如何佔別人便宜的念頭？「禍哉，那些在床上圖謀罪孽、造作奸惡的！天一發亮，因手有能力就行出來了。」那個「在床上圖謀」是有預謀的惡——比衝動的罪更有責任。天父看見你夜間的思想，那裡也是祂審察的地方。,禍哉，那些在床上圖謀罪孽、造作奸惡的！天一發亮，因手有能力就行出來了。《彌迦書2:1》
33彌迦書第03章,服事,天父的靈充滿你，讓你有力量說出不討人喜歡的真理,你是否曾因為真話不受歡迎而選擇了一個更容易被接受的版本？「至於我，我藉耶和華的靈，滿有力量、公平、才能，可以向雅各說明他的過犯，向以色列指出他的罪惡。」那個「藉耶和華的靈」是力量的來源——不是靠自己的勇氣，而是靠靈的充滿。天父賜你那個說真話的力量。,至於我，我藉耶和華的靈，滿有力量、公平、才能，可以向雅各說明他的過犯，向以色列指出他的罪惡。《彌迦書3:8》
33彌迦書第04章,信仰,天父的末後盼望是刀打成犁頭，戰事化為和平,你是否曾在世界的爭戰和衝突中感到絕望，以為和平永遠只是一個遙不可及的夢想？「他們要將刀打成犁頭，把槍打成鐮刀。這國不舉刀攻擊那國；他們也不再學習戰事。」那個盼望不是天真的夢想，而是天父給的應許。而當下你可以做的是：「我們卻永永遠遠奉耶和華我們神的名而行。」,他們要將刀打成犁頭，把槍打成鐮刀。這國不舉刀攻擊那國；他們也不再學習戰事。《彌迦書4:3》
33彌迦書第05章,信仰,天父從最小的地方帶來彌賽亞，這是祂做事的方式,你是否曾因自己的出身或位置「太小」，而覺得天父的計畫不可能包括你？「伯利恆、以法他阿，你在猶大諸城中為小，將來必有一位從你那裏出來，在以色列中為我作掌權的。」天父從最小的城帶來最大的救主。祂也能從你那個「最小」的地方，帶出祂最大的計畫。,伯利恆、以法他阿，你在猶大諸城中為小，將來必有一位從你那裏出來，在以色列中為我作掌權的。《彌迦書5:2》
33彌迦書第06章,品格,天父向你所要的只是行公義、好憐憫、謙卑與祂同行,你是否曾把信仰弄得非常複雜，以為需要做很多很大的事才算是真正的信仰？「世人哪，耶和華已指示你何為善。他向你所要的是甚麼呢？只要你行公義，好憐憫，存謙卑的心，與你的神同行。」那個「只要」是關鍵——三件事，都是今天可以做到的。,只要你行公義，好憐憫，存謙卑的心，與你的神同行。《彌迦書6:8》
33彌迦書第07章,信仰,天父讓你在跌倒後仍能起來，在黑暗中以祂為光,你是否曾在跌倒之後，以為就這樣趴在地上算了？「我的仇敵啊，不要向我誇耀。我雖跌倒，卻要起來；我雖坐在黑暗裏，耶和華卻作我的光。」那個宣告的核心不是「我很強」，而是「天父是我的光」。跌倒是真實的，但在那個光裡，起來也是真實的。,我雖跌倒，卻要起來；我雖坐在黑暗裏，耶和華卻作我的光。《彌迦書7:8》
34那鴻書第01章,信仰,天父是患難日的保障，也認得那些投靠祂的人,你是否曾在患難日感到迷失，不確定天父是否在場、是否在意？「耶和華本為善，在患難的日子為人的保障，並且認得那些投靠他的人。」那個「認得」是個人性的認識——天父不只泛泛地保護，祂認識每一個投靠祂的人。你投靠祂，祂認識你，那個認識是你的保障。,耶和華本為善，在患難的日子為人的保障，並且認得那些投靠他的人。《那鴻書1:7》
34那鴻書第02章,家庭,天父讓壓迫者的強大有其終結，祂必為你復興榮耀,你是否曾被某個強大的壓制長期壓著，感到那個局面永遠不會改變？「耶和華復興雅各的榮華。」尼尼微曾是那個時代無可撼動的強權，但神說：「獅子的洞和少壯獅子餵養之處在那裏呢？」那個強大有它的終結。天父為你的復興在等候，祂的時間比你的預期更精確。,耶和華復興雅各的榮華，好像以色列的榮華一樣。《那鴻書2:2》
34那鴻書第03章,信仰,天父的公義追上一切以強暴行事的，讓你對正義有盼望,你是否曾因強暴的人長期不受制裁而感到絕望？「禍哉！這流人血的城，充滿謊詐和強暴。」尼尼微以同樣的強暴對待別人，最終以同樣的方式落在自己身上。天父的公義不是傳說，「公義的回報不是傳說，而是將要成就的現實」。你今天所受的不公義，天父都記念。,禍哉！這流人血的城，充滿謊詐和強暴，搶奪的事總不止息。《那鴻書3:1》
35哈巴谷書第01章,禱告,天父接收你最誠實的「為什麼」，那是信仰的深度表達,你是否曾有過對神的「為什麼」，卻壓制在心裡，覺得那個問題是不信靠的表現？「耶和華啊！我呼求你，你不應允，要到幾時呢？」然後：「耶和華我的神，我的聖者啊，你不是從亙古而有嗎？我們必不致死。」那個質問和那個信仰宣告，在同一個人身上並存。天父接收你誠實的「為什麼」。,耶和華啊！我呼求你，你不應允，要到幾時呢？……耶和華我的神，我的聖者啊，你不是從亙古而有嗎？《哈巴谷書1:2、12》
35哈巴谷書第02章,信仰,天父讓你站在守望所等候，義人因信得生,你是否曾在禱告後等候神的回應時，不知道是否還需要繼續等？「我要站在守望所，立在望樓上觀看，看耶和華對我說甚麼話。」那個主動的等候姿態很重要——不是被動地躺著等，而是站在崗位上、睜開眼睛等。「惟義人因信得生。」天父讓你站在那個守望的位置等候。,我要站在守望所，立在望樓上觀看，看耶和華對我說甚麼話。……惟義人因信得生。《哈巴谷書2:1、4》
35哈巴谷書第03章,信仰,天父讓你在無花果樹不發旺時仍因救你的神喜樂,你是否曾覺得「只要我的生活還不錯，我就能讚美神」？哈巴谷說：「雖然無花果樹不發旺，葡萄樹不結果，橄欖樹也不效力，田地不出糧食，圈中絕了羊，棚內也沒有牛；然而，我要因耶和華歡欣，因救我的神喜樂。」那個「然而」是信仰最深的分水嶺。你的讚美有沒有這個「然而」？,雖然無花果樹不發旺……然而，我要因耶和華歡欣，因救我的神喜樂。《哈巴谷書3:17-18》
36西番雅書第01章,領袖,天父的燈巡查每一個角落，包括那些說神不管的人,你是否曾在某個心裡的角落說過：「反正神不會管這個，或這個祂不在意」？「那時，我必用燈巡查耶路撒冷；我必懲罰那些心裏說：耶和華必不降福，也不降禍的人。」那種「神無所謂」的麻木，是天父最嚴肅面對的態度。天父的燈巡查每一個角落，包括那個你以為「神不在意」的地方。,那時，我必用燈巡查耶路撒冷；我必懲罰那些心裏說：耶和華必不降福，也不降禍的人。《西番雅書1:12》
36西番雅書第02章,信仰,天父呼召你趁著時機尋求祂，那個窗口不是永遠開著的,你是否曾把「以後再說」掛在嘴上，對認真信仰的決定一再延遲？「趁命令沒有發出，日子過去如風前的糠……你們應當聚集前來。」那個「趁」是緊迫性的呼召——不是嚇你，而是讓你清醒地知道：悔改的機會有它的時間窗口，在那個窗口關閉之前是最好的時機。,趁命令沒有發出，日子過去如風前的糠……你們應當聚集前來。《西番雅書2:2》
36西番雅書第03章,信仰,天父因你而歡欣，默然愛你，且因你喜樂而歡呼,你是否曾想過，天父對你的感受不只是接納和寬容，而是真實的喜樂和歡欣？「耶和華你的神是施行拯救、大有能力的主。他在你中間必因你歡欣喜樂，默然愛你，且因你喜樂而歡呼。」天父因你喜樂到要歡呼——那不是宗教語言，而是最個人化的宣告：你讓祂歡欣。,他在你中間必因你歡欣喜樂，默然愛你，且因你喜樂而歡呼。《西番雅書3:17》
37哈該書第01章,財務,天父看見你的優先次序，呼召你省察自己的行為,你是否曾讓生活中的一切都排在神的事之前，然後感到奇怪為什麼一切都「缺乏」？「這殿仍然荒涼，你們自己還住天花板的房屋嗎？……因為我的殿荒涼，你們各人卻顧自己的房屋。」那個「各人卻顧」是關鍵——優先次序的顛倒，帶來整體的缺乏。天父呼召你省察自己的行為。,現在萬軍之耶和華如此說：你們要省察自己的行為。《哈該書1:5》
37哈該書第02章,信仰,天父說祂與你同在，呼召你剛強作工,你是否曾因為當下的成果看起來比「以前的榮耀」差太多而感到沮喪？「這殿後來的榮耀必大過先前的榮耀；在這地方我必賜平安。」先對比讓人沮喪，神的話卻說後來的更大。「所羅巴伯啊，你當剛強！……因為我與你們同在。」天父的同在，讓你可以剛強作工。,所羅巴伯啊，雖然如此，你當剛強！……因為我與你們同在。這是萬軍之耶和華說的。《哈該書2:4》
38撒迦利亞書第01章,悔改,天父說：你們轉向我，我就轉向你們,你是否曾覺得回到神的路很遠、很複雜，不知道如何開始？「你們要轉向我，我就轉向你們。這是萬軍之耶和華說的。」那個「轉向」不需要你先準備好，不需要先做到某個標準——只需要一個方向的改變。天父在等候你的轉向，然後祂自己也轉向你。那個雙向的轉動就是關係的恢復。,你們要轉向我，我就轉向你們。這是萬軍之耶和華說的。《撒迦利亞書1:3》
38撒迦利亞書第02章,信仰,天父是你四圍的火城，你是祂心中的瞳人,你是否曾覺得自己太微小、太脆弱，周圍的保護不夠？「耶和華說：我要作耶路撒冷四圍的火城，並要作其中的榮耀。」不只有城牆，而是火城。然後：「摸你們的就是摸他眼中的瞳人。」天父把你視為祂眼中的瞳人——那是最敏感、最被珍視的部分，碰不得的。,耶和華說：我要作耶路撒冷四圍的火城，並要作其中的榮耀。……摸你們的就是摸他眼中的瞳人。《撒迦利亞書2:5、8》
38撒迦利亞書第03章,信仰,天父脫去你污穢的衣服，給你穿上華美的新衣,你是否曾帶著罪的污穢站在神面前，不確定神是否還接納你？「我使你脫離罪孽，要給你穿上華美的衣服。」約書亞穿著污穢的衣服，卻被神接納、脫去污穢、穿上華美——那一切都是神主動做的，不是約書亞先洗乾淨才能換上。天父今天也這樣對你說：脫下那件舊的，穿上我給你的。,又對約書亞說：我使你脫離罪孽，要給你穿上華美的衣服。《撒迦利亞書3:4》
38撒迦利亞書第04章,敬拜,天父說：不是靠勢力才能，乃是靠我的靈方能成事,你是否曾面對一個超過自己能力的使命，以為靠努力和才幹就可以完成？「不是倚靠勢力，不是倚靠才能，乃是倚靠我的靈方能成事。」然後：「大山哪，你算甚麼呢？在所羅巴伯面前，你必成為平地。」天父不是要你更努力，而是要你更倚靠聖靈。那個靈使大山成為平地。,不是倚靠勢力，不是倚靠才能，乃是倚靠我的靈方能成事。這是萬軍之耶和華說的。《撒迦利亞書4:6》
38撒迦利亞書第05章,品格,天父讓你知道偷竊和假誓在祂面前無所遁形,你是否曾以為某些在暗中的不誠實，神不會特別留意？「我必使這書卷出去，進入偷竊人的家和指我名起假誓人的家……連房屋帶木石都毀滅了。」那個飛行的書卷追得到，進得了關上的門。天父對兩件事特別嚴肅：偷竊（侵犯人的財物）和假誓（以祂的名說謊）。,他說：我必使這書卷出去，進入偷竊人的家和指我名起假誓人的家，必常在他家裡，連房屋帶木石都毀滅了。《撒迦利亞書5:4》
38撒迦利亞書第06章,信仰,天父掌管四方的使者，讓一切都按祂的旨意而行,你是否曾在世界的動盪中感到一切都失控了，沒有任何秩序可言？四輛車往四方而去，「耶和華使我北方的靈安靜了」——那個混亂的方向被神平息了。天父掌管祂的使者在全地執行祂的旨意，不是隨機的，而是有方向、有目標的。你今天的動盪，也在那個掌管之下。,天使回答我說：這是天的四風，是從普天下的主面前出來的。《撒迦利亞書6:5》
38撒迦利亞書第07章,信仰,天父要你在祭祀以外以公義和憐憫待弟兄,你是否曾認真守齋戒和宗教禮儀，卻沒有想到神更在意你如何待人？「你們七十年在五月、七月禁食悲哀，豈是絲毫向我禁食嗎？」然後：「要按至理判斷，各人以慈愛憐憫弟兄。不可欺壓寡婦、孤兒。」天父的意思很清楚：那個對人的方式，比你的宗教行為更重要。,要按至理判斷，各人以慈愛憐憫弟兄；不可欺壓寡婦、孤兒、寄居的，和貧窮人。《撒迦利亞書7:9-10》
38撒迦利亞書第08章,品格,天父為你火熱，呼召你說話誠實，在城門口按理施判,你是否曾感受到天父對你有強烈的感情，而不是一種遙遠的宗教關係？「我為錫安心裡極其火熱，我為他火熱，向他的仇敵發烈怒。」那個「極其火熱」是強烈的情感投入——天父不是冷漠的上帝，祂對你充滿了火熱的愛。而祂對你的要求也是具體的：「各人與鄰舍說話誠實。」,我為錫安心裡極其火熱，我為他火熱，向他的仇敵發烈怒。《撒迦利亞書8:2》
38撒迦利亞書第09章,信仰,天父讓公義謙和的王騎驢而來，以和平為標記,你是否曾渴望一位真正公義的領袖，讓世界可以有真正的平安？「看哪，你的王來到你這裡！他是公義的，並且施行拯救，謙謙和和地騎著驢。」那位王不是以武力征服，而是以謙和和公義來到。「這位必作我們的平安。」天父差來的那位，是你最深的盼望。,看哪，你的王來到你這裡！他是公義的，並且施行拯救，謙謙和和地騎着驢，就是騎着驢的駒子。《撒迦利亞書9:9》
38撒迦利亞書第10章,禱告,天父讓你向祂求春雨，而不是向家神問卜,你是否曾在需要方向和幫助的時候，轉向各種「家神」——自我能力、人的意見、占星卜卦——而不是先向神求問？「當春雨的時候，你們要向發閃電的耶和華求雨。他必為眾人降下甘霖。」那個「向耶和華求」很簡單，卻是最重要的起點。一切真實的供應，都從祂那裡來。,當春雨的時候，你們要向發閃電的耶和華求雨。他必為眾人降下甘霖，使田園生長菜蔬。《撒迦利亞書10:1》
38撒迦利亞書第11章,信仰,天父的牧養是真實的禮物，拒絕它的代價是沉重的,你是否曾以某種方式把神的關顧「估價」得太低，沒有珍視那份恩典的重量？好牧人帶著榮美與聯索來牧養，卻被估價為三十塊錢——那是那個時代一個奴隸的普通價格。天父的牧養是無價的禮物，輕看它的代價是失去那份牧養。你今天如何珍視天父對你的關顧？,我對他們說：你們若以為美，就給我工價。不然，就罷了！於是他們給了三十塊錢作為我的工價。《撒迦利亞書11:12》
38撒迦利亞書第12章,信仰,天父保護祂的城使最弱小的如大衛一樣剛強,你是否曾在一個不成比例的對比中感到無力——你太小，對手太大？「那日，耶和華必保護耶路撒冷的居民。他們中間軟弱的必如大衛；大衛的家必如神。」天父的保護不讓你在原來的弱小中被壓倒，而是讓你在保護中成為比你本身更強的力量。你的弱小，在祂的保護下，是另一種大衛。,那日，耶和華必保護耶路撒冷的居民。他們中間軟弱的必如大衛。《撒迦利亞書12:8》
38撒迦利亞書第13章,禱告,天父為你開了洗除罪惡污穢的泉源，一直在那裡,你是否曾覺得自己的罪太深，沒有足夠的洗滌能夠讓你潔淨？「那日，必給大衛家和耶路撒冷的居民開一個泉源，洗除罪惡與污穢。」那個泉源是開著的，不是間歇性的，而是持續流動的。天父為你預備了這個泉源，它指向基督在十字架上流出的血。那個泉源今天仍然開著。,那日，必給大衛家和耶路撒冷的居民開一個泉源，洗除罪惡與污穢。《撒迦利亞書13:1》
38撒迦利亞書第14章,信仰,天父是全地的王，祂的名是獨一無二的,你是否曾在世界的紛擾中，渴望一個真正穩固的盼望？「耶和華必作全地的王。那日耶和華必為獨一無二的，他的名也是獨一無二的。」那個獨一無二不只是一個宗教宣告，而是整個歷史的終點方向。你今天所仰望的天父，是那位「獨一無二的王」。,耶和華必作全地的王。那日耶和華必為獨一無二的，他的名也是獨一無二的。《撒迦利亞書14:9》
39瑪拉基書第01章,信仰,天父宣告祂愛你，邀請你不要用最差的回應祂,你是否曾習慣性地把最差的、最剩下的給神，而把最好的留給自己或別人？「我曾愛你們。」百姓的回應是：「你在何事上愛我們？」然後他們獻上瞎眼的、瘸腿的、有病的祭物。天父先說愛，然後邀請你以配得那個愛的回應來回報。把最好的帶來，是對那份愛最誠實的承認。,萬軍之耶和華說：我曾愛你們。《瑪拉基書1:2》
39瑪拉基書第02章,家庭,天父恨惡休妻，呼召你謹守你的心對你的配偶,你是否曾讓自己的心漸漸從婚姻承諾中冷淡撤退，卻對自己說「我還沒有真的做什麼」？「耶和華以色列的神說：休妻的事和以強暴待妻的人都是我所恨惡的！所以當謹守你們的心，不可行詭詐。」天父看見你心裡的撤退，呼召你「謹守你的心」——那是婚姻保護最根本的地方。,耶和華以色列的神說：休妻的事和以強暴待妻的人都是我所恨惡的！所以當謹守你們的心，不可行詭詐。《瑪拉基書2:16》
39瑪拉基書第03章,奉獻,天父說試試我，以十分之一開敞天窗為你傾倒福分,你是否曾懷疑十一奉獻對你的生活是否真的有神學上的意義，只是習慣或義務？「你們要將當納的十分之一全然送入倉庫……以此試試我，是否為你們敞開天上的窗戶，傾福與你們，甚至無處可容。」天父罕見地說「試試我」——這是一個邀請你實際驗證祂應許的機會。,以此試試我，是否為你們敞開天上的窗戶，傾福與你們，甚至無處可容。《瑪拉基書3:10》
39瑪拉基書第04章,信仰,天父讓公義的日頭帶醫治之能升起，你要出來跳躍,你是否曾在漫長的黑暗中，等候光出現？「但向你們敬畏我名的人必有公義的日頭出現，其光線有醫治之能。你們必出來跳躍如圈裏的肥犢。」那個日頭是真實的應許——不只是光，而是帶著醫治之能的光。天父對敬畏祂的人的應許是：光升起，醫治臨到，你要出來跳躍。,但向你們敬畏我名的人必有公義的日頭出現，其光線有醫治之能。你們必出來跳躍如圈裏的肥犢。《瑪拉基書4:2》
40馬太福音第01章,信仰,天父在你看不見全局時仍掌管你的故事,你是否曾在生命中某個混亂、看不懂的時刻，懷疑神是否還在掌管一切？馬太福音開篇的家譜記載了從亞伯拉罕到耶穌兩千年的漫長歷史，其中有失敗者、外邦人、有污點的人，但神的應許從未中斷。天使告訴約瑟，這孩子的名字叫「以馬內利——神與我們同在」。神不是在遠處觀看，而是親自進入人的處境，成為同在者。天父不因你的不完美而放棄計劃，祂仍在為你的故事寫下屬祂的篇章。,她將要生一個兒子，你要給他起名叫耶穌，因他要將自己的百姓從罪惡裏救出來。《馬太福音1:21》
40馬太福音第02章,智慧,天父引導真心尋求祂的人，帶你找到祂,你是否曾覺得自己離神太遠，背景不夠、知識不足，不像那些「屬靈人」一樣？東方博士不是猶太人，沒有完整的聖經啟示，卻因一顆真誠渴慕的心，千里跋涉來到耶穌面前。相比之下，熟知預言的祭司和文士，卻沒有一個人動身前往。神不看宗教外殼，祂看的是你心裡是否真正在尋找祂。天父從不吝嗇引導那些真心尋求的人，祂會用各種方式帶你找到正確的方向。你的渴慕，就是天父回應你的起點。,進了房子，看見小孩子和他母親馬利亞，就俯伏拜那小孩子，揭開寶盒，拿黃金、乳香、沒藥為禮物獻給他。《馬太福音2:11》
40馬太福音第03章,悔改,天父在你願意轉向的那一刻迎接你,你是否曾覺得自己已經離得太遠，回頭的路太漫長？施洗約翰站在曠野呼喊：「你們要悔改！」不是要羞辱人，而是宣告一條真實的回家之路。當耶穌受洗走出水面，天上有聲音說：「這是我的愛子，我所喜悅的。」這愛，在你悔改轉向的那一刻，同樣臨到你。天父不需要你先整理好自己才肯接納你，祂等候的正是你願意轉身的那個動作。悔改不是失敗的記號，而是你與天父重新連結的第一步。,那時，耶穌從加利利來到約旦河，見了約翰，要受他的洗。《馬太福音3:13》
40馬太福音第04章,信仰,天父的話語是你抵擋試探最穩固的倚靠,你是否曾在疲憊、匱乏或孤單的時刻，遭受試探的衝擊，卻不知道如何抵擋？耶穌在曠野禁食四十天，魔鬼選在祂最軟弱的時刻來攻擊。但耶穌每一次的回應都是：「經上記著說……」神的話語，是祂手中的劍，也是你可以緊握的武器。你今天所面對的試探，不比耶穌所面對的更大；你同樣可以在神的話語裡找到站立的力量。天父沒有讓耶穌在試探中獨行，祂也不讓你孤單面對。,耶穌說：「經上又記著說：不可試探主你的神。」《馬太福音4:7》
40馬太福音第05章,品格,天父看見你在平凡處境中選擇的樣式,你是否曾覺得自己的信仰生活太普通，沒有什麼轟轟烈烈的見證？登山寶訓裡，耶穌說的卻是最日常的生命樣式：心靈貧窮的人、溫柔的人、清心的人……這些不是英雄的稱號，而是在每一個平凡的選擇中顯出來的品格。天父不是要你做大事才看見你，祂在意的是你在沒人注意的時候，仍然選擇了誠實、溫柔、公義。你日常的每一個選擇，在天父眼中都有重量。,你們是世上的鹽。鹽若失了味，怎能叫它再鹹呢？《馬太福音5:13》
40馬太福音第06章,禱告,天父聽見你每一次安靜等候的禱告,你是否曾懷疑，自己不夠流利的禱告，天父是否真的在聽？耶穌告訴門徒：禱告不是表演，不是用重複的字句感動神，而是走進內室，與「在暗中察看的父」說話。「你父知道你們所需用的，在你們求祂以先。」天父不是要你用禱告說服祂，而是要你藉著禱告，回到祂的懷裡，在祂面前敞開你的心。不論你的禱告多麼簡單，天父的耳朵都朝向你。你走進那間安靜的內室，祂已在那裡等候。,你禱告的時候，要進你的內屋，關上門，禱告你在暗中的父；你父在暗中察看，必然報答你。《馬太福音6:6》
40馬太福音第07章,信仰,天父邀請你在祂面前帶著需要叩門,你是否曾因為反覆祈求同一件事而感到羞愧，怕天父厭煩你的祈求？耶穌卻說：「求，就給你們；找，就尋見；叩門，就給你們開門。」這不是一次性的邀請，而是一個持續的動詞——持續求，持續找，持續叩門。天父是那位「在天上的父，豈不更把好東西給求祂的人嗎？」你的每一次祈求，都落在天父願意傾聽的耳朵裡。不要因為等候而停止叩門，天父的門，為你一直開著。,你們祈求，就給你們；尋找，就尋見；叩門，就給你們開門。《馬太福音7:7》
40馬太福音第08章,信仰,天父的權柄足以覆蓋你最深的無能為力,你是否曾面對一個你完全無法解決的處境，心裡只剩下：「如果祢願意……」長大痲瘋的人就是帶著這樣的心來到耶穌面前。他不確定耶穌是否願意，但他還是來了。耶穌伸手摸他說：「我肯，你潔淨了吧。」當門徒的船在風浪中顛簸，他們喊：「主啊，救我們！」耶穌斥責風浪，海就大平靜了。你今天所面對的風浪，無論多大，都在天父的權柄之下。祂只在等你帶著你的無力來到祂面前。,耶穌說：「我肯，你潔淨了吧。」他的大痲瘋立刻就潔淨了。《馬太福音8:3》
40馬太福音第09章,悔改,天父呼召的正是你這樣承認自己需要祂的人,你是否曾覺得自己的生命太破碎、罪惡太多，不夠資格被神所用？耶穌呼召馬太，是在稅吏坐的收稅所找到他的——那是一個被宗教人士鄙視的地方。耶穌說：「我來本不是召義人，乃是召罪人。」天父尋找的，不是那些覺得自己夠好的人，而是那些知道自己需要醫治的人。承認自己需要天父，不是軟弱，而是真正認識自己的開始。你現在的樣子，正是天父要來的地方。,耶穌聽見，就說：「康健的人用不著醫生，有病的人才用得著。」《馬太福音9:12》
40馬太福音第10章,服事,天父差派你去的地方，祂的話語與你同在,你是否曾在被差派出去服事的路上，感到膽怯、害怕說錯話、擔心自己不夠？耶穌差遣十二門徒，告訴他們前方會有拒絕和逼迫，卻也說：「那時候，該說的話必賜給你們，因為不是你們自己說的，乃是你們父的靈感動你們說的。」天父不是把你獨自推出去應戰，祂的靈與你同在。你不需要先準備好一切才能出發，在你願意踏出去的那一步上，天父的話語自然會臨到你。,那時候，該說的話必賜給你們，因為不是你們自己說的，乃是你們父的靈感動你們說的。《馬太福音10:20》
40馬太福音第11章,信仰,天父的軛輕省，祂邀請你把重擔放在祂身上,你是否正背負著一些讓你喘不過氣的重擔——工作的壓力、家庭的拉扯、對自己的失望？就算是忠心的僕人，也有被重擔壓倒的時刻。耶穌在這裡說了一句最溫柔的話：「凡勞苦擔重擔的人，可以到我這裡來，我就使你們得安息。」天父不是要你更努力表現，而是邀請你走近祂，把那些扛不住的重量放在祂肩上。祂的軛是輕省的，因為是祂與你一同挑。,凡勞苦擔重擔的人，可以到我這裡來，我就使你們得安息。《馬太福音11:28》
40馬太福音第12章,品格,天父看見你內心真實的動機與渴望,你是否曾為了守規矩而守規矩，卻漸漸忘記信仰最初的溫度？法利賽人批評耶穌在安息日做好事，卻看不見一個枯乾了手的人所渴望的醫治。規條不是目的，人的生命才是。天父要的不是一個外表符合規範卻內心冰冷的信仰，而是一顆「憐憫人的心」。今天你面對人、面對需要時，天父不是看你做了多少符合規定的事，而是看你的心是否還有溫度。,我喜愛憐恤，不喜愛祭祀。《馬太福音12:7》
40馬太福音第13章,信仰,天父的話語正在你心裡悄悄生長,你是否曾覺得自己讀了很多聖經，卻看不見什麼改變，懷疑神的話語在自己身上是否有效？撒種的比喻告訴我們，種子的生長需要時間，需要好土，也需要根扎得深。天父撒在你心裡的話語，不因土壤的條件不好而失去能力——只要你願意讓它扎根，讓它在你的生活中有土壤可以長。三十倍、六十倍、一百倍的果子，都是從同一粒種子開始的。不要小看天父的話語正在你裡面悄悄做的工，那果子，終究會出來。,撒在好土裏的，就是人聽了道，明白了，後來結實：有一百倍的，有六十倍的，有三十倍的。《馬太福音13:23》
40馬太福音第14章,信仰,天父在你沉下去的那一刻仍伸手拉住你,你是否曾在信心上「走了幾步」卻又開始懷疑，覺得自己忽冷忽熱？彼得踏浪而行，是唯一一個真正走出船的人；但他看見風浪，就害怕，開始下沉。耶穌沒有任他沉底，「隨即伸手拉住他」。天父對你的心思比你更清楚——祂知道你的信心夾雜著懷疑，知道你的腳步有時猶豫。但祂的手，從未因你的軟弱而縮回。你沉下去的那一刻，仍是天父出手的時刻。,耶穌隨即伸手拉住他，說：「你這小信的人哪，為什麼疑惑呢？」《馬太福音14:31》
40馬太福音第15章,信仰,天父回應你不放棄尋求的心,你是否曾為自己所愛的人禱告，禱告了很久，卻感覺像是在對著天花板說話，不確定神是否在聽？迦南婦人為患病的女兒來到耶穌面前，遭遇了沉默、門徒的阻攔，甚至一句看似拒絕的話。但她沒有離開，她說：「主啊，是的；但是狗也吃牠主人桌子上掉下來的碎渣兒。」耶穌回應她：「婦人，你的信心是大的！」天父不是不回應，有時祂在等的，是你更深的那一份不放棄。,耶穌說：「婦人，你的信心是大的！照你所願意的，給你成全了吧。」從那時候，她女兒就好了。《馬太福音15:28》
40馬太福音第16章,信仰,天父把你的身份建立在祂對你的認識上,你是否曾在別人問你「你是誰」的時候感到迷失，不知道如何定義自己的價值與身份？耶穌問門徒：「你們說我是誰？」彼得回答：「你是基督，是永生神的兒子。」耶穌說，這不是人告訴他的，而是天父啟示他的。你的身份，也不是由別人的評價決定的——天父認識你，天父呼召你。祂在你還未懂得認識自己之前，就已經知道你是誰。讓你的根基建立在天父對你的認識上，那是任何風浪都搖不動的磐石。,西門彼得回答說：「你是基督，是永生神的兒子。」《馬太福音16:16》
40馬太福音第17章,敬拜,天父在你最高的山頂上也在你最深的低谷裡,你是否曾有過屬靈高峰的經歷——那種親近神的感動——卻在回到日常之後，覺得那一切好像漸漸消退？彼得、雅各、約翰在山頂上看見耶穌變化形象，榮光照耀，天上有聲音說：「這是我的愛子，我所喜悅的，你們要聽祂。」但山頂的榮光之後，他們下山便遇到眾人束手無策的難題。天父帶你上山頂，是為了讓你認識祂的榮耀；帶你下山谷，是讓你把那榮耀帶進有需要的地方。,這是我的愛子，我所喜悅的，你們要聽他！《馬太福音17:5》
40馬太福音第18章,品格,天父看見你在寬恕中捨己的那份勇氣,你是否曾被傷害，心裡明白應該饒恕，卻發現饒恕比想像中難得多？彼得問：「饒恕多少次才夠？七次嗎？」耶穌說：「不是七次，乃是七十個七次。」這不是數學題，而是一個生命的方向——天父已經赦免了你多少，你就能夠饒恕多少。那個蒙王免去一萬他連得債的僕人，卻不肯饒恕欠他一百銀子的人，最終失去了所得的恩典。寬恕不是替傷害你的人說沒關係，而是讓自己不再被仇恨捆綁。天父的饒恕，是你能饒恕人的根源。,耶穌說：「我對你說，不是到七次，乃是到七十個七次。」《馬太福音18:22》
40馬太福音第19章,婚姻,天父設計婚姻是為了讓你與另一個生命成為一體,你是否曾在婚姻或親密關係中感到疲憊，甚至質疑這段關係是否還有天父的心意？法利賽人試探耶穌，問關於休妻的問題。耶穌把他們帶回創造的最初：「人要離開父母，與妻子連合，二人成為一體。」婚姻不是人的發明，而是天父最美的設計——是兩個不完整的人，一同走向成全的旅程。天父看見婚姻中的努力與代價，祂也在這段關係裡與你同工。不要放棄天父起初所設立的美好。,既然如此，夫妻不再是兩個人，乃是一體的了。所以，神所配合的，人不可分開。《馬太福音19:6》
40馬太福音第20章,服事,天父的恩典不按你的努力計算，按祂的慷慨賜下,你是否曾覺得自己為神付出了很多，卻看見別人好像不費力就得到同樣的祝福，心裡有一種說不出的委屈？葡萄園的工人，有人做了一整天，有人只做了一個小時，主人卻給了一樣的工錢。那些早來的人抱怨，主人說：「我的東西難道不可隨我的意思用嗎？」天父的恩典，從來不是按工作量分配的，而是按祂無限的慷慨給予的。你今天所得到的一切，都是恩典，不是薪水。讓這個認識，把心裡的比較換成感恩。,我的東西難道不可隨我的意思用嗎？因為我作好人，你就眼紅了嗎？《馬太福音20:15》
40馬太福音第21章,敬拜,天父悅納你從心裡發出的真誠讚美,你是否曾在聚會中讚美，卻感覺自己的讚美又乾又空，不像別人那樣充滿感動？耶穌進入耶路撒冷，孩子們在殿裡喊著「和散那歸於大衛的子孫」，祭司長和文士卻惱怒，要耶穌制止他們。耶穌說：「小孩子和吃奶的口中發出讚美。」天父不需要你的讚美技巧完美，不需要你感情充沛。孩子純粹的呼喊，正是天父所悅納的。你今天發出的讚美，無論聲音大小、感動多少，天父都在那裡傾聽。,耶穌說：「是的，小孩子和吃奶之人口中發出讚美，你們沒有念過嗎？」《馬太福音21:16》
40馬太福音第22章,信仰,天父的邀請一直敞開，等候你回應,你是否曾因為太忙、覺得自己還沒準備好，而一再推遲回應天父的呼召？婚筵的比喻裡，王邀請了賓客，他們卻一一拒絕，理由是農田、生意、各自的事。王於是差人去到街道上，邀請所有人。天父的邀請，從來不挑剔背景、資格或時機，但需要你的回應。那個最後進來的人，只需要一個決定——走進去。不要讓「等到準備好了再說」成為你一直沒有走進去的理由。,所以你們要到岔路口上，凡遇見的人都叫他們來。《馬太福音22:9》
40馬太福音第23章,品格,天父看見你在無人注意時仍然謙卑的樣子,你是否曾因為受到稱讚而不自覺地調整自己的行為，開始為人看而活，而不是為天父而活？耶穌責備法利賽人，不是因為他們做的事不對，而是因為他們做的是為了「叫人看見」。「那自高的，必降為卑；那自卑的，必升為高。」謙卑不是假裝自己不重要，而是把榮耀的出發點從「讓人看見我」變成「讓天父的名被榮耀」。天父在無人注意的角落，看見你謙卑的心。,你們中間誰為大，誰就要作你們的用人。《馬太福音23:11》
40馬太福音第24章,未來,天父的應許在一切動盪中仍然穩固，托住你的盼望,你是否曾在這個動盪的世代裡感到不安——新聞裡的災難、社會的紛亂——不知道未來在哪裡？耶穌告訴門徒，末世有戰爭、飢荒、地震，但這些只是「生產之難的起頭」。祂說：「只是忍耐到底的，必然得救。」天父沒有應許你的路不顛簸，但祂應許了陪你走到終點。在一切動盪中，天父的計劃沒有被打亂，祂的應許仍然穩固。你的盼望，建立在那個應許之上。,只是忍耐到底的，必然得救。《馬太福音24:13》
40馬太福音第25章,服事,天父把你所擁有的才幹當作是祂給你的委託,你是否曾覺得自己的才幹太少，沒有別人那麼有恩賜，所以乾脆什麼都不做？才幹的比喻裡，主人分別給了五個、兩個、一個才幹——不是按人的期望，而是「按各人的才幹」。那個埋掉一個才幹的僕人，失去的不是才幹，而是信任的關係。天父不要求你有五個才幹的成果，祂要求的是你忠心地使用祂所給你的。你今天手上的每一樣能力、時間、資源，都是天父交託給你的委託。忠心使用，就是最好的回應。,你既在不多的事上有忠心，我要把許多事派你管理，可以進來享受你主人的快樂。《馬太福音25:21》
40馬太福音第26章,禱告,天父在你最黑暗的客西馬尼時刻與你同在,你是否曾在某個深夜，帶著沉重的心情跪下來，不知道怎麼開口，只能說：「如果可以，求祢把這杯挪去……」耶穌在客西馬尼園裡，心裡「憂愁，幾乎要死」，祂三次俯伏禱告。祂知道十字架的重量，但仍說：「不要照我的意思，只要照你的意思。」天父沒有讓耶穌獨自走過那個最暗的夜晚，也沒有移走那個杯，但天使來加添祂的力量。你最難走的禱告，天父都聽見了。,耶穌說：「我父啊，這杯若不能離我而去，除非我喝，就願你的旨意成全。」《馬太福音26:42》
40馬太福音第27章,信仰,天父在最黑暗的十字架上彰顯最深的愛，為你開路,你是否曾在苦難中質疑：「如果天父愛我，為什麼讓這件事發生？」耶穌在十字架上呼喊：「我的神，我的神，你為什麼離棄我？」這是人類最深的孤離，卻也成為天父救贖最深的入口。聖殿的幔子從上到下裂開——那道隔絕人與神的牆，在那一刻撕裂了。天父沒有在耶穌最痛苦的時刻回頭，而是讓那痛苦成為你與祂之間最寬廣的橋。你今天的苦難，或許也是天父正在破開的牆。,這時，殿裡的幔子從上到下裂為兩半，地也震動，磐石也崩裂。《馬太福音27:51》
40馬太福音第28章,未來,天父差派你去的每一步，祂都與你同在,你是否曾在回應大使命時感到膽怯，覺得自己一個人的力量太小？復活的耶穌說：「天上地下所有的權柄都賜給我了。」然後是差派：「你們去……」最後是應許：「我天天與你們同在，直到世界的末了。」天父差派你去，不是讓你獨自上路，而是讓你在祂的同在中走每一步。大使命的擔子，從來是天父與你一起扛的。你今天在哪裡，就從那裡開始。,我就常與你們同在，直到世界的末了。《馬太福音28:20》
41馬可福音第01章,服事,天父呼召你放下手中的網，跟從祂,你是否曾感覺到神在呼召你，卻因為太多顧慮而遲遲沒有踏出那一步？西門和安得烈正在撒網，雅各和約翰正在補網，耶穌走過去說：「來跟從我。」聖經記載，他們「立刻」捨了網，跟從了祂。天父的呼召往往就在你最平常的崗位上出現，不是在特別屬靈的時刻，而是在你手上還拿著日常的工具時。祂不要求你先把一切整理好，只邀請你在這一刻回應祂的聲音。你願意在今天，放下手中的網嗎？,耶穌對他們說：「來跟從我，我要叫你們得人如得魚一樣。」《馬可福音1:17》
41馬可福音第02章,信仰,天父看見你為所愛之人守持信心的努力,你是否曾為一個你深愛的人代禱，做了很多努力，卻不確定神是否看見？四個人抬著癱瘓的朋友來到耶穌面前，人太多，進不去，他們就把屋頂拆開，把床縋下去。耶穌「見到他們的信心」——是「他們的」，是那四個人的信心，帶來了朋友的醫治。天父不忽視你為所愛之人所持守的信心，不輕看你一次次地抬著他們來到耶穌面前。繼續拆那個屋頂吧，天父的眼睛，正落在你的信心上。,耶穌見他們的信心，就對癱子說：「小子，你的罪赦了。」《馬可福音2:5》
41馬可福音第03章,家庭,天父讓遵行祂旨意的人成為你最深的家人,你是否曾在信仰的路上，因為家人不理解、甚至反對，而感到孤立？耶穌的家人說「他癲狂了」，出來要拉住祂。耶穌環顧四周，說：「誰是我的母親，誰是我的弟兄？……凡遵行神旨意的人，就是我的弟兄姊妹和母親了。」天父在你信仰的路上，為你預備了屬靈的家人。這不是要你放棄血緣的家庭，而是提醒你，你從不孤單。在信仰群體中，有人與你同行，一同遵行天父的旨意。,凡遵行神旨意的人，就是我的弟兄姊妹和母親了。《馬可福音3:35》
41馬可福音第04章,信仰,天父在你最驚慌的風浪裡仍然掌權,你是否曾在人生的某個風浪中，看著周圍一切失控，卻不知道天父在哪裡？門徒在船上遇到大風浪，浪打進船，幾乎要沉了，而耶穌在船尾枕著枕頭睡覺。他們喊：「夫子，我們喪命，你不顧嗎？」耶穌起來，斥責風，向海說「住了吧！不要再作聲」，風浪就平靜了。天父從不是不在場，祂在船上。你的風浪，也在祂能說「住了」的權柄之下。,耶穌醒了，斥責風，向海說：「住了吧！不要再作聲！」風就止住，大大地平靜了。《馬可福音4:39》
41馬可福音第05章,信仰,天父的醫治能夠觸及你帶了多年的傷,你是否有一個傷口，已經帶了很多年，試過很多方法，卻沒有一樣真正有效？那個患血漏十二年的婦人，花盡了所有，病反而更重，她混在人群中，悄悄地伸手摸了耶穌的衣裳繸子。耶穌轉過身說：「女兒，你的信救了你；平平安安地回去吧。」不是她的苦難讓她被看見，而是她的信心。天父不嫌棄你帶著多年的傷走來，那個「只要摸到衣裳繸子就好了」的信心，祂都看見了。,耶穌說：「女兒，你的信救了你，平平安安地回去吧，你的災病痊癒了。」《馬可福音5:34》
41馬可福音第06章,信仰,天父能用你手中有限的東西餵飽更多的人,你是否曾面對一個巨大的需要，低頭看看自己手中，覺得實在太少、太不夠？五千人需要吃飯，門徒束手無策，一個孩子只有五個餅、兩條魚。耶穌拿起來，望天祝謝，掰開，分給門徒，門徒再分給眾人——五千人吃飽了，還剩十二籃子。天父從不等你「夠了」才動工，祂要的是你把你手上的「不夠」交給祂。你願意把你有限的，交在祂手中嗎？,耶穌拿着這五個餅、兩條魚，望着天祝福，掰開餅，遞給門徒擺在眾人面前，也把那兩條魚分給眾人。《馬可福音6:41》
41馬可福音第07章,品格,天父在意的是你內心真實的潔淨，不是外在的表演,你是否曾為了維持「屬靈的形象」而疲憊，用外在的規條遮蓋內心真實的狀態？法利賽人責問門徒不洗手就吃飯，耶穌說：「從外面進去的不能污穢人，從裡面出來的才能污穢人。」使人不潔的，是從心裡出來的：惡念、淫亂、驕傲……天父不被你的外表欺騙，也不需要你假裝。祂要的不是一個勤洗手卻心裡充滿苦毒的人，而是一顆真實地在祂面前開放的心。今天，你願意讓祂看見你裡面真實的樣子嗎？,因為從裡面出來的，才能污穢人。《馬可福音7:23》
41馬可福音第08章,信仰,天父要你捨己跟隨祂走向更真實的生命,你是否曾在跟隨神的路上，遭遇了要「失去自己」的時刻——放棄一個機會、一段關係、或是自己想要的生活方式——心裡充滿掙扎？耶穌說：「若有人要跟從我，就當捨己，背起他的十字架來跟從我。因為凡要救自己生命的，必喪掉生命；凡為我和福音喪掉生命的，必救了生命。」捨己不是失去，而是用一個小生命，換一個更大的生命。天父邀請你所放下的，比你緊握的更值得全力追求。,凡要救自己生命的，必喪掉生命；凡為我和福音喪掉生命的，必救了生命。《馬可福音8:35》
41馬可福音第09章,禱告,天父接納你夾雜著懷疑的信心禱告,你是否曾在禱告中說出「我信，但我也懷疑」，然後為自己的懷疑感到羞愧，覺得這樣的禱告沒有資格得到回應？父親帶著患病的兒子來到耶穌面前，耶穌說只要信就能成事，父親立刻喊說：「我信！但我信不足，求主幫助我！」這是聖經中最誠實、最美麗的禱告之一。天父沒有因為他的懷疑而拒絕他，耶穌醫治了那個孩子。你今天帶著懷疑的信心禱告，天父一樣聽見，一樣在那裡回應。,孩子的父親立時喊着說：「我信！但我信不足，求主幫助我！」《馬可福音9:24》
41馬可福音第10章,品格,天父把你服事他人的謙卑看作最大的偉大,你是否曾在群體中為了位置和影響力而暗自比較，或者因為沒有得到應有的肯定而感到失落？雅各和約翰私下來求耶穌，要坐在祂左右兩邊。其他十個門徒聽見就惱怒起來。耶穌說：「你們中間，誰願為大，就必作你們的用人；在你們中間，誰願為首，就必作眾人的僕人。」天父眼中的偉大，是彎下腰來服事的人。今天你所做的每一件無人注意的服事，在天父眼中的重量，遠超過任何一個頭銜與掌聲。,在你們中間，誰願為大，就必作你們的用人；誰願為首，就必作眾人的僕人。《馬可福音10:43-44》
41馬可福音第11章,禱告,天父應許你憑信心的禱告必蒙垂聽,你是否曾對一個看似不可能的處境禱告，卻又覺得「這太大了，神應該不會回應」？耶穌咒詛那無花果樹，門徒看見樹從根枯乾，彼得驚奇地說出來。耶穌回應：「你們當信服神。無論何人對這座山說：你挪開此地，投在海裡；他若心裡不疑惑，只信他所說的必成，就必給他成了。」信心禱告的重點，不在於技巧，而在於你是否真的相信天父垂聽你。帶著信心，把那座山說出來。,所以我告訴你們，凡你們禱告祈求的，無論是什麼，只要信是得着的，就必得着。《馬可福音11:24》
41馬可福音第12章,奉獻,天父看見你在能力有限時仍然甘心給出的那份心,你是否曾在奉獻的時候，因為自己給的太少而不好意思，覺得「這點東西，有什麼意義呢」？耶穌坐在殿裡的捐錢箱對面，觀看眾人投錢。富人把許多錢投進去，一個窮寡婦投了兩個小錢。耶穌說：「這窮寡婦投入捐錢箱裡的，比眾人所投的更多。因為他們都是自己有餘，拿出來投在裡頭；但這寡婦是自己不足，把她一切養生的都投上了。」天父計算的，不是金額，是心意。你甘心給出的，天父看見了。,這窮寡婦投入捐錢箱裡的，比眾人所投的更多。《馬可福音12:43》
41馬可福音第13章,未來,天父的話語在天地過去後仍然穩固，成為你的根基,你是否曾在這個瞬息萬變的世界裡，不知道還能相信什麼、抓住什麼？社會在變，關係在變，健康在變，工作在變……耶穌告訴門徒末世的景象，說到戰爭、地震、逼迫，然後說：「天地要廢去，我的話卻不能廢去。」在一切都可能動搖的時代，天父的話語是唯一真正穩固的錨點。你不需要抓住你看得見的，你只需要抓住那位說「我的話不能廢去」的天父。讓祂的話成為你最穩的根基。,天地要廢去，我的話卻不能廢去。《馬可福音13:31》
41馬可福音第14章,敬拜,天父記得你每一個出於愛的傾倒,你是否曾為神做了一件讓別人覺得「浪費」的事——一個不划算的奉獻、一個外人看不懂的委身——卻在心裡隱隱知道這是你能給祂最好的？一個女人拿著一玉瓶極貴的香膏，打破瓶子，澆在耶穌頭上。旁人說：「何用這枉費？」耶穌說：「由她吧……普天之下，無論在哪裡傳這福音，也要述說這女人所做的，作個記念。」天父不忘記你每一次的傾倒，就算全世界都說那是浪費。,我實在告訴你們，普天之下，無論在哪裡傳這福音，也要述說這女人所做的，作個記念。《馬可福音14:9》
41馬可福音第15章,信仰,天父在耶穌的受苦裡為你打開了與祂同在的路,你是否曾在苦難中問：「為什麼神不出手？為什麼沉默？」耶穌在十字架上被嘲笑：「他救了別人，不能救自己。」但天父的沉默，不是缺席，而是成就了比即時解救更大的事——聖殿的幔子從上到下裂開，神與人之間最後的阻隔被撕裂了。天父在你最不理解祂為何沉默的時刻，或許正在做一件你尚未看見的事。,殿裡的幔子從上到下裂為兩半。《馬可福音15:38》
41馬可福音第16章,未來,天父讓復活的真實成為你生命最深的盼望,你是否曾帶著你的悲傷和失望，在天還沒亮的時候就動身，不知道前方還有沒有可能？幾個婦女在清晨帶著香料去膏抹耶穌的身體。她們走著走著，還在彼此問：「誰給我們把那塊石頭滾開呢？」到了一看，石頭已經滾開了。天使說：「不要驚恐！你們尋找那釘十字架的拿撒勒人耶穌，祂已經復活了！」天父讓你帶著問題先走，然後在你走到的時候，已經為你把石頭滾開了。,天使說：「不要驚恐！你們尋找那釘十字架的拿撒勒人耶穌，他已經復活了，不在這裏。」《馬可福音16:6》
42路加福音第01章,信仰,天父的應許臨到相信祂話語的人，也臨到你,你是否曾等候一個應許等到疲憊，開始懷疑那個應許是否真的是神說的？撒迦利亞得到兒子要出生的應許，卻因「我已老了」而心存疑惑。馬利亞也得到一個不可能的消息，她問：「這事怎能有呢？」天使說：「因為出於神的話，沒有一句不帶能力的。」馬利亞說：「情願照你的話成就在我身上。」信心的回應，不是沒有疑問，而是在疑問裡仍然說「是的，成就吧」。天父的話，從來帶著能力等候你的回應。,因為出於神的話，沒有一句不帶能力的。《路加福音1:37》
42路加福音第02章,信仰,天父在最微小的地方降臨，與你同在,你是否曾覺得自己的環境太普通、太卑微，不像是神會特別降臨的地方？救主耶穌降生在馬槽裡，不是王宮，不是聖殿。消息不是先傳給祭司或精英，而是傳給在野地裡熬夜守望的牧羊人。天父選擇降在最低的地方，正是為了能夠到達你生命中任何一個角落。你現在所在的地方，無論多普通、多卑微，天父都能到。,她就生了頭生的兒子，用布包起來，放在馬槽裏；因為客店裏沒有地方。《路加福音2:7》
42路加福音第03章,悔改,天父呼召你結出與悔改相稱的果子,你是否曾口頭上說悔改，卻感覺生命沒有真實的改變？施洗約翰對來受洗的人說：「你們要結出果子來，與悔改的心相稱。」有人問：「我們當做什麼呢？」約翰的回答是非常具體的：有兩件衣裳的，分給沒有的；做稅吏的，不要多取；做兵丁的，不要強要人的錢。悔改不只是一個心理狀態，而是在具體生活中的轉向。天父所要的果子，就長在你日常最普通的選擇裡。,約翰對眾人說：「你們要結出果子來，與悔改的心相稱。」《路加福音3:8》
42路加福音第04章,服事,天父膏抹你，是要你把好消息帶到有需要的人那裡,你是否曾在服事時感到力不從心，好像你所做的微不足道？耶穌在會堂裡展開以賽亞書，唸道：「主的靈在我身上，因為祂用膏膏我，叫我傳福音給貧窮的人；差遣我報告被擄的得釋放，瞎眼的得看見，叫那受壓制的得自由，報告神悅納人的禧年。」然後說：「今天這段聖經應驗了。」天父差派你，不是靠你自己的能力，而是靠著祂的靈與膏抹。你的服事，是天父藉著你的手在行動。,主的靈在我身上，因為他用膏膏我，叫我傳福音給貧窮的人。《路加福音4:18》
42路加福音第05章,信仰,天父在你願意再試一次的順服裡賜下豐收,你是否曾在努力許久卻一無所獲之後，感到疲憊和灰心，不想再試了？西門彼得整夜打魚，什麼都沒有。耶穌說：「把網撒在右邊，就必得着。」彼得說：「夫子，我們整夜勞力，並沒有打着什麼，但依從你的話，我就下網。」結果網幾乎裂開，大豐收。那句「依從你的話」，是整個轉機的關鍵。天父在等的，不是你更努力，而是你在疲憊中仍願意說：「依從你的話，我再試一次。」,西門回答說：「夫子，我們整夜勞力，並沒有打着什麼，但依從你的話，我就下網。」《路加福音5:5》
42路加福音第06章,品格,天父所給的新生命，讓你愛仇敵的樣式顯明出來,你是否曾面對一個傷害你的人，心裡知道應該愛他，卻不知道從哪裡生出那份愛來？耶穌說：「要愛你們的仇敵，善待那恨你們的人，為那咒詛你們的人祝福，為那凌辱你們的人禱告。」這不是普通的道德呼籲，而是只有被天父愛轉化過的人才能做到的事。耶穌繼續說：「你們的賞賜就大了，你們也必作至高者的兒子。」愛仇敵不是失去，而是在生命中彰顯天父的樣式。你今天能為那個傷害過你的人，說一句祝福的話嗎？,要愛你們的仇敵，善待那恨你們的人，為那咒詛你們的人祝福，為那凌辱你們的人禱告。《路加福音6:27-28》
42路加福音第07章,信仰,天父讚賞那在不見祂卻仍然信祂的心，就是你的心,你是否曾因為看不見神在你處境中的作為，就開始懷疑自己的信心是否夠格讓神回應？百夫長的僕人病危，他差人去求耶穌，說：「你只要說一句話，我的僕人就必好了。」耶穌聽見了，稱讚他，說：「我告訴你們，這麼大的信心，就是在以色列中，我也沒有遇見過。」天父最欣賞的信心，不是看見之後才信，而是在話語上就全然信靠。你的信心，就算很小，天父也看見了。,耶穌聽見這話，就希奇他，轉身對跟從的眾人說：「我告訴你們，這麼大的信心，就是在以色列中，我也沒有遇見過。」《路加福音7:9》
42路加福音第08章,信仰,天父要你把所有的恐懼帶到祂面前，不要再怕,你是否正在等候一個遲遲沒有到來的答案，途中又聽到更壞的消息，讓你幾乎放棄？睚魯的女兒病危，他急忙去找耶穌；然後有人來說：「你女兒死了，不必勞動夫子了。」耶穌聽見這話，卻對睚魯說：「不要怕，只要信，你女兒就必得救。」天父在你收到最壞消息的那一刻，說的第一句話仍然是：「不要怕，只要信。」把你的恐懼帶到祂面前，那才是信仰真正開始的地方。,耶穌聽見，就對他說：「不要怕，只要信，你女兒就必得救。」《路加福音8:50》
42路加福音第09章,服事,天父賜給你力量去面對每日的十字架,你是否曾覺得「每天背十字架」太沉重，不知道天父為什麼讓跟隨祂的路這麼難？耶穌說：「若有人要跟從我，就當捨己，天天背起他的十字架來跟從我。」注意那個字：「天天」。十字架不是一次性的犧牲，而是每天的選擇。但耶穌同樣說：「凡為我喪掉生命的，必救了生命。」每天背起的，是通向更豐盛生命的路。天父不是要你受苦，而是邀請你與祂一同走那條有永恆重量的路。,耶穌又對眾人說：「若有人要跟從我，就當捨己，天天背起他的十字架來跟從我。」《路加福音9:23》
42路加福音第10章,信仰,天父最看重的是你的名字記錄在天上,你是否曾在服事中取得一些成果，卻不知不覺把焦點從神轉移到自己的成就上？七十個門徒回來，喜樂地說：「主啊，因你的名，就是鬼也服了我們！」耶穌說：「不要因鬼服了你們就歡喜，要因你們的名記錄在天上歡喜。」服事的果效是美好的，但不是你喜樂的根基。天父給你最珍貴的恩典，是你的名字被記錄在天上。讓這個身份認同成為你服事的出發點，而不是成就的統計數字。,然而不要因鬼服了你們就歡喜，要因你們的名記錄在天上歡喜。《路加福音10:20》
42路加福音第11章,禱告,天父渴望你帶著真實的需要一直來到祂面前,你是否曾在禱告中感到挫敗，覺得為什麼要一直求、一直求？耶穌講了一個比喻：半夜有人敲朋友的門借餅，那朋友因為他「情詞迫切」就起來給了他。耶穌說：「求，就給你們；找，就尋見；叩門，就開門。」你在天上的父，比那位半夜被吵醒的朋友更願意給。情詞迫切的禱告，不是打擾天父，而是天父最願意回應的方式。你越是真實地、迫切地帶著需要來，天父越是喜歡。,我又告訴你們，求，就給你們；找，就尋見；叩門，就給你們開門。《路加福音11:9》
42路加福音第12章,信仰,天父的眼目看顧你，你比許多麻雀更寶貴,你是否曾在憂慮和恐懼中輾轉，擔心未來的生計、擔心別人的眼光？耶穌說：「五個麻雀不是賣兩分銀子嗎？但在神面前，牠們沒有一個被忘記。就是你們頭上的頭髮，也都被數過了，不要懼怕，你們比許多麻雀更寶貴。」天父不是在遠處冷眼看著你的生活，祂數過你頭上每一根頭髮。你的每一個擔憂、每一個恐懼，都在祂的眼目之下。你比許多麻雀更寶貴——天父絕不會忘記你。,就是你們頭上的頭髮，也都被數過了，不要懼怕，你們比許多麻雀更寶貴！《路加福音12:7》
42路加福音第13章,悔改,天父的耐心給你時間結出生命的果子,你是否曾覺得自己信主多年，生命卻好像沒有太大改變，心裡有些懼怕，不知道神是否已經放棄你？園主看見無花果樹三年沒有果子，說：「砍了吧！」但管園的說：「主啊，今年且留著，等我掘開四面的土，加上肥料，若是明年結果便罷；若不結果，再砍。」這正是天父對你的心腸——給你時間，鬆土，施肥，耐心等候。天父沒有放棄你，祂仍在為你鬆土。,今年且留著，等我掘開四面的土，加上肥料，若是明年結果便罷；若不結果，再砍。《路加福音13:8-9》
42路加福音第14章,信仰,天父的筵席為你預備了位置，等候你的回應,你是否曾覺得跟隨神的代價太高，猶豫要不要全然委身？那個設大席的人，邀請了所有人——你也被邀請了。大席已經預備好，你的位置也在那裡。耶穌說要算清楚代價，不是要你退縮，而是要你明白：跟從祂是值得的，那份代價，換來的是永恆的席位。不要讓你手上暫時的事，讓你錯過天父永恆的筵席。,要趕快出去，到城裏大街小巷，領那貧窮的、殘廢的、瞎眼的、瘸腿的來。《路加福音14:21》
42路加福音第15章,悔改,天父在你還遠遠的時候就跑來迎接你,你是否曾因為走遠了、跌倒了，覺得回去的路太遠、太羞愧，不知道天父是否還願意接納你？浪子回頭的比喻裡，那個兒子在最狼狽的時候想起了父親，說：「我要起來，到我父親那裡去……」他還在遠處，父親就看見了，就動了慈心，跑去迎接他，抱著他親嘴。父親甚至沒讓他把道歉說完，就已經吩咐僕人拿出最好的袍子。天父等候你的，不是一個完美的認罪陳詞，而是你回轉的那個腳步。你只要起來，祂就在跑。,他離得還遠，他父親看見，就動了慈心，跑去抱着他的頸項，連連與他親嘴。《路加福音15:20》
42路加福音第16章,財務,天父看見你如何使用金錢，那是你信仰的真實告白,你是否曾覺得金錢和信仰是兩回事，理財是實際問題，不需要扯到屬靈層面？耶穌說：「你們不能又事奉神，又事奉瑪門。」然後說：「你們在最小的事上忠心，在大事上也忠心；在最小的事上不義，在大事上也不義。倘若你們在不義的錢財上不忠心，誰還把那真實的錢財託付你們呢？」金錢不是與信仰無關的事，它是你信仰最真實的測試之一。天父看你怎麼使用金錢，就看見你把什麼放在心的中間。,你們不能又事奉神，又事奉瑪門。《路加福音16:13》
42路加福音第17章,信仰,天父在你認為微小的信心裡看見不可思議的可能,你是否曾覺得自己的信心太小，小到不好意思開口祈求什麼？門徒對耶穌說：「求主加增我們的信心。」耶穌說：「你們若有信心像一粒芥菜種，就是對這棵桑樹說：你要拔起根來，栽在海裡，它也必聽從你了。」天父不是要你先有很大的信心才能來到祂面前；祂要的是你把那一粒小小的、真實的信心，對準祂說話。芥菜種的信心，足以移動桑樹。你現在這一點點的信，天父可以用它做出超過你想像的事。,你們若有信心像一粒芥菜種，就是對這棵桑樹說，你要拔起根來，栽在海裏，它也必聽從你了。《路加福音17:6》
42路加福音第18章,禱告,天父歡迎你帶著你的軟弱一直來到祂面前,你是否曾因為自己反覆為同一件事禱告而感到不好意思，覺得應該「相信就得著」，不該繼續求？耶穌特別說了這個比喻，「是要人常常禱告，不可灰心」。那位寡婦不斷去找法官申冤，法官最終因為她「情詞迫切」而回應她。耶穌說，天父豈不更要為那晝夜呼籲祂的人伸冤嗎？常常禱告、不可灰心——這是天父給你最清楚的邀請。把那件你已經禱告了很久的事，再帶到祂面前。天父在等你。,耶穌設一個比喻，是要人常常禱告，不可灰心。《路加福音18:1》
42路加福音第19章,信仰,天父主動來找你，就為了把你帶回家,你是否曾覺得自己不像一個配被神尋找的人——太世俗、太自私、太多不堪？撒該是稅吏長，是眾人厭惡的人，卻爬上樹只為了看耶穌一眼。耶穌抬頭說：「撒該，快下來！今天我必住在你家裡。」眾人嘀咕，但撒該的生命在那一天徹底改變了。耶穌說：「人子來，為要尋找、拯救失喪的人。」天父不是坐在那裡等你鼓起勇氣爬進去，而是主動走到你樹下，呼喚你的名字。你已經被尋找了。,人子來，為要尋找、拯救失喪的人。《路加福音19:10》
42路加福音第20章,信仰,天父的國度是永恆的磐石，讓你在質疑中站立,你是否曾遭受對信仰的質疑或嘲諷，讓你一時語塞，甚至開始動搖？祭司長、文士和長老一波接一波地來試探耶穌，每一個問題都是陷阱。但耶穌的每一個回應，都在更深地揭示天父國度的真實與穩固。「神原來不是死人的神，而是活人的神。」你的信仰，建立在一位活著的神上面。那些試圖動搖你信仰的問題，也可以成為你更深認識天父的機會。,神原來不是死人的神，乃是活人的神；因為在他那裏，人都是活的。《路加福音20:38》
42路加福音第21章,奉獻,天父看見你在能力有限時仍然全然給出的心,你是否曾覺得自己能給神的太少——時間太少、才幹太少、金錢太少——以至於乾脆放棄投入？耶穌在聖殿裡觀看眾人捐錢，富人把許多錢投進去，卻有一個窮寡婦投了兩個小錢。耶穌說，她所投的比所有人都多，「因為眾人都是自己有餘，拿出來投在捐項裡，但這寡婦是自己不足，把她一切養生的都投上了。」天父計算的，不是你給了多少，而是你留下了多少。你今天願意把你所有的，擺在天父面前嗎？,我實在告訴你們，這窮寡婦所投的，比眾人所投的更多。《路加福音21:3》
42路加福音第22章,信仰,天父在你信心搖動的時候為你代求,你是否曾在某個屬靈的低谷，信心幾乎被擊垮，不確定自己還能不能站立？耶穌對彼得說：「撒但想要得著你們，好篩你們像篩麥子一樣；但我已經為你祈求，叫你不至於失了信心；你回頭以後，要堅固你的弟兄。」彼得三次不認主，但耶穌在他跌倒之前已經在代求。天父知道你有軟弱的時刻，但祂在那些時刻沒有放棄你——祂為你禱告。你的信心搖動，天父的手沒有鬆開。,但我已經為你祈求，叫你不至於失了信心；你回頭以後，要堅固你的弟兄。《路加福音22:32》
42路加福音第23章,信仰,天父在十字架最後的時刻仍然接納悔改的你,你是否曾懷疑，自己是否已經錯過了太多時機，現在才悔改是否還來得及？掛在耶穌旁邊的一個罪犯，在生命最後的時刻對耶穌說：「你得國降臨的時候，求你記念我。」耶穌對他說：「我實在告訴你，今日你要同我在樂園裏了。」這是聖經中最短的悔改，卻得到了最完整的應許。天父的門沒有「太晚了」這個時刻，只要你還有一口氣，只要你還能轉向，天父就在那裡迎接。今天仍然是那個「今日」。,耶穌對他說：「我實在告訴你，今日你要同我在樂園裏了。」《路加福音23:43》
42路加福音第24章,信仰,天父讓復活的耶穌在你最失落的路上與你同行,你是否曾在失落中走著，心裡的盼望破滅，卻不知道有人正在與你同行？兩個門徒在往以馬忤斯的路上，憂愁，彼此討論那些令他們失望的事。復活的耶穌走近他們，同他們同行，跟他們說話，但他們的眼睛被遮住，沒有認出來。直到坐下擘餅，他們的眼睛才明亮了。他們說：「在路上，他和我們說話，給我們講解聖經的時候，我們的心豈不是火熱的嗎？」天父在你最失落的路上，已經走在你旁邊了。,他們彼此說：「在路上，他和我們說話，給我們講解聖經的時候，我們的心豈不是火熱的嗎？」《路加福音24:32》
43約翰福音第01章,信仰,天父藉著道成肉身的耶穌進入你的世界,你是否曾覺得神很遠，像一個高高在上、難以接觸的存在？約翰福音第一章宣告：「道成了肉身，住在我們中間。」神不是留在天上觀看，而是穿上了人的肉身，進入人的世界，「住」在我們中間——原文是「搭棚居住」，是一種親密的、貼近的同在。祂知道你的饑餓、疲憊、孤單，因為祂也經歷過。天父不是一個遙遠的概念，而是一位「與你同在」、認識你的神。你現在的處境，祂完全理解。,道成了肉身，住在我們中間，充充滿滿地有恩典有真理。《約翰福音1:14》
43約翰福音第02章,信仰,天父在你以為「酒用盡了」的時候預備了更好的,你是否曾走到一個資源耗盡、選項用完的地方，心裡的喜悅和盼望好像也隨著「酒用盡」一樣消退了？迦拿婚宴上，酒用盡了，馬利亞去告訴耶穌。耶穌的回應看似沉默，卻是在等候祂自己的時間。然後水變成了酒，管筵席的說：「好酒留到如今！」天父不是要等你的好東西用完了才出手，而是要在那個「用盡了」的地方，讓你看見祂能給的比你原來所有的更好。你今天哪裡「酒用盡」了？,耶穌的母親對用人說：「他告訴你們什麼，你們就做什麼。」《約翰福音2:5》
43約翰福音第03章,信仰,天父愛這世界，包括此刻正在掙扎的你,你是否曾懷疑神是否真的愛你——不是抽象地愛「世人」，而是真的愛此刻這個正在掙扎的你？尼哥底母在夜裡來找耶穌，帶著很多問題。耶穌對他說了那句幾乎人人都聽過的話：「神愛世人，甚至將祂的獨生子賜給他們，叫一切信祂的，不至滅亡，反得永生。」「世人」是具體的、每一個的你。天父愛你，不是因為你夠好，而是因為祂本來就是愛。這份愛，今天也臨到你。,神愛世人，甚至將他的獨生子賜給他們，叫一切信他的，不至滅亡，反得永生。《約翰福音3:16》
43約翰福音第04章,禱告,天父在你最深的渴望裡預備了活水,你是否曾感到某種說不清楚的空虛，即使生活中什麼都有，內心卻好像一直在渴？撒馬利亞婦人每天來井邊打水，換了許多段關係，卻仍然空著回去。耶穌說：「凡喝這水的，還要再渴；人若喝我所賜的水，就永遠不渴。我所賜的水，要在他裏頭成為泉源，直湧到永生。」天父知道你在尋找什麼，也知道你試過用哪些東西來填補那個空虛。祂預備的活水，是唯一能真正滿足你的。今天，你願意接受這杯水嗎？,我所賜的水要在他裏頭成為泉源，直湧到永生。《約翰福音4:14》
43約翰福音第05章,信仰,天父的兒子賜給你真正的生命和盼望,你是否曾在某個等候中感到麻木，等了那麼久，好像連盼望本身都枯萎了？畢士大池旁的病人躺了三十八年，耶穌問他：「你要痊癒嗎？」他的回答是疲憊的：「先生，水動的時候，沒有人把我放在池子裡。」耶穌沒有長篇道理，只說：「起來，拿你的褥子走吧。」那人立刻就好了。天父不需要你先準備好完美的信心，有時祂只是走到你面前，說一句話。你願意在今天站起來嗎？,耶穌對他說：「起來，拿你的褥子走吧。」《約翰福音5:8》
43約翰福音第06章,信仰,天父賜給你的生命之糧能填飽你內心最深的飢餓,你是否曾追求了很多東西，得到之後卻發現仍然空著，不明白自己真正缺乏的是什麼？耶穌用五餅二魚餵飽了五千人，眾人次日又來找祂，祂說：「你們找我，並不是因見了神蹟，乃是因吃餅得飽了。」然後說：「我是生命的糧。到我這裡來的，必定不餓；信我的，永遠不渴。」天父知道你真正的飢餓是什麼，那不是麵包能滿足的，而是與祂連結才能得著的生命。你今天願意來到這位生命之糧面前嗎？,耶穌說：「我是生命的糧，到我這裏來的，必定不餓；信我的，永遠不渴。」《約翰福音6:35》
43約翰福音第07章,信仰,天父的邀請在你最渴的時候向你敞開,你是否曾在生命某個空乏的階段，感到靈魂裡有一種說不清楚的乾渴，卻不知道要去哪裡尋找？住棚節最後一天，耶穌站在人群中大聲說：「人若渴了，可以到我這裡來喝！」天父的邀請，從來不挑時機，不挑場合，不挑你的狀態。你現在的渴，正是天父發出邀請的那個時刻。不要繞道而行，直接來到祂面前。,耶穌在末日，就是節期最末尾的那天，站着高聲說：「人若渴了，可以到我這裏來喝！」《約翰福音7:37》
43約翰福音第08章,信仰,天父的真理能讓你從一切捆綁中得自由,你是否正被某種習慣、某段關係、某個模式所捆綁，明知道不對卻走不出去？那些法利賽人拿著行淫拿獲的婦人來控告她，耶穌說：「你們中間誰是沒有罪的，誰就可以先拿石頭打她。」然後對那婦人說：「我也不定你的罪，去吧，從此不要再犯罪了。」這是接納，也是釋放。耶穌說：「你們必曉得真理，真理必叫你們得以自由。」天父的真理不是定罪，而是釋放的鑰匙。,你們必曉得真理，真理必叫你們得以自由。《約翰福音8:32》
43約翰福音第09章,信仰,天父在你的苦難中彰顯祂奇妙的作為,你是否曾問過：「我的苦難、我的殘缺，是誰的過錯？為什麼是我？」門徒看見生來瞎眼的人，問：「是他犯了罪，還是他父母犯了罪？」耶穌說：「也不是他犯了罪，也不是他父母犯了罪，乃是要在他身上顯出神的作為來。」天父沒有直接回答苦難的「為什麼」，而是把問題的方向改了——指向未來將要彰顯的事。你現在的痛苦，也可能正是天父要在你身上顯出祂作為的地方。,乃是要在他身上顯出神的作為來。《約翰福音9:3》
43約翰福音第10章,信仰,天父把你放在耶穌的手中，沒有人能奪走你,你是否曾在屬靈爭戰中感到恐懼，擔心自己的信仰會失敗，怕被仇敵奪走？耶穌說：「我的羊聽我的聲音，我也認識她們，她們也跟著我。我又賜給她們永生，她們永不滅亡；誰也不能從我手裏把她們奪去。我父比萬有都大，誰也不能從我父手裏把她們奪去。」天父的手握著你，耶穌的手也握著你——雙重的保守，沒有任何仇敵大過這兩隻手。你是安全的。,誰也不能從我父手裏把他們奪去。《約翰福音10:29》
43約翰福音第11章,信仰,天父在你最深的悲傷裡與你同哭，也帶來復活的能力,你是否曾帶著眼淚來到神面前，卻不確定祂是否真的感受到你的痛？拉撒路死了，馬利亞和馬大都哭泣，耶穌「看見她哭，並看見與她同來的猶太人也哭，就心裡悲歎，又甚憂愁」——「耶穌哭了。」這位說「復活在我，生命也在我」的主，在你痛苦面前沒有立刻跳到神學答案，而是先與你同哭。你的眼淚，天父都看見了，也都感受到了。,耶穌哭了。《約翰福音11:35》
43約翰福音第12章,奉獻,天父記念你每一個出於愛的全然給出,你是否曾為主做了一件旁人覺得「太過頭」的事，內心卻確確實實知道那是對的？馬利亞拿出一斤極貴的香膏，抹耶穌的腳，用自己的頭髮去擦，全屋充滿了香氣。猶大說那香膏為什麼不賣掉周濟窮人？耶穌說：「由她吧，她是為我安葬之日存留的。」天父不以世界的計算來衡量你的給出，祂看見的，是那份愛的動機和全然的傾倒。你今天願意打破什麼，讓那香氣充滿你所在的地方嗎？,屋裏就滿了香膏的氣味。《約翰福音12:3》
43約翰福音第13章,品格,天父要你用謙卑服事他人來彰顯祂的愛,你是否曾在群體裡，覺得自己的地位應該讓別人來服事你，卻被要求謙卑低下，心裡有些掙扎？耶穌在最後的晚餐前，起來，脫了衣服，拿了一條手巾束腰，跪下來為門徒洗腳——包括那個即將出賣祂的猶大。洗完之後說：「我是你們的主，你們的夫子，尚且洗你們的腳，你們也當彼此洗腳。」天父的愛，不是由上往下的命令，而是彎腰下來的服事。今天你願意為誰彎腰嗎？,我給你們作了榜樣，叫你們照着我向你們所做的去做。《約翰福音13:15》
43約翰福音第14章,信仰,天父為你預備了地方，你的心不必憂愁,你是否在面對未來的不確定時感到不安，不知道前面等著你的是什麼？耶穌對門徒說：「你們心裡不要憂愁，你們信神，也當信我。在我父的家裡有許多住處……我去原是為你們預備地方去。」然後說：「我是道路、真理、生命；若不藉着我，沒有人能到父那裏去。」天父不是讓你在黑暗中摸索，祂為你鋪好了路，預備了地方。你前面的路上，有天父為你準備好的每一步。不要憂愁，繼續走。,你們心裏不要憂愁；你們信神，也當信我。《約翰福音14:1》
43約翰福音第15章,信仰,天父修剪你，是為了讓你結出更多的果子,你是否曾在生命中遭遇某種失去或削減，感到困惑和疼痛，不明白天父為什麼讓這件事發生？耶穌說：「我父是栽培的人。凡屬我不結果子的枝子，他就剪去；凡結果子的，他就修理乾淨，使枝子結果子更多。」修剪不是懲罰，而是培育。你所經歷的那些「被削減」，天父知道每一刀的輕重，每一刀都是為了讓你長得更好。繼續住在葡萄樹上，那果子，必然要來。,我父是栽培的人……凡結果子的，他就修理乾淨，使枝子結果子更多。《約翰福音15:1-2》
43約翰福音第16章,信仰,天父賜下聖靈，在你最需要的時候引導你,你是否曾面對一個複雜的處境，不知道該怎麼辦，渴望有人能告訴你正確的方向？耶穌告訴門徒祂要離開，門徒心裡充滿憂愁。耶穌說：「我去是與你們有益的；我若不去，保惠師就不到你們這裡來。」保惠師就是聖靈，「真理的靈」，要引導你們進入一切的真理。天父不是讓你靠自己摸索，祂在你裡面住了一位引導者。今天你所面對的難題，聖靈在等待你讓祂開口說話。,只等真理的聖靈來了，他要引導你們明白（原文是進入）一切的真理。《約翰福音16:13》
43約翰福音第17章,禱告,天父聽見耶穌為你代禱，你永遠在祂心裡,你是否曾覺得自己太渺小，天父有那麼多更重要的事要處理，哪裡輪得到你？約翰福音第17章記載了耶穌被捕前的禱告。耶穌不只是為眼前的門徒禱告，祂說：「我不但為這些人祈求，也為那些因他們的話信我的人祈求。」——那些因門徒的見證而信的人，包括你。在那個最深重的時刻，耶穌想到的是你。天父的心，從來都包容著你。你從未在天父的眼中消失過。,我不但為這些人祈求，也為那些因他們的話信我的人祈求。《約翰福音17:20》
43約翰福音第18章,信仰,天父的計劃在最黑暗的夜裡仍在掌管你走的路,你是否曾眼看著計劃被打亂，被出賣、被拒絕，感覺一切失控，天父好像不在場？猶大帶著兵丁和差役來拿耶穌，耶穌走上前說：「你們找誰？」祂沒有逃跑，沒有驚慌，甚至說：「我父所給我喝的杯，我豈可不喝呢？」在那個看似最失控的夜裡，天父的計劃一步也沒有偏離。你今天所面對的最亂的處境，也在天父的掌管之中。祂知道你在哪裡，知道這一切要走向哪裡。,我父所給我喝的杯，我豈可不喝呢？《約翰福音18:11》
43約翰福音第19章,信仰,天父在耶穌的十字架上為你付上了一切的代價,你是否曾在某個深深感受到自己不配的時刻，不敢相信天父真的愛你到那個地步？耶穌被審判、被鞭打、被嘲弄、被釘在十字架上。在那一切的羞辱和痛苦中，祂仍然顧念祂的母親，把她托給約翰。最後說：「成了！」低下頭，將靈魂交付神。「成了」不是結束，而是完成——你的罪債，你與天父之間的隔絕，在那一刻被完全付清。你不配的，天父已經為你承擔了。,耶穌嚐了那醋，就說：「成了！」便低下頭，將靈魂交付神了。《約翰福音19:30》
43約翰福音第20章,信仰,天父的復活應許讓你有盼望迎接每一個明天,你是否曾在某個沉重的清晨，不知道今天能不能再站起來，眼淚已經流乾，只剩下茫然？馬利亞在空墳墓前哭泣，轉身卻看見了復活的耶穌，耶穌叫了她的名字：「馬利亞！」就這一聲，她認出了祂。天父差派復活的耶穌，第一個呼喚的是一個哭泣的女人。你的眼淚，天父也看見了。祂也知道你的名字，就在你最需要的那一刻。,耶穌說：「馬利亞！」馬利亞就轉過來，用希伯來話對他說：「拉波尼！」《約翰福音20:16》
43約翰福音第21章,服事,天父讓你的失敗成為更深愛祂、服事祂的起點,你是否曾在跌倒之後，不確定天父是否還能用你，或者是否還配擺在祂的服事裡？彼得三次不認主之後，回去打魚。但復活的耶穌在岸邊等他，不是來定罪，而是問了三次：「約翰的兒子西門，你愛我嗎？」然後說：「你餵養我的羊。」天父不是看你失敗的次數，而是看你現在對祂的愛。那個問題，今天也向你問：「你愛我嗎？」你的答案，就是你服事的起點。,耶穌說：「你餵養我的羊。」《約翰福音21:17》
44使徒行傳第01章,信仰,天父應許的聖靈讓你不必孤單等候,你是否曾在一個「等候」的季節裡感到不安，不知道要做什麼，也不確定等候的事情是否真的會發生？耶穌升天前對門徒說：「你們要在耶路撒冷等候父所應許的，就是你們聽見我說過的聖靈的洗。」等候，是需要信心的行動。門徒回到耶路撒冷，「都同心合意地恆切禱告」。他們不是消極地等，而是在禱告中一同等候。天父的應許，在你等候的時候也在成就。你今天的等候，並不是浪費，而是在為更大的事預備。,你們要等候父所應許的，就是你們聽見我說過的。《使徒行傳1:4》
44使徒行傳第02章,敬拜,天父的靈降臨讓你生命從內而外更新,你是否曾在信仰上覺得只是維持表面，沒有真實的生命力，渴望有什麼不一樣，卻不知道從哪裡開始？五旬節那天，聖靈降臨，門徒都被聖靈充滿，以方言說起話來。那個曾三次不認主的彼得，在聖靈充滿後，有了完全不同的生命力量。這不是人的教育能訓練出來的，而是天父的靈在人裡面做的事。你今天渴望的那種從內而外的更新，天父的靈能做到。,他們就都被聖靈充滿，按着聖靈所賜的口才說起別國的話來。《使徒行傳2:4》
44使徒行傳第03章,信仰,天父的能力超越你所能給予的，祂賜下更真實的東西,你是否曾在有需要的人面前，為自己能給的太少感到無力？彼得和約翰上殿，一個生來瘸腿的人向他們求錢。彼得說：「金銀我都沒有，只把我所有的給你：我奉拿撒勒人耶穌基督的名，叫你起來行走！」他拉著那人的右手，那人跳起來，讚美神。天父讓彼得給出的，比金錢更真實，比任何物質幫助更深入。你今天手上有的，或許不是金錢，而是天父名字的能力。這已經足夠。,彼得說：「金銀我都沒有，只把我所有的給你：我奉拿撒勒人耶穌基督的名，叫你起來行走！」《使徒行傳3:6》
44使徒行傳第04章,信仰,天父的名是你面對一切壓力時最穩固的立腳點,你是否曾在信仰受到壓力的處境下，不確定是否應該沉默，還是繼續說出你所信的？彼得和約翰被公會拿問，被命令不可再奉耶穌的名說話。彼得說：「聽從你們，不聽從神，這在神面前合理不合理，你們自己判斷吧。我們所看見所聽見的，不能不說。」他們被放了，回去與眾人同心禱告，地方震動，「他們就都被聖靈充滿，放膽講論神的道」。天父的名，在壓力下不會變小，在逼迫中不會失去力量。,除他以外，別無拯救；因為在天下人間，沒有賜下別的名，我們可以靠着得救。《使徒行傳4:12》
44使徒行傳第05章,品格,天父在你誠實面對祂的時候賜下更深的信任,你是否曾在奉獻或服事中，因為想要獲得人的肯定而有意無意地誇大了自己的付出？亞拿尼亞和撒非喇賣了田地，私自留下幾份，卻謊稱全部奉獻，彼得說：「你不是欺哄人，是欺哄神了。」天父不看你外在的給出，而看你內心的誠實。在天父面前假裝比真實的自己更好，比誠實地帶著不足來到祂面前更危險。天父接納誠實的你，而不是表演給祂看的你。,彼得說：「你們為什麼同心試探主的靈呢？」《使徒行傳5:9》
44使徒行傳第06章,服事,天父賜下有聖靈和智慧的人，裝備你完成呼召,你是否曾在服事中感到顧此失彼，想要做好每一件事，卻發現自己的時間和能力有限？教會人數增多，希利尼人的寡婦被忽略了。使徒們說：「我們廢棄神的道去管理飯食，原是不合宜的……你們當從眾人中選出七個有好名聲、被聖靈充滿、智慧充足的人，我們就派他們管理這事。」服事的智慧，包括認識自己的呼召，也包括讓其他有恩賜的人一同參與。天父給教會足夠的人，每一個人都有他的位置。,你們當從眾人中選出七個有好名聲、被聖靈充滿、智慧充足的人，我們就派他們管理這事。《使徒行傳6:3》
44使徒行傳第07章,信仰,天父在最極端的考驗中讓你看見天上的盼望,你是否曾在遭受不公正的對待時，心裡充滿憤怒和苦澀，不知道如何繼續？司提反在公會面前為信仰作了長篇見證，最後說：「我看見天開了，人子站在神的右邊。」眾人塞住耳朵，用石頭打他。他跪下呼喊：「主啊，不要將這罪歸於他們！」然後就死了。在最極端的痛苦中，司提反的眼睛是朝上的，他的心是開放的。天父在最黑暗的逼迫中，讓他看見了天上的景象。你面對的不公，天父都看見了。,司提反說：「我看見天開了，人子站在神的右邊。」《使徒行傳7:56》
44使徒行傳第08章,服事,天父帶領你在意想不到的地方遇見有需要的人,你是否曾覺得服事要有計劃、有場地、有資源，才能真正開始？腓利在撒馬利亞傳道，果效顯著；但天使吩咐他起來，往加薩的路上去。那是一條荒涼的路。在路上，他遇見了埃提阿伯的太監，正坐在車上讀以賽亞書，不明白。腓利跑近車，問：「你所念的，你明白嗎？」就一次偶遇，那太監信了主，受了洗，歡歡喜喜地走了路。天父帶你去的地方，不一定有舞台，卻常常有一個正在等候的靈魂。,腓利就開口，從這段聖經起，對他傳講耶穌。《使徒行傳8:35》
44使徒行傳第09章,悔改,天父能改變任何一個你以為不可能被改變的人,你是否曾對某個你愛的人失去盼望，覺得他們的心太硬、走得太遠，不可能回頭？掃羅是教會的大仇敵，逼迫基督徒，親眼見司提反被殺。在往大馬士革的路上，天上的光照在他身上，他撲倒在地，聽見耶穌的聲音。三天後，他的眼睛重新看見，起來受洗，立刻在會堂傳揚耶穌。沒有人比掃羅更不可能回頭，但天父的光照能照在任何一條路上。你為誰失去了盼望？把他放在天父的手裡吧。,掃羅起來，開了眼睛，竟不能看見什麼。《使徒行傳9:8》
44使徒行傳第10章,信仰,天父的眼光超越一切界限，祂呼召各樣的人包括你,你是否曾覺得某些人「不像基督徒」，或者你自己「不像那種神會使用的人」？哥尼流是羅馬的百夫長，一個外邦人，但「他和全家都敬畏神，多多周濟百姓，常常禱告神」。天使告訴他去找彼得，同時神給彼得異象，讓他明白「神所潔淨的，你不可當作俗物。」彼得來到哥尼流家，說：「我真看出神是不偏待人的。各國中，那敬畏他、行義的人都為他所悅納。」天父的眼光超越你的框架，祂的眼看見每一個渴慕祂的心。,我真看出神是不偏待人的。各國中，那敬畏他、行義的人都為他所悅納。《使徒行傳10:34-35》
44使徒行傳第11章,信仰,天父在意想不到的地方讓你的服事更新並廣傳,你是否曾在逼迫和困難中懷疑，這些苦難到底有什麼意義？司提反被殺之後，信徒四散，這看似是悲劇，卻成了福音傳播的契機。那些四散的人一路傳福音，「主與他們同在，信而歸主的人就很多了。」安提阿教會就這樣誕生，門徒在那裡第一次被稱為「基督徒」。天父有能力把逼迫變成傳播，把失散變成擴展。你今天所經歷的打散，也許正是天父在更廣的地方撒種的方式。,主與他們同在，信而歸主的人就很多了。《使徒行傳11:21》
44使徒行傳第12章,禱告,天父回應你守夜代禱的信心，做出超過你期待的事,你是否曾持續為一件事禱告，卻在天父回應的時候，反而因為驚訝而不敢相信？彼得被希律投入監裡，教會為他切切地禱告。天使把他從監裡帶出來，彼得來到那正在禱告的家門口，敲門。使女羅大認出彼得的聲音，「歡喜得顧不得開門」，跑進去告訴大家，眾人說：「你是瘋了」。他們為彼得禱告，卻不敢相信他真的被釋放了。天父回應禱告，有時快得讓我們來不及反應。繼續禱告，天父的回應，往往比你敢想像的更快。,教會卻為他切切地禱告神。《使徒行傳12:5》
44使徒行傳第13章,服事,天父在你敬拜的時候呼召你，差你出去,你是否曾在等候神帶領的過程中感到不確定，不知道天父什麼時候要發出那個清楚的呼召？安提阿教會正在事奉主、禁食禱告的時候，聖靈說：「要為我分派巴拿巴和掃羅，去做我召他們所做的工。」不是在策略討論會議中，而是在敬拜禁食的時候。天父的呼召，往往臨到那些正在親近祂的人。你不需要先制定一個完美的計劃，只需要繼續親近祂，聖靈自然會在適當的時候說：「為我去做這件事。」,他們事奉主、禁食的時候，聖靈說：「要為我分派巴拿巴和掃羅，去做我召他們所做的工。」《使徒行傳13:2》
44使徒行傳第14章,信仰,天父預備你在患難中進入祂的國，與你同行,你是否曾在苦難和挫折中質疑，這是否真的是神的旨意，還是自己走錯了路？保羅和巴拿巴在每座城傳福音，受到逼迫，卻繼續前進。他們回頭堅固各教會，說：「我們進入神的國，必須經歷許多艱難。」苦難不是信仰走錯路的記號，反而是進入神國的必經之路。天父沒有應許你的路沒有石頭，但祂與你同走在那條路上。在你的每一個艱難中，天父都在帶你更靠近祂的國。,我們進入神的國，必須經歷許多艱難。《使徒行傳14:22》
44使徒行傳第15章,智慧,天父在教會的分歧中引導你尋求真理和合一,你是否曾在教會或信仰群體中遭遇意見不同的爭論，不知道真理在哪裡，又不知道如何在堅持真理的同時保持合一？耶路撒冷會議討論外邦人是否需要受割禮才能得救，這是福音的核心問題。大家分享，聆聽，查閱聖經，最後由雅各做結論。最終寫信說：「因為聖靈和我們都以為……」聖靈的帶領與群體的智慧同行。天父在你的分歧中不缺席，祂在那個一同尋求的過程裡說話。,因為聖靈和我們都以為，除這要緊的事以外，不把別的重擔放在你們身上。《使徒行傳15:28》
44使徒行傳第16章,信仰,天父在你最黑暗的牢獄裡也能讓你唱出讚美,你是否曾在一個看似沒有出路的困境裡，感到全身都被鎖住，什麼也做不了？保羅和西拉被投進監牢，腳被固定在木狗裡。他們沒有絕望，「約在半夜，保羅和西拉禱告唱詩讚美神，眾囚犯也側耳而聽」。地震了，門都開了，鎖鏈都鬆了，看守人幾乎要自殺，保羅高聲說：「不要傷害自己，我們都在這裡！」然後那看守人全家都信了主。天父在你的牢獄裡，在等你開口讚美。,約在半夜，保羅和西拉禱告唱詩讚美神，眾囚犯也側耳而聽。《使徒行傳16:25》
44使徒行傳第17章,智慧,天父讓你在你所在的文化中找到通向福音的橋樑,你是否曾覺得要向你周圍的人傳福音太困難，因為他們的世界觀和你的太不同，不知道如何開口？保羅在雅典，看見滿城都是偶像，心裡著急。他沒有直接批判，而是在亞略巴古站起來說：「我看見你們所供奉的，有一座壇，上面寫著：未識之神。你們所不認識而敬拜的，我現在告訴你們。」從對方的文化框架切入，而非對抗。天父把你放在你的文化裡，是要你成為那個橋樑，找到通往福音的那扇門。,你們所不認識而敬拜的，我現在告訴你們。《使徒行傳17:23》
44使徒行傳第18章,信仰,天父在你疲憊想放棄的時候親自來鼓勵你,你是否曾在長期服事或禱告中感到灰心，好像努力了很久卻沒有果效，想要放棄？保羅在哥林多傳道，受到反對和謾罵，他轉向外邦人，但就在那個疲憊的時刻，主在夜間藉異象對他說：「不要怕，只管說，不要閉口；有我與你同在，沒有人要下手害你。」天父知道你什麼時候快要放棄了，祂會在那個時刻親自說話。今天，讓那句「不要怕」進到你心裡。,主在夜間藉異象對保羅說：「不要怕，只管說，不要閉口；有我與你同在，沒有人要下手害你。」《使徒行傳18:9-10》
44使徒行傳第19章,信仰,天父的道語傳開，在你周圍有能力地成長,你是否曾覺得自己在信仰上是孤單的，周圍沒有人在乎，覺得改變不了什麼？以弗所起初只有十二個門徒不完全明白聖靈，但保羅為他們施洗，按手，「聖靈便降在他們身上，他們就說方言，又說預言」。兩年後，「一切住在亞西亞的，無論是猶太人，是希利尼人，都聽見主的道」。天父的道，進入一個群體之後，有自己蔓延的力量。你的一份忠心，是那個力量的起點。,這樣，主的道大大興旺，而且得勝，廣傳開來。《使徒行傳19:20》
44使徒行傳第20章,領袖,天父呼召你牧養每一個祂用重價買來的生命,你是否曾在領袖或牧養的位置上感到沉重，不確定自己是否有能力照顧好那些交託在你手中的人？保羅對以弗所的長老說：「你們就當為自己謹慎，也為全群謹慎；因為聖靈立你們作全群的監督，叫你們牧養神的教會，就是他用自己血所買來的。」這份責任的重量，來自那個「用自己血買來」的代價。你手中的每一個生命，天父都珍視。這份呼召，讓你知道你並非孤單——天父與你同工。,聖靈立你們作全群的監督，叫你們牧養神的教會，就是他用自己血所買來的。《使徒行傳20:28》
44使徒行傳第21章,信仰,天父的旨意值得你在明知艱難的路上仍然前行,你是否曾面對一條你知道會很難走的路，周圍的人都在勸你不要去，你自己也害怕，卻感覺那就是天父的旨意？保羅往耶路撒冷去，先知亞迦布預言他將被捆綁，眾人「切切地勸他不要上耶路撒冷去」。保羅說：「你們為什麼這樣痛哭，使我心碎呢？我為主耶穌的名，不但被人捆綁，就是死在耶路撒冷也是願意的。」眾人說：「願主的旨意成就。」天父的旨意，有時需要你在心碎的勸阻中仍然踏出那一步。,我為主耶穌的名，不但被人捆綁，就是死在耶路撒冷也是願意的。《使徒行傳21:13》
44使徒行傳第22章,服事,天父讓你的見證成為你服事最有力的武器,你是否曾面對一個充滿敵意的聽眾，不知道說什麼能夠觸動他們的心？保羅被捉拿，站在人群中，用希伯來話說：「諸父兄，請聽我現在對你們分訴的話。」然後講述了他自己的故事——從逼迫者到被呼召者，從看見光到聽見耶穌說話。這不是神學辯論，而是一個真實的生命故事。天父給你最有力的見證材料，不是別人的故事，而是你自己的經歷。你的故事，就是你的服事。,我也曾做過官逼迫信奉這道的人，直到殺了他們。《使徒行傳22:4》
44使徒行傳第23章,信仰,天父在最險峻的夜裡親自站在你身旁鼓勵你,你是否曾在一個人生的危急關頭，四面受敵，感覺走投無路，孤立無援？保羅被公會審問，受到死亡威脅，超過四十人密謀要殺他，「當夜，主站在保羅旁邊說：放心吧！你怎樣在耶路撒冷為我作見證，也必怎樣在羅馬為我作見證。」最黑暗的那個夜，主親自站在他旁邊。天父不是在你順利的時候才出現，祂在最危急的夜裡站在你旁邊說：「放心吧。」那個聲音，今天也對你說。,當夜，主站在保羅旁邊說：「放心吧！」《使徒行傳23:11》
44使徒行傳第24章,品格,天父讓你在等候中持守清白的良心,你是否曾因為受到不公平的指控而憤怒，或者在漫長的等候中感到屈辱和無力？保羅被腓力斯關押，等候了兩年。他在腓力斯面前說：「我在神面前，並在眾人面前，時常勉勵自己，對神對人都沒有虧欠的良心。」兩年的等候，他沒有苦毒，沒有崩潰，靠的是那個「沒有虧欠的良心」。天父的眼目在等候中仍然看顧你。你現在所等候的那件事，保持良心清白，比急著翻轉局面更有分量。,我在神面前，並在眾人面前，時常勉勵自己，對神對人都沒有虧欠的良心。《使徒行傳24:16》
44使徒行傳第25章,信仰,天父在不合理的審判中仍然掌管你的方向,你是否曾遭遇不公正的對待，明明沒有做錯，卻被定罪、被限制，感覺投訴無門？保羅在腓斯都面前受審，沒有任何罪狀，腓斯都卻想討好猶太人。保羅說：「我上告於凱撒。」不是妥協，也不是爆發，而是在合法的框架內選擇了一個出路，那個出路恰好帶他到了羅馬——天父早就預備的終點站。天父在不公正的系統裡，仍然有辦法把你帶到祂所定的地方。,我上告於凱撒！《使徒行傳25:11》
44使徒行傳第26章,服事,天父呼召你把你所見所聽的告訴更多的人,你是否曾因為信仰而在他人面前感到尷尬，不知道如何開口說出你的信仰？保羅在亞基帕王面前侃侃而談，描述自己遇見復活的耶穌，說：「我所做的不過是聖先知所說，並摩西所說將來必成之事：就是基督必受害，並且因從死裏復活，要首先把光明的道傳給這百姓和外邦人。」天父讓你的見證有力量，不論聽眾是誰。你的生命故事，就是你今天最有力的見證。,我所做的，不過是聖先知所說，並摩西所說將來必成之事。《使徒行傳26:22》
44使徒行傳第27章,信仰,天父的保證讓你在最大的風浪中不失去盼望,你是否曾在一個極度危急的處境裡，感覺一切都在失控，「日月星辰多日不顯露，又有狂風大浪，我們得救的指望就都絕了」？保羅在船上，鼓勵眾人說：「你們放心，我信神所說的話，都必成就。」因為夜間有天使站在他旁邊說：「保羅，不要害怕……與你同船的人，神都賜給你了。」天父的應許，比任何一個風浪都更穩固。你現在的風浪再大，也大不過天父已經說過的那句話。,我信神，他怎樣對我說，事情也要怎樣成就。《使徒行傳27:25》
44使徒行傳第28章,未來,天父的福音在任何環境下都能前進，也透過你前進,你是否曾擔心，自己所處的環境限制太多，無法做出什麼有意義的貢獻？保羅被軟禁在羅馬，「整整兩年，在自己所租的房子裡住着，歡迎一切到他那裡來的人，放膽傳講神國的道，將主耶穌基督的事教導人，並沒有人禁止。」監獄、捆鎖、漫長的等候，都無法關住那個好消息。天父的福音，不受環境的制約；天父的計劃，不因人的設限而停止。你今天所在的地方，就是天父讓你展開服事的地方。,放膽傳講神國的道，將主耶穌基督的事教導人，並沒有人禁止。《使徒行傳28:31》
45羅馬書第01章,信仰,天父的福音是你生命改變的真實能力,你是否曾覺得自己的信仰只是一套道理，而不是真實改變人的力量？保羅說：「我不以福音為恥；這福音本是神的大能，要救一切相信的人。」福音不只是一個知識，而是一種能力——神介入人生命的方式。保羅也說：「其中有神的義，從信入信，正如經上所記：義人必因信得生。」天父要你知道的，不只是關於祂的正確觀念，而是祂活著的能力進入你生命的真實。今天，你願意讓這能力在你的生命裡動工嗎？,這福音本是神的大能，要救一切相信的，先是猶太人，後是希利尼人。《羅馬書1:16》
45羅馬書第02章,品格,天父看見你內心的真實，不只是外在的表現,你是否曾在外在的宗教表現上做得不錯，卻感覺內心與天父的距離並沒有因此縮短？保羅說，不是外表的割禮算得什麼，乃是心裡的割禮才算是真的。「稱讚不是從人來的，乃是從神來的。」外在的服從、禮拜、奉獻，如果心沒有同在，天父都看見。祂要的不是一個在人前保持形象的信徒，而是一個在暗中也誠實地面對祂的人。今天，你願意把那個「只有天父知道」的內心，在祂面前打開嗎？,那稱讚不是從人來的，乃是從神來的。《羅馬書2:29》
45羅馬書第03章,信仰,天父白白給你的稱義，是你無法靠自己掙得的恩典,你是否曾一直試圖靠自己的努力讓自己配得天父的愛，卻總是覺得不夠？保羅在這裡宣告了整本羅馬書的核心：「世人都犯了罪，虧缺了神的榮耀；如今卻蒙神的恩典，因基督耶穌的救贖，就白白地稱義。」「白白地」——不是靠行為，不是靠道德，不是靠努力，而是靠天父的恩典。你不需要先「夠格」才能被愛，天父的愛早在你夠格之前就給了。今天，讓這份白白的恩典真實地落在你心裡。,如今卻蒙神的恩典，因基督耶穌的救贖，就白白地稱義。《羅馬書3:24》
45羅馬書第04章,信仰,天父讓你的信心而非行為成為義的根基,你是否曾在疲憊中感到，是否只有做得足夠多才算是一個好基督徒？保羅舉亞伯拉罕為例：「亞伯拉罕信神，這就算為他的義。」不是他的行為，而是他的信。亞伯拉罕「不因信心軟弱，就細想自己將近百歲的身體，並撒拉已死的子宮……反倒因信，心裡得力，將榮耀歸給神。」信心不是忽視現實，而是在現實中仍然相信天父的應許。你的信，本身就是天父所看重的。,亞伯拉罕信神，這就算為他的義。《羅馬書4:3》
45羅馬書第05章,信仰,天父的愛在你最軟弱的時候傾倒在你心裡,你是否曾在苦難或軟弱中懷疑天父是否還愛你，覺得只有在狀態好的時候才配被愛？保羅說：「我們還軟弱的時候，基督就按所定的日期為罪人死。……惟有基督在我們還作罪人的時候為我們死，神的愛就在此向我們顯明了。」天父等的不是你準備好，而是在你最軟弱、最不配的時候，差遣基督來。「所賜給我們的聖靈將神的愛澆灌在我們心裡。」那份愛，今天仍然澆灌著你。,惟有基督在我們還作罪人的時候為我們死，神的愛就在此向我們顯明了。《羅馬書5:8》
45羅馬書第06章,悔改,天父讓你在基督裡死而復活，與罪的捆綁決裂,你是否曾在某個罪的模式裡掙扎，明知不對卻走不出去，感到絕望？保羅說：「我們知道，我們的舊人和他同釘十字架，使罪身滅絕，叫我們不再作罪的奴僕；因為已死的人，是脫離了罪。」你在基督裡的身份，是一個已經死過、已經復活的人。罪對你沒有主權，不是因為你夠努力，而是因為你的身份已經改變了。你不再是罪的奴隸——天父在你受洗那天已經宣告了你的自由。今天，用這個真實的身份站立起來。,這樣，你們向罪也當看自己是死的；向神在基督耶穌裏，卻當看自己是活的。《羅馬書6:11》
45羅馬書第07章,信仰,天父在你裡外的掙扎中仍然是你的拯救者,你是否曾有這樣的掙扎：「我所願意的，我並不做；我所恨惡的，我倒去做」，然後對自己感到絕望？保羅在這裡說出了幾乎每個信徒都有過的內心掙扎。他不是在假裝沒有這份掙扎，而是真實地說出來。然後他說：「我真是苦啊！誰能救我脫離這取死的身體呢？感謝神！靠着我們的主耶穌基督就能脫離了。」掙扎不是信仰失敗的記號，而是一個渴望更新的心仍然活著的記號。天父在你的掙扎裡，是那位拯救你的神。,感謝神！靠着我們的主耶穌基督就能脫離了。《羅馬書7:25》
45羅馬書第08章,信仰,天父讓萬事都互相效力，成就你的益處,你是否曾在生命中某個破碎或失去的時刻，找不到任何意義，只覺得那是純粹的損失？保羅說：「我們曉得萬事都互相效力，叫愛神的人得益處，就是按他旨意被召的人。」不是說每件事本身都是好的，而是說天父有能力讓所有的事，包括那些痛苦的、不公正的、破碎的，都在祂的手中成為你益處的材料。然後保羅宣告：「誰能使我們與基督的愛隔絕呢？」沒有什麼能做到。天父的愛，比你所遭遇的一切都更大。,我們曉得萬事都互相效力，叫愛神的人得益處，就是按他旨意被召的人。《羅馬書8:28》
45羅馬書第09章,信仰,天父的揀選與憐憫超過人的理解，讓你在謙卑中信靠祂,你是否曾對天父的作為感到困惑，為什麼有些事情的走向不符合你的期待？保羅面對以色列人拒絕福音這個困難的問題，沒有給出簡單的答案，而是說：「窯匠難道沒有權柄，從一團泥裡拿一塊作成貴重的器皿，又拿一塊作成卑賤的器皿嗎？」天父是那位創造者，祂的計劃超過我們的理解。保羅也感嘆：「神啊，你的判斷何其難測！你的蹤跡何其難尋！」謙卑地信靠一位你不能完全明白的天父，本身就是信仰的深度。,這樣，神要憐憫誰，就憐憫誰；要叫誰剛硬，就叫誰剛硬。《羅馬書9:18》
45羅馬書第10章,服事,天父讓你的口成為傳遞好消息的管道,你是否曾在想到要向人傳福音時感到退縮，不知道從何開始，也怕說錯什麼？保羅說：「你若口裡認耶穌為主，心裡信神叫他從死裡復活，就必得救。」然後問：「若沒有傳道的，他們怎能聽見呢？若沒有奉差遣，怎能傳道呢？正如經上所記，那傳好消息之人的腳蹤何等佳美！」天父把你的口放在祂計劃裡的一個重要位置上——你傳出那個好消息，有人就因此能聽見。你不需要完美，只需要開口。,那傳好消息之人的腳蹤何等佳美！《羅馬書10:15》
45羅馬書第11章,敬拜,天父的智慧與豐富讓你只能俯伏讚美,你是否曾在試圖理解天父的計劃時，越想越感到茫然，甚至有些沮喪？保羅在論述了天父對以色列和外邦人的救贖計劃之後，沒有給出一個整齊的系統答案，而是爆發出讚美：「深哉，神豐富的智慧和知識！他的判斷何其難測！他的蹤跡何其難尋！……萬有都是本於他，倚靠他，歸於他。願榮耀歸給他，直到永遠。阿們。」有時，在信仰最深處的回應不是答案，而是讚美。天父的偉大，讓你唯有俯伏。,萬有都是本於他，倚靠他，歸於他。願榮耀歸給他，直到永遠。阿們！《羅馬書11:36》
45羅馬書第12章,品格,天父要你用更新的心思分辨並活出祂的旨意,你是否曾在信仰與日常生活之間感到分裂，在教會裡是一個樣子，回到日常又恢復原來的模式？保羅說：「不要效法這個世界，只要心意更新而變化，叫你們察驗何為神善良、純全可喜悅的旨意。」這更新不是一次性的，而是持續的。它從心思開始，然後流出到你如何對待仇敵、如何在教會裡彼此服事、如何面對苦難。天父要的信仰，不是週日限定的，而是在每一個日常決定中都帶著更新的心思去活。,不要效法這個世界，只要心意更新而變化，叫你們察驗何為神善良、純全可喜悅的旨意。《羅馬書12:2》
45羅馬書第13章,品格,天父讓你以愛成全律法，活出光的樣式,你是否曾在複雜的社會規範和道德問題面前感到困惑，不知道基督徒的生活應該是什麼樣子？保羅說，愛是律法的總結：「愛是不加害於人的，所以愛就完全了律法。」然後說：「我們應當脫去暗昧的行為，帶上光明的兵器……總要穿上主耶穌基督，不要為肉體安排，去放縱私慾。」你的道德羅盤，是愛；你的力量，是穿上基督。天父不給你一張清單，而是給你一個生命的方向：愛，然後活在光裡。,愛是不加害於人的，所以愛就完全了律法。《羅馬書13:10》
45羅馬書第14章,品格,天父讓你在不同意的弟兄面前學習接納而非論斷,你是否曾因為信仰觀念或實踐方式與其他基督徒不同，而陷入批評或被批評的處境？保羅說，在無關救恩的事情上，「信心軟弱的人，你們要接納，但不要辯論所疑惑的事」。然後說：「你為什麼論斷弟兄呢？每一個人都要在神面前交帳。」「所以，我們不可再彼此論斷，寧可定意，誰也不給弟兄放下絆腳跌人之物。」天父的國不是論斷場，而是接納的地方。接納弟兄，就是在活出天父的性情。,"你為什麼論斷弟兄呢？……我們各人必要將自己的事在神面前說明。《羅馬書14:10,12》"
45羅馬書第15章,未來,天父的應許充滿你，讓你在等候中滿有盼望,你是否曾在漫長的等候或疲憊的服事中，感到盼望逐漸消退，不知道還能撐多久？保羅在這章結尾有一個美麗的祝福：「但願賜盼望的神，因信將諸般的喜樂平安充滿你們的心，使你們藉着聖靈的能力大有盼望！」「賜盼望的神」——盼望本身是天父給的，不是你靠自己製造的。你今天的盼望不需要靠意志力撐住，天父是盼望的源頭，祂能把盼望重新注入你乾涸的心裡。你只需要再次轉向那位賜盼望的神。,但願賜盼望的神，因信將諸般的喜樂平安充滿你們的心，使你們藉着聖靈的能力大有盼望！《羅馬書15:13》
45羅馬書第16章,服事,天父記念你每一個在祂國度裡忠心擺上的服事,你是否曾在不被注意的位置默默服事，心裡有時想：「有人記得我嗎？我做的這些有意義嗎？」羅馬書第16章是保羅對一個個名字的問候——非比、百基拉和亞居拉、馬利亞、安多尼古……每一個名字背後都是一個真實的服事故事。保羅說：「他們在主裡多多勞苦。」天父的記憶不像人的記憶，祂不會遺忘任何一個在祂國度裡擺上的名字。你的名字，也在天父的心裡。,問百基拉和亞居拉安，他們在基督耶穌裏與我同工，也為我的命將自己的頸項置之度外。《羅馬書16:3-4》
46哥林多前書第01章,智慧,天父揀選你不是因你的智慧，而是彰顯祂的智慧,你是否曾因為覺得自己不夠聰明、不夠有才幹而懷疑天父能否使用你？保羅說：「神揀選了世上愚拙的，叫有智慧的羞愧；又揀選了世上軟弱的，叫那強壯的羞愧。神揀選了世上卑賤的，被人厭惡的，以及那無有的，為要廢掉那有的。」天父的揀選邏輯，不按人的標準。祂選你，不是因為你的條件好，而是因為祂的恩典。你越是知道自己不夠，就越能讓天父的榮耀在你身上顯明。,神揀選了世上愚拙的，叫有智慧的羞愧；又揀選了世上軟弱的，叫那強壯的羞愧。《哥林多前書1:27》
46哥林多前書第02章,智慧,天父藉聖靈讓你明白祂為你所預備的奇妙心意,你是否曾在讀聖經或聽道時感到困惑，好像那些話是在說另一個世界的事，沒辦法真正進入你的心？保羅說：「神的事，除了神的靈，也沒有人知道。我們所領受的，並不是世上的靈，乃是從神來的靈，叫我們能知道神開恩賜給我們的事。」屬靈的事要用屬靈的眼光辨別。神的深奧，不是靠人的智慧去分析，而是靠聖靈去啟示。「但我們有基督的心了。」天父把祂心思的鑰匙給了你，就是住在你裡面的聖靈。,我們所領受的，並不是世上的靈，乃是從神來的靈，叫我們能知道神開恩賜給我們的事。《哥林多前書2:12》
46哥林多前書第03章,服事,天父讓你在祂的工程裡盡你的本分，結果歸祂,你是否曾把服事的成效或果效當作自己的成就，或者相反，因為沒有果效而覺得自己失敗？保羅說：「我栽種了，亞波羅澆灌了，惟有神叫他生長。可見栽種的算不得什麼，澆灌的也算不得什麼，只在那叫他生長的神。」你的角色是忠心栽種和澆灌，生長是天父的事。你不需要為了果效焦慮，也不需要因為看不見成長而沮喪。忠心做你今天手上的事，天父會讓種子在祂的時間生長。,我栽種了，亞波羅澆灌了，惟有神叫他生長。《哥林多前書3:6》
46哥林多前書第04章,品格,天父是你最終的審判者，不是人的評論,你是否曾非常在乎別人對你的評價，甚至讓人的批評或稱讚影響了你服事的方向？保羅說：「我被你們論斷，或被別人論斷，我都以為極小的事；連我自己也不論斷自己……判斷我的乃是主。」然後說：「所以，時候未到，什麼都不要論斷，只等主來，他要照出暗中的隱情，顯明人心的意念。那時各人要從神那裡得着稱讚。」天父的稱讚，才是最有重量的評估。今天，把你的服事從人的眼光中解放出來，做給天父看。,判斷我的乃是主。《哥林多前書4:4》
46哥林多前書第05章,品格,天父在意祂教會的純潔，也邀請你持守你的聖潔,你是否曾在群體中對明顯的罪保持沉默，因為怕傷害關係、怕被說是論斷，卻在心裡感到不安？保羅嚴肅地說，教會中有人犯了罪，眾人卻「自高自大，並不哀痛」，要把舊的酵除掉。「因為基督我們逾越節的羔羊已經被殺獻祭了，所以我們守這節不可用舊酵，也不可用惡毒、邪惡的酵，只用誠實、真正的無酵餅。」天父不要一個假裝沒事的群體，而是一個真實面對罪、彼此負責的群體。聖潔不是孤立，而是群體一同持守的邀請。,你們既是無酵的麵，應當把舊酵除淨，好使你們成為新團。《哥林多前書5:7》
46哥林多前書第06章,品格,天父讓你的身體成為聖靈的殿，值得被珍重,你是否曾覺得身體的事和屬靈無關，在健康、睡眠等方面並不思考天父的心意？保羅說：「你們的身子是基督的肢體。」又說：「你們的身子就是聖靈的殿，這聖靈是從神而來，住在你們裏頭的，並且你們不是自己的人。因為你們是重價買來的，所以要在你們的身子上榮耀神。」你的身體不只是你自己的，它是天父的殿。如何使用它、如何照顧它，都是一種屬靈的決定。今天，以這個眼光看你的身體。,你們的身子就是聖靈的殿，這聖靈是從神而來，住在你們裏頭的。《哥林多前書6:19》
46哥林多前書第07章,婚姻,天父在你婚姻或單身的處境裡都有祂的心意,你是否曾對自己的婚姻狀態感到困惑——已婚的覺得不自由，未婚的覺得不完整，都在問天父的旨意是什麼？保羅說，已婚者要彼此相愛、彼此給予；單身者可以更專心事奉主。他的意思不是哪個狀態更優越，而是「各人蒙召的時候是什麼身分，仍要守住那身分」。天父在你現在的處境裡，不論婚姻狀態如何，都有祂的托付。不要讓婚姻狀態成為你是否能全心事奉的障礙，而是讓它成為你服事的場域。,各人蒙召的時候是什麼身分，仍要守住那身分。《哥林多前書7:20》
46哥林多前書第08章,品格,天父讓你用愛來使用你的自由，不要成為軟弱者的絆腳石,你是否曾堅持自己在某件事上的自由，卻沒有注意到你的行為正在讓旁邊信心較軟弱的人受傷？保羅說，知識叫人自高自大，惟有愛心能造就人。你有自由，但「你們的自由，竟成了那軟弱人的絆腳石。」因此，保羅說：「若有食物叫我弟兄跌倒，我就永遠不吃肉，免得叫我弟兄跌倒了。」天父給你的自由，不是為了讓你更高，而是為了讓你能夠更有能力去愛和托住旁邊的人。,知識是叫人自高自大，惟有愛心能造就人。《哥林多前書8:1》
46哥林多前書第09章,服事,天父讓你為福音放下自己的權利，成為眾人的僕人,你是否曾在服事中緊守自己應得的權利，卻因此錯失了一些能夠真正觸動人的機會？保羅說，他有傳道者應得的供養權利，但他沒有用過這權利。「我傳福音原沒有可誇的……我雖是自由的，無人轄管；然而我甘心作眾人的僕人，為要多得人。」為了更有效地帶領不同的人認識基督，保羅甘願放下原本可以主張的權利。天父邀請你問一個問題：我願意為了多得人，放下我的哪些「我應得」？,向什麼樣的人，我就作什麼樣的人。無論如何，總要救些人。《哥林多前書9:22》
46哥林多前書第10章,信仰,天父在你受試探的時候預備了出路,你是否曾在試探中感到束手無策，覺得自己一定會跌倒，好像沒有辦法不犯那個罪？保羅說：「你們所遇見的試探，無非是人所能受的；神是信實的，必不叫你們受試探過於所能受的，在受試探的時候，總要給你們開一條出路，叫你們能忍受得住。」這不是說試探不強，而是說天父在每一個試探裡都準備了一扇門。你不是被困住了，而是有一條出路在那裡。今天，去找那扇天父已經為你準備好的門。,神是信實的，必不叫你們受試探過於所能受的，在受試探的時候，總要給你們開一條出路。《哥林多前書10:13》
46哥林多前書第11章,敬拜,天父要你領聖餐時帶著真實的心記念基督的犧牲,你是否曾在領聖餐時只是習慣性地吃餅喝杯，沒有太多感動，甚至心思飄到別處？保羅說，哥林多人領聖餐的方式出了問題，有人吃喝「不分辨是主的身體」。他提醒他們，每次領聖餐都是「紀念主的死，直等到他來」。聖餐不是儀式，而是一個讓你再一次站在十字架前的時刻——那個為你擘開的身體，那個為你流出的血。天父在這個記念裡等候你帶著感恩和真實的心，重新領受那無限的恩典。,你們每逢吃這餅，喝這杯，是表明主的死，直等到他來。《哥林多前書11:26》
46哥林多前書第12章,服事,天父賜給你獨特的恩賜，你在肢體裡不可或缺,你是否曾在教會裡覺得自己的恩賜不重要，比不上那些在台上的、有明顯恩賜的人？保羅說，身子是一個，肢體是多個，「那些看上去軟弱的肢體，更是不可少的。」眼不能對手說「我用不著你」，頭也不能對腳說「我用不著你」。天父安排了每一個肢體，沒有一個是多餘的，也沒有一個是次要的。你的恩賜，不管多麼不顯眼，都是天父放在身體裡不可缺少的一部分。今天，以這個眼光看你自己和旁邊的弟兄姊妹。,這樣，眼不能對手說，我用不著你；頭也不能對腳說，我用不著你。《哥林多前書12:21》
46哥林多前書第13章,品格,天父讓愛成為你一切服事和生命的根基,你是否曾在服事中有口才、有恩賜、有知識，卻在某個時刻感到空洞，不確定自己做的這一切到底有沒有意義？保羅說：「我若能說萬人的方言，並天使的話語，卻沒有愛，我就成了鳴的鑼，響的鈸一般……我若有先知講道之能，也明白各事各理……卻沒有愛，我就算不得什麼。」所有的事奉，若沒有愛做根基，在天父眼中都是空的。不是讓你放棄恩賜，而是先回到愛的起點。愛，是天父給你最大的命令，也是最穩固的根基。,我若能說萬人的方言，並天使的話語，卻沒有愛，我就成了鳴的鑼，響的鈸一般。《哥林多前書13:1》
46哥林多前書第14章,服事,天父賜的恩賜是為了造就你旁邊的人，不是展示自己,你是否曾在服事中不自覺地把焦點放在展示自己的恩賜，而不是造就他人？保羅說，在教會裡，說預言比說方言更有益，因為說預言是「講說造就、安慰、勸勉的話給人聽」。他說：「況且弟兄們，我到你們那裏去，若只說方言，不用啟示，或知識，或預言，或教訓，給你們講解，我與你們有什麼益處呢？」恩賜不是給你的獎章，而是給你的工具，是天父透過你去建造別人的方式。今天，問問自己：我的服事，是在造就人還是在展示自己？,所以你們也是如此，既然切慕屬靈的恩賜，就當求多得造就教會的恩賜。《哥林多前書14:12》
46哥林多前書第15章,未來,天父讓基督的復活成為你生命盼望的根基,你是否曾懷疑復活這件事是否真實，或者在面對死亡時感到恐懼，不確定前面有什麼？保羅說，如果基督沒有復活，我們的信就是枉然的，我們是最可憐的人。但他宣告：「但基督已經從死裏復活，成為睡了之人初熟的果子。」然後說：「死啊，你得勝的權勢在哪裏呢？死啊，你的毒鉤在哪裏呢？……感謝神，使我們藉着我們的主耶穌基督得勝！」基督的復活，是真實的歷史事件，也是你最深盼望的根基。死亡，已經被天父打敗了。,死啊，你得勝的權勢在哪裏呢？死啊，你的毒鉤在哪裏呢？《哥林多前書15:55》
46哥林多前書第16章,奉獻,天父讓你甘心、有計劃地給出，成為祝福的管道,你是否曾在奉獻上缺乏規律，等到有餘才想到給，卻往往覺得「這個月實在不夠」？保羅說：「每逢七日的第一日，各人要照自己的進項抽出來留着，免得我來的時候現湊。」奉獻不是等到你覺得夠了才給，而是一個計劃性的、恆常的屬靈操練。不論多少，有計劃地給出，是一種對天父供應的信心宣告。天父不需要你先有很多才開始給，祂看的是你是否願意在自己的有限裡，先把一份給出去。,每逢七日的第一日，各人要照自己的進項抽出來留着，免得我來的時候現湊。《哥林多前書16:2》
47哥林多後書第01章,信仰,天父在你的苦難裡安慰你，使你能安慰別人,你是否曾在苦難中問：「這到底有什麼意義？」保羅說：「讚美那施憐憫的父、賜各種安慰的神！他在我們一切患難中安慰我們，叫我們能用神所賜的安慰，去安慰那遭各樣患難的人。」你所經歷的苦難，不是沒有目的的。天父在其中安慰你，而那份安慰，成了你日後能夠真實地安慰別人的材料。你流過的眼淚、走過的低谷，都成了你服事的資本。天父的安慰，不只是給你自己的，而是透過你流向更多人的。,他在我們一切患難中安慰我們，叫我們能用神所賜的安慰去安慰那遭各樣患難的人。《哥林多後書1:4》
47哥林多後書第02章,品格,天父讓你的生命成為基督香氣，飄散在你所到之處,你是否曾覺得自己的信仰生命沒有什麼影響力，在人群中默默無聞，不知道自己是否真的帶給別人什麼？保羅說：「感謝神！常率領我們在基督裏誇勝，並藉着我們在各處顯揚那因認識基督而有的香氣。因為我們在神面前，無論在得救的人身上，或滅亡的人身上，都有基督馨香之氣。」你不需要大聲宣揚，你的生命本身，帶著認識基督的香氣，在你所到之處飄散。天父讓你的存在本身，就是一種見證。,我們在神面前，無論在得救的人身上，或滅亡的人身上，都有基督馨香之氣。《哥林多後書2:15》
47哥林多後書第03章,信仰,天父讓你在揭開面紗的自由裡，被祂榮光改變,你是否曾在讀聖經時感到心裡蒙著一層障礙，讀了卻沒有感動，覺得話語沒有進到心裡？保羅說，以色列人讀摩西書有帕子遮蓋，讓他們看不清楚。「但他們的心地，直到今日，每逢誦讀舊約的時候，同樣的帕子還沒有揭去。」但「人幾時歸向主，帕子就幾時除去了……主的靈在哪裏，那裏就得以自由。」向主敞開，是帕子揭去的關鍵。今天，帶著一顆敞開的心來到祂話語面前，讓那榮光照進來。,人幾時歸向主，帕子就幾時除去了。《哥林多後書3:16》
47哥林多後書第04章,信仰,天父在你外表消損的時候讓你內心一天新似一天,你是否曾在身體的疲憊、生活的消耗、服事的挫折中感到內心也被掏空，不知道還能堅持多久？保羅說：「所以，我們不喪膽。外體雖然毀壞，內心卻一天新似一天。我們這至暫至輕的苦楚，要為我們成就極重無比、永遠的榮耀。原來我們不是顧念所見的，乃是顧念所不見的；因為所見的是暫時的，所不見的是永遠的。」天父每一天都在更新你的內心，就算外表看不出來，那個「一天新似一天」正在發生。,外體雖然毀壞，內心卻一天新似一天。《哥林多後書4:16》
47哥林多後書第05章,未來,天父讓你在基督裡成為新造的人，舊事已過,你是否曾被過去的自己困住，總是回望舊日的罪、舊日的傷，覺得那些事讓你無法真正成為新人？保羅說：「若有人在基督裏，他就是新造的人，舊事已過，都變成新的了。」這不是說記憶消失，而是說那個記憶對你的定義已經改變了。天父藉着基督「叫世人與自己和好，不將他們的過犯歸到他們身上」。你的舊事，在基督裡已經不再定義你的身份。你是新的，今天，你可以以這個新的身份起來行走。,若有人在基督裏，他就是新造的人，舊事已過，都變成新的了。《哥林多後書5:17》
47哥林多後書第06章,信仰,天父在你艱難的服事中是你的依靠和寬廣之地,你是否曾在服事中面對多方的艱難——外在的逼迫、內在的疲憊、人的誤解——不知道還能支撐多久？保羅列了他所遭遇的各種苦難：患難、窘迫、鞭打、監禁、勞苦……但他說這一切都沒有使他喪膽。然後他說：「我們向你們心是寬大的。」天父在逼仄的處境中給保羅一顆寬廣的心，也能給你。今天，在最逼仄的地方，讓天父把你的心變得寬大起來。,我們在各事上，表明自己是神的用人。《哥林多後書6:4》
47哥林多後書第07章,悔改,天父讓你的憂愁成為悔改的起點，而非自責的深坑,你是否曾在犯罪或失敗之後，深陷在自責的痛苦中，不知道那種憂愁到底是悔改還是自我折磨？保羅說：「依着神的意思憂愁，就生出沒有後悔的懊悔來，以致得救；但世俗的憂愁是叫人死的。」依神而行的憂愁，讓人改變方向、得到釋放；世俗的憂愁，只是反覆地定自己的罪，卻沒有走向轉變。天父不要你在懊悔裡打轉，而是讓那懊悔成為你轉身的力量。你的悔改，天父喜悅；讓它帶你前進，而不是把你拉回去。,依着神的意思憂愁，就生出沒有後悔的懊悔來，以致得救。《哥林多後書7:10》
47哥林多後書第08章,奉獻,天父讓你先把自己獻上，然後一切的給出都有了意義,你是否曾在奉獻上感到掙扎，覺得動力不足，或者覺得自己奉獻是義務而不是喜悅？保羅提到馬其頓教會的榜樣：在「極窮之中還格外顯出他們樂捐的厚恩」，而且他們「先把自己獻給主」。一切奉獻，最核心的不是數字，而是先把自己交給天父。當你把自己獻上，奉獻就不再是割捨，而是喜樂地參與天父的工作。保羅說：「現在你們在這件事上也要以行動顯明你們的愛心是真實的。」,並且他們所做的，不但照我們所想望的，更照神的旨意先把自己獻給主。《哥林多後書8:5》
47哥林多後書第09章,財務,天父讓你甘心給出，在祂的豐富裡蒙福,你是否曾在考量奉獻時，心裡帶著一種「給出去就少了」的計算，讓奉獻成為一件有些沉重的事？保羅說：「各人要隨本心所酌定的，不要作難，不要勉強，因為捐得樂意的人是神所喜愛的。神能將各樣的恩惠多多地加給你們，使你們凡事常常充足，能多行各樣善事。」天父的供應，不是因為你保留才充足，而是因為你甘心給出才更豐富。「那賜種給撒種的，賜糧給人吃的，必多多加給你們種地的種子，又增添你們仁義的果子。」,捐得樂意的人是神所喜愛的。《哥林多後書9:7》
47哥林多後書第10章,信仰,天父賜給你屬靈的武器，能攻破一切轄制你的堅固營壘,你是否曾感到某些思想或恐懼就像一道牆，牢牢地困住你，靠人的力量和分析打不破？保羅說：「我們爭戰的兵器，本不是屬血氣的，乃是在神面前有能力，可以攻破堅固的營壘，將各樣的計謀，各樣攔阻人認識神的那些自高之事，一概攻破了，又將人所有的心意奪回，使他都順服基督。」你面對的那道牆，不是靠你更努力就能打破的，而是靠神的能力。今天，帶著那個難解的困境到天父面前，讓祂的武器來攻破。,我們爭戰的兵器，本不是屬血氣的，乃是在神面前有能力，可以攻破堅固的營壘。《哥林多後書10:4》
47哥林多後書第11章,服事,天父讓你的軟弱成為你對祂更深信靠的理由,你是否曾在服事中感到力不從心，又看見其他人似乎能幹許多，讓你懷疑自己是否適合？保羅列出他所經歷的艱難：鞭打三次、被石頭打、三次船壞、常在危難中……然後說：「除了別的事，還有為眾教會掛心的事，天天壓在我身上。有誰軟弱，我不軟弱呢？」保羅的強壯，不是因為他沒有軟弱，而是因為他在軟弱中持守。你的軟弱，不是你失格的理由，而是你更深倚靠天父的邀請。,有誰軟弱，我不軟弱呢？有誰跌倒，我不心焦呢？《哥林多後書11:29》
47哥林多後書第12章,信仰,天父在你的軟弱中彰顯祂的能力和恩典,你是否曾為某個長期的限制、痛苦或軟弱求神除去，卻一直沒有被移走，開始懷疑天父是否真的在乎？保羅有一根「刺」在身上，三次求主挪去，主說：「我的恩典夠你用的，因為我的能力是在人的軟弱上顯得完全。」保羅說：「我更喜歡誇自己的軟弱，好叫基督的能力覆庇我。」那個沒有被除去的，反而成了天父能力最真實的顯現之處。你的那根刺，或許正是天父最願意顯現祂能力的地方。,我的恩典夠你用的，因為我的能力是在人的軟弱上顯得完全。《哥林多後書12:9》
47哥林多後書第13章,信仰,天父讓你在信仰中省察自己，確認基督住在你心裡,你是否曾停下來認真問自己：「我真的在信仰嗎？基督真的住在我心裡嗎？」這不是要讓你懷疑，而是邀請你去確認一件最真實的事。保羅說：「你們要省察自己，看看自己是否在信仰中，也要試驗自己；你們焉能不知道耶穌基督在你們心裡呢？除非你們是可棄絕的人。」省察不是自我折磨，而是讓你更清楚地落實在「基督住在我裡面」這個真實裡。天父邀請你今天把這個問題好好地帶到祂面前。,你們要省察自己，看看自己是否在信仰中，也要試驗自己。《哥林多後書13:5》
48加拉太書第01章,信仰,天父的福音是唯一真實的，不可被你接受以外的替換,你是否曾在不同的聲音中困惑，不確定哪個才是真正的福音，或者被告知「你還需要多做什麼才算是真的基督徒」？保羅說：「我希奇你們這麼快離開那藉着基督之恩召你們的，去從別的福音。那並不是福音，不過有些人攪擾你們，要把基督的福音更改了。」天父給你的福音，是完整的、不需要添加的。你靠恩典得救，不需要加上任何條件。,那並不是福音，不過有些人攪擾你們，要把基督的福音更改了。《加拉太書1:7》
48加拉太書第02章,信仰,天父讓你的生命是基督在你裡面活著，不是靠律法維持,你是否曾在信仰的實踐上，靠的是努力遵守規條，而不是在與基督的關係中行走，卻又感到疲憊？保羅說：「我已經與基督同釘十字架，現在活着的，不再是我，乃是基督在我裏面活着；並且我如今在肉身活着，是因信神的兒子而活，他是愛我，為我捨己。」信仰不是靠規條維持的表演，而是「基督在我裡面」的真實。你的生命力，不來自你有多努力，而來自基督在你裡面的生命。今天，讓祂更深地在你裡面活著。,現在活着的，不再是我，乃是基督在我裏面活着。《加拉太書2:20》
48加拉太書第03章,信仰,天父讓你靠信心得着應許，不靠行為掙得,你是否曾覺得自己的靈命進步太慢，為此感到焦慮，不斷嘗試用更多的努力來彌補？保羅問加拉太人：「你們受聖靈，是因行律法呢？是因聽信福音呢？」恩典不是努力掙來的。亞伯拉罕因信稱義，他的後裔靠信心得著應許。你靈命的成長，首先不是靠更努力，而是靠更深地信靠那個已經完成一切的基督。你在基督裡是神的兒子，那是靠信心得來的身份。,這樣，你們因信基督耶穌，都是神的兒子。《加拉太書3:26》
48加拉太書第04章,信仰,天父讓你從奴僕的恐懼走進兒子的親密,你是否曾在禱告中感到疏遠，好像在對一位遙遠的法官說話，而不是對一位父親傾訴？保羅說，在基督以前，我們在律法之下像小孩子受管束；但「及至時候滿足，神就差遣他的兒子降世……為要使我們得着兒子的名分……神又差他兒子的靈進入你們的心，呼叫：阿爸！父！可見，你已經不是奴僕，乃是兒子了。」「阿爸！父！」——這不是正式的宗教用語，而是孩子對父親親密的呼喚。你今天可以這樣稱呼天父。,神又差他兒子的靈進入你們的心，呼叫：「阿爸！父！」《加拉太書4:6》
48加拉太書第05章,品格,天父賜給你自由，是為了讓聖靈的果子在你生命中結出,你是否曾在聖靈的結果上感到氣餒，覺得自己不夠愛、不夠有平安？保羅說，你們蒙召是要得自由，只是「不可將你的自由當作放縱情慾的機會」。然後說，聖靈的果子是愛、喜樂、平安……這些是聖靈結的果子，不是你努力製造的產品。靠聖靈行事，是「讓聖靈在你生命裡動工」，而不是靠意志力逼出這些品質。今天，邀請聖靈在你的生命裡更深地動工。,聖靈所結的果子，就是仁愛、喜樂、和平、忍耐、恩慈、良善、信實、溫柔、節制。《加拉太書5:22-23》
48加拉太書第06章,服事,天父讓你在彼此扶持中活出基督的律法,你是否曾看見弟兄姊妹跌倒，卻不知道是否應該介入，怕被說管閒事，還是怕傷害關係？保羅說：「弟兄們，若有人偶然被過犯所勝，你們屬靈的人，就當用溫柔的心把他挽回過來；又當自己小心，恐怕也被引誘。你們各人的重擔要互相擔當，如此，就完全了基督的律法。」溫柔地挽回、謙卑地自省、互相擔當——這不是管教，而是愛的行動。天父在你旁邊放了需要被扶持的人，也在你跌倒時放了願意扶持你的人。,你們各人的重擔要互相擔當，如此，就完全了基督的律法。《加拉太書6:2》
49以弗所書第01章,信仰,天父在創世以前就揀選你，讓你在祂的愛裡有根基,你是否曾在自我懷疑的時刻，問自己：「我真的被天父愛著嗎？還是我只是人群中的一個？」保羅說：「他在創立世界以前，在基督裏揀選了我們，使我們在他面前成為聖潔，無有瑕疵；又因愛我們，就按着自己意旨所喜悅的，預定我們藉着耶穌基督得兒子的名分。」在這個世界被造之前，天父已經知道你的名字，已經選擇了你。你的被愛，不是因為你的表現，而是因為祂在永恆裡就定了的心意。今天，讓這份確定沉進你心裡。,他在創立世界以前，在基督裏揀選了我們，使我們在他面前成為聖潔，無有瑕疵。《以弗所書1:4》
49以弗所書第02章,信仰,天父用恩典拯救你，讓你成為祂手中的傑作,你是否曾覺得自己不值得被救、不值得被愛？保羅說：「你們得救是本乎恩，也因着信；這並不是出於自己，乃是神所賜的；也不是出於行為，免得有人自誇。我們原是他的工作，在基督耶穌裏造成的，為要叫我們行善，就是神所預備叫我們行的。」「工作」原文是傑作、藝術品。你不是生產線上的產品，你是天父手裡的傑作。祂造你，是為了讓你行走在祂為你預備的美好道路上。,你們得救是本乎恩，也因着信；這並不是出於自己，乃是神所賜的。《以弗所書2:8》
49以弗所書第03章,禱告,天父讓你明白祂的愛長寬高深，超過你所能測量,你是否曾在知道天父愛你的道理的同時，卻沒有真正「感受」到那份愛的真實？保羅為以弗所人禱告，求父「按着他豐盛的榮耀，藉着他的靈，叫你們心裡的力量剛強起來……叫基督因你們的信，住在你們心裡，使你們的愛心有根有基，能以和眾聖徒一同明白基督的愛是何等長闊高深，並知道這愛是過於人所能測度的」。知道，和真正明白，是不一樣的。邀請天父今天讓你在心裡真實地碰觸那份愛。,能以和眾聖徒一同明白基督的愛是何等長闊高深。《以弗所書3:18》
49以弗所書第04章,品格,天父呼召你活出與你身份相稱的樣式,你是否曾感覺在教會的群體裡難以合一，因著不同的個性和意見而紛爭，感到疲憊？保羅說：「我為主被囚的勸你們：既然蒙召，行事為人就當與蒙召的恩相稱，凡事謙虛、溫柔、忍耐，用愛心互相寬容，用和平彼此聯絡，竭力保守聖靈所賜合而為一的心。」合一不是消除差異，而是在差異中選擇謙卑和愛。你的每一個「忍耐」和「寬容」，都是在活出你被呼召的身份。,凡事謙虛、溫柔、忍耐，用愛心互相寬容，用和平彼此聯絡。《以弗所書4:2-3》
49以弗所書第05章,家庭,天父讓夫妻在彼此捨己裡，反映你婚姻的美好設計,你是否曾在婚姻裡感到疲憊，不知道怎麼繼續給出那份愛？保羅說，丈夫要愛妻子，「正如基督愛教會，為教會捨己」——這不是一個給妻子的命令，而是對丈夫的最高要求。而在彼此順服這個大框架之下，夫妻的關係是互相的。天父對婚姻的設計，是讓兩個人在彼此捨己的愛裡，活出基督與教會那種深厚的連結。今天，你願意先走出那一步嗎？,你們作丈夫的，要愛你們的妻子，正如基督愛教會，為教會捨己。《以弗所書5:25》
49以弗所書第06章,信仰,天父讓你穿戴全副軍裝，在屬靈爭戰中站立得住,你是否曾在屬靈爭戰中感到措手不及，被某種攻擊或思想擊倒？保羅說：「要靠着主，倚賴他的大能大力，作剛強的人。要穿戴神所賜的全副軍裝，就能抵擋魔鬼的詭計。」然後一件件列出：真理的腰帶、公義的護心鏡、和平的福音戰靴、信心的盾牌、救恩的頭盔、聖靈的寶劍。天父不是讓你赤手空拳去爭戰，而是已經為你準備好了每一件裝備。今天，有意識地穿戴上。,要穿戴神所賜的全副軍裝，就能抵擋魔鬼的詭計。《以弗所書6:11》
50腓立比書第01章,信仰,天父在你身上開始了美好的工作，祂必負責完成,你是否曾懷疑自己的信仰能不能走到終點，或者在某個跌倒之後，不確定天父是否還在你身上有計劃？保羅說：「我深信那在你們心裡動了善工的，必成全這工，直到耶穌基督的日子。」天父不是一個半途而廢的神，祂開始的事，祂負責完成。你不需要靠自己把信仰維持到底，那是天父的工作，不是你的。你的責任是繼續走，天父的責任是帶你到終點。今天，把那份「我能不能走到底」的焦慮，交在那位「必成全」的天父手裡。,那在你們心裡動了善工的，必成全這工，直到耶穌基督的日子。《腓立比書1:6》
50腓立比書第02章,品格,天父讓你效法基督的謙卑，以他人為更重要的,你是否曾在人際關係中因為被忽視或不被尊重而感到受傷，想要被肯定、被看見？保羅說：「各人不要單顧自己的事，也要顧別人的事，你們當以基督耶穌的心為心。」然後描述基督：雖然有神的形像，卻「不以自己與神同等為強奪的，反倒虛己，取了奴僕的形像」。謙卑不是假裝自己沒有價值，而是主動把別人放在前面，因為你已經確定了自己的身份，所以不需要搶位置。天父的子女，以謙卑的服事彰顯最大的高貴。,你們當以基督耶穌的心為心。《腓立比書2:5》
50腓立比書第03章,信仰,天父讓你放下過去的一切，向著前面的目標奔跑,你是否曾被過去的榮耀或過去的失敗所困住，無法向前走？保羅說，他原本有很多可以誇耀的宗教資歷，「只是我先前以為於我有益的，我現在因基督都當作有損的……我要得着基督。」然後說：「我只有一件事，就是忘記背後，努力面前的，向着標竿直跑。」無論是過去的得，還是過去的失，都不是你今天的身份。繼續向前跑。,我只有一件事，就是忘記背後，努力面前的，向着標竿直跑，要得神在基督耶穌裏從上面召我來得的獎賞。《腓立比書3:13-14》
50腓立比書第04章,信仰,天父讓你在任何處境中都學習知足的秘訣,你是否曾發現自己的情緒和平安總是被外在環境控制，好的時候喜悅，不好的時候跌落，沒有一個穩定的內在根基？保羅說：「我學會了，無論在什麼狀態，可以知足，這是我學會了的秘訣。」不是天生就知足，而是「學會了」。他說：「靠着那加給我力量的，凡事都能做。」然後應許：「神必照他榮耀的豐富，在基督耶穌裏，使你們一切所需用的都充足。」天父的供應，不等你的環境好了才降臨，而是在任何處境裡都夠用。,靠着那加給我力量的，凡事都能做。《腓立比書4:13》
51歌羅西書第01章,信仰,天父讓基督充滿萬有，也充滿你的生命,你是否曾覺得信仰是生活中的一個部分，卻沒有辦法讓它成為整個生命的中心？保羅說，基督「在萬有之先存在，萬有也靠他而立」。然後說：「就是神在基督裏，叫一切的豐盛居住在他裏面。」這位充滿萬有的基督，要住在你生命裡，讓每一個角落都被祂佔滿。你的工作、家庭、金錢、未來，都在祂的主權下。今天，讓祂真正地成為你生命的中心。,他在萬有之先存在，萬有也靠他而立。《歌羅西書1:17》
51歌羅西書第02章,信仰,天父讓你在基督裡根深蒂固，不被各樣哲學和傳統動搖,你是否曾被各種屬靈潮流或新奇的教導所吸引，不確定自己的信仰根基是否穩固？保羅說：「你們既然在主基督耶穌裏受了他，就當遵他而行，在他裏面生根建造，信心堅固，正如你們所領的教訓，感謝的心也更增長了。」然後警告：「你們要謹慎，恐怕有人用他的理學和虛空的妄言，不照着基督，乃照人間的遺傳和世上的小學，就把你們擄去。」在基督裡根深，是你面對任何動搖最穩固的防護。,你們要謹慎，恐怕有人用他的理學和虛空的妄言……就把你們擄去。《歌羅西書2:8》
51歌羅西書第03章,家庭,天父讓你在家庭的每個關係裡彰顯基督的愛,你是否曾在家庭關係中感到疲憊，在家人面前已經沒有力氣表現出信仰的樣式？保羅說：「你們作妻子的……作丈夫的……你們作兒女的……你們作父親的……無論做什麼，都要從心裡做，像是給主做的，不是給人做的，因你們知道從主那裡必得着基業為賞賜。」家庭，不是信仰生活的最低要求，而是信仰最真實的試驗場。對家人好，就是在服事主。今天，把你對家人做的每件事，都當作獻給天父的。,無論做什麼，都要從心裏做，像是給主做的，不是給人做的。《歌羅西書3:23》
51歌羅西書第04章,智慧,天父讓你的言語充滿恩典，知道如何回答各人,你是否曾在與人交談時，不知道如何說出信仰的話語，擔心說錯、說太多或說太少？保羅說：「你們要靠智慧與外人交往，把握機會。你們的言語要常常帶着和氣，好像用鹽調和，就可知道該怎樣回答各人。」帶着和氣、用鹽調和——不是強硬地宣告，而是帶著智慧和溫柔。天父不要求你說完美的話，只邀請你讓你的語言帶著祂的滋味。今天的對話，你願意讓天父的溫柔和智慧調和你的話語嗎？,你們的言語要常常帶着和氣，好像用鹽調和，就可知道該怎樣回答各人。《歌羅西書4:6》
52帖撒羅尼迦前書第01章,服事,天父讓你的信仰成為別人看得見的見證,你是否曾懷疑，自己普普通通的信仰生活，是否對周圍的人有任何影響？保羅說帖撒羅尼迦教會的信心在神面前不住地被紀念，因為「因信心所做的工夫，因愛心所受的勞苦，因盼望我們主耶穌基督所存的忍耐」。這個教會的名聲傳遍了馬其頓、亞該亞，甚至更遠的地方。保羅說：「我們實在不用說什麼了。」你日常信仰的樣式，有著比你知道更遠的影響力。天父在看，別人也在看。,因為主的道從你們那裏得以傳揚開來，不但在馬其頓和亞該亞，就是在各處，你們向神的信心也都傳開了。《帖撒羅尼迦前書1:8》
52帖撒羅尼迦前書第02章,服事,天父讓你以乳母哺養孩子的溫柔來服事祂的子民,你是否曾在服事中顯得太有效率、太在成果，卻少了一份真實的溫柔和陪伴？保羅描述他的服事態度：「我們在你們中間，卻是溫柔，如同乳母乳養自己的孩子。我們既是這樣愛你們，不但願意將神的福音給你們，連自己的性命也願意給你們，因你們是我們所疼愛的。」服事不只是把正確的東西傳遞給別人，而是帶著真實的愛，把自己的生命也融入在一起。天父不要一個高效率卻冷漠的服事者，而是一個像乳母一樣溫柔的同行者。,我們在你們中間，卻是溫柔，如同乳母乳養自己的孩子。《帖撒羅尼迦前書2:7》
52帖撒羅尼迦前書第03章,信仰,天父讓你在試煉中站立，不被動搖,你是否曾在試煉或逼迫中擔心，自己的信仰是否撐得住，或者擔心那些你所愛的信徒是否還在堅持？保羅差提摩太去探望帖撒羅尼迦的信徒，「免得那誘惑人的時候誘惑了你們，叫我們的勞苦歸於虛空」。提摩太帶回好消息：他們「信心仁愛都沒有虧缺，並且我們常常懷念你們，切切地想見我們」。保羅感謝說：「你們若靠主站立，我們就活了！」你在試煉中的站立，是天父的榮耀，也是讓身邊人生命的鼓勵。,你們若靠主站立，我們就活了！《帖撒羅尼迦前書3:8》
52帖撒羅尼迦前書第04章,未來,天父讓主再來的盼望成為你現在生命的力量,你是否曾因為失去所愛的人而深陷悲傷，或者對死後的事感到恐懼和不確定？保羅說：「論到睡了的人，我們不願意弟兄們不知道，恐怕你們憂傷，像那些沒有指望的人一樣。」然後說：「我們若信耶穌死而復活了，那已經在耶穌裏睡了的人，神也必將他們與耶穌一同帶來。」主再來的日子，是重聚的日子。你對已逝去的信徒的思念，不是沒有盼望的悲傷。「所以，你們當用這些話彼此勸慰。」,我們這活着還存留的人必和他們一同被提到雲裏，在空中與主相遇，我們就要和主永遠同在。《帖撒羅尼迦前書4:17》
52帖撒羅尼迦前書第05章,信仰,天父讓你常常喜樂，不住禱告，凡事謝恩,你是否曾覺得「常常喜樂、不住禱告、凡事謝恩」是一個太高的要求，在現實生活的重壓下根本做不到？保羅說這三件事是「神在基督耶穌裏向你們所定的旨意」——不是試探你，而是天父為你預備的生命樣式。喜樂不是感情上的高峰，而是一個基於「天父在我裡面」的穩定狀態。禱告不是完美的禱告，而是持續地與天父保持對話。謝恩不是忽視痛苦，而是在任何處境裡都能找到天父的蹤跡。這是可以活出來的。,要常常喜樂，不住地禱告，凡事謝恩，因為這是神在基督耶穌裏向你們所定的旨意。《帖撒羅尼迦前書5:16-18》
53帖撒羅尼迦後書第01章,信仰,天父看見你在患難中仍然持守的信心與忍耐,你是否曾在患難和逼迫中感到疲憊，不確定這樣撐下去有什麼意義？保羅說：「你們在所受的一切逼迫患難中，仍舊存忍耐和信心，所以我們在神的各教會裏，為你們誇耀。這些事乃是神公義判斷的明證，叫你們可以算為配得神國的。」天父不是忽視你在患難中的掙扎，而是在那掙扎裡看見你值得被誇耀的信心。你今天所忍耐的一切，天父都在記錄。持守下去，那份信心，是天父眼中最珍貴的。,你們在所受的一切逼迫患難中，仍舊存忍耐和信心。《帖撒羅尼迦後書1:4》
53帖撒羅尼迦後書第02章,信仰,天父讓你站立在真理裡，不被末世的謊言動搖你,你是否曾在末世的言論或各種「緊急預言」中感到不安，不知道哪些是真的，心裡惶恐？保羅說：「請你們不要輕易動心，不要驚慌，無論有靈，有言語，有冒我名的書信，說主的日子到了，都不要信。」他呼召信徒站立，持守所受的教訓。然後說：「願我們的主耶穌基督和那愛我們……使你們心裡得安慰，在一切善事善言上得堅固。」天父的話語是你在末世謊言中最穩固的錨。你不需要被每個聲音帶著走。,請你們不要輕易動心，不要驚慌……說主的日子到了，都不要信。《帖撒羅尼迦後書2:2》
53帖撒羅尼迦後書第03章,品格,天父讓你在日常的勤勞工作中也活出信仰的見證,你是否曾覺得信仰只在「屬靈時刻」才有意義，日常的工作和生活是另一回事？保羅嚴肅地告訴帖撒羅尼迦人，有些人不工作，只管閒事，這不是屬靈的生活，而是一種問題。他自己的榜樣是：「我們在你們中間，並沒有不按規矩而行……勞苦工作，晝夜做工，免得叫你們一人受累。」做好自己的事，踏實地工作，是信仰生活的一部分。天父不把工作和信仰分開，你每天盡責的勞動，也是對祂名的榮耀。,你們中間若有人不肯做工，就不可吃飯。《帖撒羅尼迦後書3:10》
54提摩太前書第01章,信仰,天父的恩典臨到最不配的人，讓你不再自我定罪,你是否曾因為過去的罪或失敗，覺得自己不配被天父所用，甚至不配被稱為基督徒？保羅說：「在罪人中我是個罪魁，然而我蒙了憐憫……好叫基督耶穌在我這罪魁身上顯明他一切的忍耐，給後來信他得永生的人作榜樣。」如果天父能使用保羅，這個曾逼迫教會的人，天父也能使用你。保羅描述自己是「罪魁」不是為了自我攻擊，而是為了更大地頌揚天父無限的恩典。你的過去，成不了天父恩典的障礙。,在罪人中我是個罪魁，然而我蒙了憐憫，是因耶穌基督要在我這罪魁身上顯明他一切的忍耐。《提摩太前書1:15-16》
54提摩太前書第02章,禱告,天父邀請你為萬人禱告，祂願意萬人得救,你是否曾覺得禱告只是個人的事，為自己的需要求就夠了，沒有想到要為更大的範圍禱告？保羅說：「我勸你，第一要為萬人懇求、禱告、代求、祝謝；為君王和一切在位的也該如此，使我們可以敬虔、端正、平安無事地度日。這是好的，在神我們救主面前可蒙悅納。他願意萬人得救，明白真道。」你的禱告，不只是為你自己而已。天父把你的禱告，當作祂拯救更多人的工具之一。今天，為你身邊還未認識天父的人禱告。,他願意萬人得救，明白真道。《提摩太前書2:4》
54提摩太前書第03章,領袖,天父看重你作為領袖的品格，重於才能和外表,你是否曾在教會或群體的領袖位置上，更注重成果和效率，卻忽略了品格的培養？保羅在這裡列出監督和執事的資格，幾乎全部都是品格：「無可指責，只有一個妻子，有節制，自守，端正，樂意接待遠人，善於教導，不因酒滋事……不是初信的人……在教外也有好名聲。」天父看領袖，首先看的是他是個什麼樣的人，然後才是他能做什麼。今天，花多一點時間問自己：我的品格，在天父面前是什麼樣子的？,人若想要得監督的職分，就是羨慕善工，這話是可信的。《提摩太前書3:1》
54提摩太前書第04章,服事,天父讓你在年輕或被人輕看的時候，仍然作信徒的榜樣,你是否曾因為年輕、資歷淺、或不被重視，而覺得自己暫時不用認真，等到「時機成熟」才需要活出信仰的樣式？保羅對提摩太說：「不可叫人小看你年輕，總要在言語、行為、愛心、信心、清潔上，都作信徒的榜樣。」不是等到你夠老、夠成熟才需要活出榜樣，而是從現在開始。你今天的樣式，就是你在培養的那個人。天父不等你準備好，祂邀請你現在就活出讓人看見的信仰。,不可叫人小看你年輕，總要在言語、行為、愛心、信心、清潔上，都作信徒的榜樣。《提摩太前書4:12》
54提摩太前書第05章,家庭,天父讓你在家庭關係中先盡孝、顯愛，這是真實的敬虔,你是否曾在忙碌的服事或工作中，忽略了對家人的照顧，或者把對家人的責任放在信仰熱情之後？保羅說：「人若不看顧親屬，就是背了真道，比不信的人還不好，不看顧自己家人的，更是如此。」這是聖經裡少見的強烈語言，說明家庭責任是信仰的核心，不是邊緣。你對父母、配偶、孩子的照顧，是你敬虔的一部分，不是與信仰分開的世俗義務。天父在乎你的家，就像祂在乎你的服事。,人若不看顧親屬，就是背了真道，比不信的人還不好。《提摩太前書5:8》
54提摩太前書第06章,財務,天父讓你以敬虔加上知足成為最大的富足,你是否曾在財務上感到焦慮，覺得現有的不夠，或者渴望更多，卻又說不清楚「夠了」是什麼？保羅說：「敬虔加上知足便是大利，因為我們沒有帶什麼到世上來，也不能帶什麼去；只要有衣有食，就當知足。」然後警告：「貪財是萬惡之根。有人貪戀錢財，就被引誘離了真道，用許多愁苦把自己刺透了。」天父的豐富不是銀行裡的數字，而是敬虔和知足所帶來的內在充足。你今天，已經比你想像的更富足。,敬虔加上知足便是大利。《提摩太前書6:6》
55提摩太後書第01章,信仰,天父賜給你的不是膽怯的靈，而是能力、愛心、謹守的心,你是否曾在服事或見證的時刻，被一種說不清楚的膽怯攔住，不敢開口，不敢站出來？保羅對提摩太說：「神賜給我們，不是膽怯的心，乃是剛強、仁愛、謹守的心。所以你不要以給我們的主作見證為恥，也不要以我這為主被囚的為恥，總要按神的能力，與我為福音同受苦難。」那個膽怯，不是來自天父的。天父給你的，是能力，是愛，是謹守。今天，在你感到膽怯的地方，選擇站起來。,神賜給我們，不是膽怯的心，乃是剛強、仁愛、謹守的心。《提摩太後書1:7》
55提摩太後書第02章,服事,天父讓你在艱難中像忠心的士兵、農夫、運動員一樣持守,你是否曾在服事的艱難中覺得太累，想要放棄，不明白為什麼跟隨神要這麼辛苦？保羅用三個比喻：士兵不被日常瑣事纏累；運動員要按規矩競技；農夫勞力之後才先得收成。每一個都強調持守和規律，然後說：「你要思想我所說的，因為凡事主必給你聰明。」艱難不是你走錯路的記號，而是服事本質的一部分。天父不許諾輕鬆，但許諾與你同在，「他若不信，他仍是可信的，因為他不能背乎自己」。,你要思想我所說的，因為凡事主必給你聰明。《提摩太後書2:7》
55提摩太後書第03章,智慧,天父的話語讓你在末世的黑暗中站立並有智慧,你是否曾在這個充滿謊言和混亂的時代裡，感到信仰的根基動搖，不確定什麼才是真實的？保羅說，末世有難以應付的時候，那時人「自高自大，愛宴樂，不愛神，有敬虔的外貌，卻背了敬虔的實意」。但他提醒提摩太：「聖經都是神所默示的，於教訓、督責、使人歸正、教導人學義都是有益的，叫屬神的人得以完全，預備行各樣的善事。」天父的話語，是你在黑暗時代最真實的光。今天，讓聖經的話語深深紮根在你裡面。,聖經都是神所默示的，於教訓、督責、使人歸正、教導人學義都是有益的。《提摩太後書3:16》
55提摩太後書第04章,信仰,天父讓你打完美好的仗，保守那份信仰到底,你是否曾擔心自己能不能走完這條信仰的路，特別是在感到疲憊或孤單的時刻？保羅在生命的末了說：「那美好的仗我已經打過了，當跑的路我已經跑盡了，所信的道我已經守住了。從此以後，有公義的冠冕為我存留，就是按着公義審判的主到了那日要賜給我的。」這不是驕傲，而是對天父信實的見證。保羅也說：「有主站在我旁邊，加給我力量。」天父站在你旁邊，那場仗，你打得完。,那美好的仗我已經打過了，當跑的路我已經跑盡了，所信的道我已經守住了。《提摩太後書4:7》
56提多書第01章,領袖,天父讓你先在家庭和品格上表裡如一，再談帶領,你是否曾觀察到一些領袖在台上說得好，卻在私底下的生活裡有很大的落差？保羅說長老的資格包括「只有一個妻子，兒女也是信主的……在外無可指責……不任性，不急躁……按所學的教義，就能勸化人，又能駁倒那些反對的人」。真實的領袖，是在私下的生活裡先活出來，然後帶領的力量才從那個真實的地方流出。天父要的是表裡如一的人，那是你最有力量的帶領。,監督既是神的管家，必須無可指責，不任性，不急躁，不因酒滋事，不打人，不貪無義之財。《提多書1:7》
56提多書第02章,品格,天父的恩典教導你脫離不敬虔，活出合宜的生命樣式,你是否曾覺得信仰就是一些道德規條，需要靠意志力去遵守，卻常常失敗？保羅說：「因為神救眾人的恩典已經顯明出來，教訓我們除去不敬虔的心，和世俗的情慾，在今世自守、公義、敬虔度日，等候所盼望的福，並等候至大的神和我們救主耶穌基督的榮耀顯現。」讓你活出聖潔生命的，不是更多的努力，而是接受那「教訓我們」的恩典。恩典不只是赦免，也是教育和轉化的力量。今天，讓天父的恩典來教你。,神救眾人的恩典已經顯明出來，教訓我們除去不敬虔的心。《提多書2:11-12》
56提多書第03章,信仰,天父不因你的行為拯救你，而是因祂的憐憫更新你,你是否曾在回顧自己信主前的生活時感到羞愧，或者在犯罪後覺得需要靠行為「彌補」才能再回到天父面前？保羅說：「從前我們也都在他們中間，放縱私慾，顯露各樣的愚昧和背道……惟獨他救了我們，並不是因我們自己所行的義，乃是照他的憐憫，藉着重生的洗和聖靈的更新。」救你的，不是你的表現；更新你的，是天父的憐憫和聖靈的工作。今天，讓那份憐憫重新沉進你心裡。,他救了我們，並不是因我們自己所行的義，乃是照他的憐憫。《提多書3:5》
57腓利門書第01章,品格,天父讓你在日常關係裡活出饒恕和接納的新生命,你是否曾面對一個曾傷害你或讓你失去了什麼的人，不知道要如何在現實的層面重新對待他？阿尼西母曾是腓利門的奴隸，後來逃走，在保羅那裡成了信徒。保羅替他寫信，說：「他或許是暫時離開你，為要使你永久得着他，不再是奴僕，乃是高過奴僕，是親愛的弟兄。」福音改變身份——不只是在屬靈層面，也在日常的人際關係裡。天父邀請你以新的眼光看那個曾傷害你的人，不是忽視傷害，而是讓福音真實地進入那段關係。,他或許是暫時離開你，為要使你永久得着他，不再是奴僕，乃是高過奴僕，是親愛的弟兄。《腓利門書1:15-16》
58希伯來書第01章,信仰,天父在末世藉著祂兒子向你說話，這話語最終極,你是否曾渴望更清楚地聽見天父的聲音，卻感覺神好像在沉默？希伯來書開篇說：「神既在古時藉着眾先知多次多方地曉諭列祖，就在這末世藉着他兒子曉諭我們。」天父說話的方式有過許多，但最終極的、最完整的、最清楚的，是藉著祂兒子耶穌基督。你手中的聖經，就是天父最完整的話語。「他是神榮耀所發的光輝，是神本體的真像。」今天，在耶穌身上，你聽見了天父最完整的聲音。,神既在古時藉着眾先知多次多方地曉諭列祖，就在這末世藉着他兒子曉諭我們。《希伯來書1:1-2》
58希伯來書第02章,信仰,天父讓耶穌成為你的弟兄，使你在一切試煉中不孤單,你是否曾在試煉中感到沒有人真正理解你的苦，覺得連神也高高在上，不懂你的難處？希伯來書說，耶穌「凡事該與他的弟兄相同……因他自己既然被試探而受苦，就能搭救被試探的人」。耶穌稱你為弟兄，因為祂親自進入了人的處境，受過飢餓、疲憊、拒絕和痛苦。天父差遣一位「能同情我們軟弱」的大祭司，就是為了讓你在最困難的時刻，知道有一位完全理解你的主在那裡。你不孤單。,因他自己既然被試探而受苦，就能搭救被試探的人。《希伯來書2:18》
58希伯來書第03章,信仰,天父讓你今天就趁機聽祂的聲音，不要剛硬,你是否曾一再聽見天父的呼召，卻以「等時機成熟」或「等我解決了這件事再說」來推遲回應？希伯來書引用詩篇說：「你們今日若聽他的話，就不可硬着心，像在曠野惹他發怒、試探他的時候一樣。」以色列人在曠野四十年，不是因為路太難，而是因為心剛硬，不信神的帶領。「只要趁着還有今日，天天彼此相勸。」天父的機會是「今日」，不是「將來某天」。你今天聽見祂說了什麼嗎？,你們今日若聽他的話，就不可硬着心。《希伯來書3:15》
58希伯來書第04章,信仰,天父讓你坦然無懼地來到施恩寶座前，得幫助,你是否曾在有需要的時候猶豫不敢向天父開口，覺得自己的問題太小、太俗世，不值得帶到神面前？希伯來書說：「我們並沒有一位不能體恤我們軟弱的大祭司，他也曾凡事受過試探，與我們一樣，只是他沒有犯罪。所以，我們只管坦然無懼地來到施恩的寶座前，為要得憐恤，蒙恩惠，作隨時的幫助。」「隨時的幫助」——不是只有在緊急時刻，而是在你任何需要的時候。天父的施恩寶座，為你一直敞開。,所以，我們只管坦然無懼地來到施恩的寶座前，為要得憐恤，蒙恩惠，作隨時的幫助。《希伯來書4:16》
58希伯來書第05章,信仰,天父讓你在受苦中學習順服，成熟長大,你是否曾在苦難或失去中困惑，不明白一個愛你的天父為什麼讓你這樣受苦？希伯來書說連耶穌自己也「在他肉體活着的時候，用眼淚和大聲哀哭，禱告懇求那能救他免死的主，就因他的虔誠蒙了應允。他雖然為兒子，還是因所受的苦難學了順從。他既然得以完全，就為凡順從他的人成了永遠得救的根源。」順服不是沒有眼淚，而是在眼淚中仍然選擇信靠。你的受苦，天父也在其中工作。,他雖然為兒子，還是因所受的苦難學了順從。《希伯來書5:8》
58希伯來書第06章,信仰,天父的應許是你靈魂最穩固的錨,你是否曾在信仰的某個瓶頸期停滯，生命沒有前進，感到靈性的疲乏？希伯來書說：「人離開基督道理的開端，當進到完全的地步」，不要停在嬰孩的地步。然後給出盼望：「神的應許，他是憑着自己起誓，因為沒有比自己更大可以指着起誓的……藉這兩件不更改的事，神決不說謊……這盼望，是我們心靈的錨，又堅固又牢靠。」天父的應許是錨，是在一切動盪中讓你不漂流的那個固定點。你今天緊握著那個錨嗎？,這盼望，是我們心靈的錨，又堅固又牢靠。《希伯來書6:19》
58希伯來書第07章,信仰,天父讓耶穌作你永遠的大祭司，為你永遠活著代求,你是否曾在罪疚感中覺得，自己需要不斷地「再次補救」才能回到天父面前，從來沒有真正的平安？希伯來書說，舊約的祭司要一再獻祭，因為他們自己也有罪，也有死亡。但耶穌是「長遠活着，替他們祈求」的大祭司。「凡靠着他進到神面前的人，他都能拯救到底；因為他是長遠活着，替他們祈求。」你今天，有一位正在為你代求的大祭司。那位大祭司不需要休息，不需要替換，祂永遠為你代求。,凡靠着他進到神面前的人，他都能拯救到底；因為他是長遠活着，替他們祈求。《希伯來書7:25》
58希伯來書第08章,信仰,天父在新約裡把祂的律法寫在你心裡,你是否曾覺得順從神的誡命需要很大的意志力，每次都感覺在對抗自己的本性，疲憊不堪？新約的應許說：「我要將我的律法放在他們裏面，寫在他們心上，我要作他們的神，他們要作我的子民……他們都必認識我，無論大小都必認識我；因為我要赦免他們的不義，不再記念他們的罪愆。」天父的新約，不是把規條貼在外面，而是把祂的心放在你裡面。當你心裡有了天父，順從就不再只是外在的壓力，而是從裡面流出的渴望。,我要將我的律法放在他們裏面，寫在他們心上，我要作他們的神，他們要作我的子民。《希伯來書8:10》
58希伯來書第09章,信仰,天父讓基督一次獻祭，永遠成就你的潔淨,你是否曾一遍遍地為同一個罪向天父認罪，卻仍然有一種「沒有被真正赦免」的感覺，心裡一直帶著那份重擔？希伯來書說，舊約的祭司每年反覆獻祭，因為那些祭無法真正潔淨良心。但基督「藉着永遠的靈，將自己無瑕無疵獻給神，他的血豈不更能洗淨你們的心，除去你們的死行，使你們事奉那永生神嗎？」基督的獻祭是「一次」且永遠有效的。你的罪，已經被完全潔淨了。不需要再一次地帶着同樣的重擔。,他的血豈不更能洗淨你們的心，除去你們的死行，使你們事奉那永生神嗎？《希伯來書9:14》
58希伯來書第10章,信仰,天父讓你存着真誠的心坦然進到祂面前,你是否曾在感到自己不夠潔淨、不夠配的時候，選擇遠離禱告、遠離神，而不是更靠近？希伯來書說：「弟兄們，我們既因耶穌的血得以坦然進入至聖所……就當存着誠心，和十足的信心來到神面前，我們的心裡也灑了血，可脫去虧欠的良心，身子用清水洗了，就當彼此相顧，激發愛心，勉勵行善，不可停止聚會，卻要彼此勸勉。」進來——是天父的邀請，不是等你準備好了再說。今天，帶著你真實的心，坦然進到祂面前。,"我們既因耶穌的血得以坦然進入至聖所，就當存着誠心……來到神面前。《希伯來書10:19,22》"
58希伯來書第11章,信仰,天父讓信心成為你在看不見的處境中前進的動力,你是否曾在一個看不見任何出路、也感受不到任何回應的時刻，不知道如何繼續相信？希伯來書說：「信就是所望之事的實底，是未見之事的確據。」然後列出一長串信心的英雄——亞伯、以諾、挪亞、亞伯拉罕、撒拉……他們「都是存着信心死的，並沒有得着所應許的，卻從遠處望見，且歡喜迎接。」他們沒有看見應許完全實現，卻仍然走完了那條路。天父在等你把那個「看不見」的現實，用信心走過去。,信就是所望之事的實底，是未見之事的確據。《希伯來書11:1》
58希伯來書第12章,信仰,天父的管教是祂愛你的記號，讓你分享祂的聖潔,你是否曾在被管教或受苦的時候，懷疑天父是否真的愛你，或者感到被天父拒絕？希伯來書說：「你們所忍受的，是神管教你們，待你們如同待兒子。焉有兒子不被父親管教的呢？……他管教我們是要我們得益處，使我們在他的聖潔上有分。」管教不是天父放棄你的記號，而是天父在乎你生命品質的記號。那個讓你痛苦的過程，是天父的手在你身上做培育。「後來卻為那些在此操練的人結出平安的果子，就是義。」,他管教我們是要我們得益處，使我們在他的聖潔上有分。《希伯來書12:10》
58希伯來書第13章,信仰,天父永不離開你，永不丟棄你,你是否曾在孤單或被人拋棄的時候，心裡有一種深層的恐懼，不確定天父是否也會離開你？希伯來書說：「你們存心不可貪愛錢財，要以自己所有的為足，因為主曾說：我總不撇下你，也不丟棄你。所以我們可以放膽說：主是幫助我的，我必不懼怕，人能把我怎麼樣呢？」天父說的是「總不」——不是「通常不」，不是「在你乖的時候不」，而是「永遠不」。這個應許，讓你可以在任何人的離去中，仍然站立。,主曾說：我總不撇下你，也不丟棄你。《希伯來書13:5》
59雅各書第01章,智慧,天父讓你在試驗中成長，在缺乏智慧時向祂求,你是否曾在面對試煉的時候，一方面承受壓力，一方面卻不知道天父在這其中的心意？雅各說：「你們落在百般試煉中，都要以為大喜樂；因為知道你們的信心經過試驗，就生忍耐。但忍耐也當成功，使你們成全完備，毫無缺欠。你們中間若有缺少智慧的，應當求那厚賜與眾人、也不斥責人的神，主就必賜給他。」試煉的目的，是成全你的信心；你的責任，是在試煉中求智慧。天父給智慧是「厚賜」，不是吝嗇的。今天，開口求。,你們中間若有缺少智慧的，應當求那厚賜與眾人、也不斥責人的神，主就必賜給他。《雅各書1:5》
59雅各書第02章,品格,天父讓你的信心在具體的行動裡活出來,你是否曾有過「信心」卻沒有行動，或者看見有需要的人，只是說「我為你禱告」卻沒有真實的幫助？雅各說：「若有弟兄或是姊妹，赤身露體，又缺了日用的飲食，你們中間有人對他們說：平平安安地去吧，願你們穿得暖吃得飽，卻沒有給他們身體所需用的，這有什麼益處呢？這樣，信心若沒有行為就是死的。」信心不是一個感覺，而是一個行動。你今天所信的，在你生活中的具體表現是什麼？天父看的是那個具體的愛。,這樣，信心若沒有行為就是死的。《雅各書2:26》
59雅各書第03章,智慧,天父讓你的舌頭成為祝福的泉源，而不是傷人的火,你是否曾說出一句讓人受傷的話，事後後悔，卻已經無法收回？或者你是那個被話語傷過的人？雅各說，舌頭雖小，卻能引火燒山，「舌頭就是火，在我們百體中，舌頭是個罪惡的世界，能污穢全身，且把生命的輪子都點起來」。但他說，從一個泉源不可能同時流出甜水和苦水。如果你的生命泉源是天父的靈，那從你口中出來的，就應該是祝福的話。今天，讓你的話語成為療癒，而不是傷害。,我的弟兄們，這是不應當的，泉源從一個眼裏能發出甜苦兩樣的水嗎？《雅各書3:10-11》
59雅各書第04章,悔改,天父在你謙卑俯伏的時候近前來接納你,你是否曾在某個驕傲或自以為是的狀態後，感到與天父的關係疏遠，卻不知道如何走回去？雅各說：「你們要親近神，神就必親近你們。有罪的人哪，要潔淨你們的手，心懷二意的人哪，要清潔你們的心，你們要愁苦、悲哀、哭泣……要在主面前自卑，主就必叫你們升高。」走回去的路，不是複雜的，而是謙卑地俯伏。天父不是站在遠處評判你，而是等著你在祂面前彎下膝蓋，祂就近前來了。,你們要親近神，神就必親近你們。《雅各書4:8》
59雅各書第05章,禱告,天父讓義人出於信心的禱告大有功效，就是你的禱告,你是否曾覺得自己的禱告沒有力量，因為自己不像以利亞那種「屬靈偉人」？雅各說：「你們中間有受苦的呢，他就該禱告……義人祈禱所發的力量，是大有功效的。以利亞與我們是一樣性情的人，他懇切禱告，求不要下雨，雨就三年零六個月不下在地上，他又禱告，天就降雨，地也生出土產來。」以利亞是「與我們一樣性情的人」——不是超人，而是一個真實地禱告的人。你的禱告，也大有功效。今天，不要放棄禱告。,義人祈禱所發的力量，是大有功效的。《雅各書5:16》
60彼得前書第01章,未來,天父在天上為你保存了不朽壞的產業，任何苦難都奪不走,你是否曾在生命的動盪中，對未來感到不確定，不知道什麼是可以緊緊抓住的？彼得說：「願頌讚歸與我們主耶穌基督的父神！他曾照自己的大憐憫，藉耶穌基督從死裏復活，重生了我們，叫我們有活潑的盼望，可以承受那不能朽壞、不能污穢、不能衰殘、為你們存留在天上的基業。」「不能朽壞、不能污穢、不能衰殘」——這個產業不會被任何力量奪走。你今天所有的苦難，都是「暫時的」，天上的產業是永久的。,可以承受那不能朽壞、不能污穢、不能衰殘、為你們存留在天上的基業。《彼得前書1:4》
60彼得前書第02章,信仰,天父讓你成為祂的子民，你的身份已經改變了,你是否曾在社會的標籤或別人的定義裡迷失，不確定自己到底是誰？彼得說：「但你們是被揀選的族類，是有君尊的祭司，是聖潔的國度，是屬神的子民，要叫你們宣揚那召你們出黑暗入奇妙光明者的美德。你們從前算不得子民，現在卻是神的子民，從前沒有蒙憐恤，現在卻蒙了憐恤。」你的身份，不由你的背景、學歷、家庭或過去決定，而是由天父的揀選和恩典決定的。你是「神的子民」。這個身份，永遠有效。,你們是被揀選的族類，是有君尊的祭司，是聖潔的國度，是屬神的子民。《彼得前書2:9》
60彼得前書第03章,品格,天父讓你在受苦中仍然存溫柔平靜的心,你是否曾在遭受不公正的對待時，很難保持內心的平靜，很容易陷入憤怒或苦毒？彼得說，即使因為做善事受苦，也是天父的心意，因為基督也這樣受苦。然後說：「只要心裡尊主基督為聖，有人問你們心中盼望的緣由，就要常作準備，以溫柔、敬畏的心回答各人。」和內心的柔軟同等重要的，是當別人質疑你信仰的時候，你能以「溫柔和敬畏」回應，而不是憤怒或防衛。天父要的，是一個在壓力下仍然溫柔的生命。,只要心裡尊主基督為聖，有人問你們心中盼望的緣由，就要常作準備，以溫柔、敬畏的心回答各人。《彼得前書3:15》
60彼得前書第04章,服事,天父讓你按照所領受的恩賜，彼此服事祂的恩典,你是否曾對自己的服事缺乏動力，或者把服事當成義務，心裡充滿勉強？彼得說：「各人要照所得的恩賜彼此服事，作神百般恩賜的好管家。若有講道的，要按着神的聖言講；若有服事人的，要按着神所賜的力量服事，叫神在凡事上因耶穌基督得榮耀。」你的服事，是天父把恩賜放在你手上，讓你成為其他人得著那份恩典的管道。這不是義務，而是特權。今天，把你的服事重新理解為「我是天父恩典的管家」。,各人要照所得的恩賜彼此服事，作神百般恩賜的好管家。《彼得前書4:10》
60彼得前書第05章,信仰,天父在乎你，邀請你把一切的憂慮都卸給祂,你是否正背負著一些說不出口的憂慮，在禱告中也不知道怎麼說，只是讓那些重量一直壓著你？彼得說：「你們要將一切的憂慮卸給神，因為他顧念你們。」然後說：「那賜諸般恩典的神……必要親自成全你們，堅固你們，賜力量給你們，建立你們。」「卸」不是一個消極的動詞，而是主動地把重量從自己身上移過去。天父不是冷眼旁觀的，祂「顧念你」——每一個細節，每一份憂慮，都在祂心裡。今天，把那個重量卸給祂。,你們要將一切的憂慮卸給神，因為他顧念你們。《彼得前書5:7》
61彼得後書第01章,品格,天父讓你在信心上加美德，成長到更豐盛的生命,你是否曾在信仰上停留在同一個地方很久，生命沒有前進，覺得成長很難，或者不知道下一步在哪裡？彼得說：「正因這緣故，你們要分外地殷勤，有了信心，又要加上德行；有了德行，又要加上知識；有了知識，又要加上節制；有了節制，又要加上忍耐；有了忍耐，又要加上虔敬；有了虔敬，又要加上愛弟兄的心；有了愛弟兄的心，又要加上愛眾人的心。」屬靈成長是一層疊一層的，每個階段都有下一個呼召。你現在在哪一層？今天往前走一步。,你們要分外地殷勤，有了信心，又要加上德行。《彼得後書1:5》
61彼得後書第02章,智慧,天父讓你能分辨並遠離假教師的誤導,你是否曾接觸過某種教導，聽起來很有道理、很吸引人，卻有一種說不出的不安？彼得嚴肅地警告假先知和假教師的危險，說他們「暗中帶進異端……因他們，真道被人毀謗」，用好聽的話語欺騙人。真理的分辨，需要紮根在天父的話語中。「那用榮耀和美德召我們的」，把我們帶入的是聖潔，而不是虛空的承諾。今天，讓你辨別的標準，是天父的話語，而不是說話人的魅力。,主知道搭救敬虔的人脫離試探。《彼得後書2:9》
61彼得後書第03章,未來,天父遲延是恩典，讓你有時間代禱更多人悔改,你是否曾在看見世界越來越亂的時候，心裡有一種迫切：「主什麼時候要來？為什麼還不來？」彼得說：「主所應許的尚未成就，有人以為他是耽延，其實他不是耽延，乃是寬容你們，不願有一人沉淪，乃願人人都悔改。」天父的「遲延」，不是失憶，而是恩典——祂在等更多人回轉。這份等候，也是你的機會：為你身邊還未信主的人持續禱告，因為天父還在等他們。,他不願有一人沉淪，乃願人人都悔改。《彼得後書3:9》
62約翰壹書第01章,悔改,天父信實公義，你向祂認罪，祂必赦免你,你是否曾因為反覆犯同樣的罪而不敢再向天父認罪，覺得這次太過分了，或者懷疑自己的認罪是否真的有效？約翰說：「我們若認自己的罪，神是信實的，是公義的，必要赦免我們的罪，洗淨我們一切的不義。」注意——天父赦免你，不是因為祂覺得「算了吧」，而是因為祂「信實公義」——那是建立在耶穌已經付清的代價上。你的認罪，落在一個永遠有效的赦免基礎上。今天，不要讓羞愧攔住你認罪；天父在等你開口。,我們若認自己的罪，神是信實的，是公義的，必要赦免我們的罪，洗淨我們一切的不義。《約翰壹書1:9》
62約翰壹書第02章,信仰,天父讓你認識祂，那認識讓你勝過世界,你是否曾在世界的各種誘惑和潮流中感到疲憊，不知道如何保持清醒和分辨？約翰說：「不要愛世界，和世界上的事。人若愛世界，愛父的心就不在他裏面了。因為凡世界上的事，就像肉體的情慾，眼目的情慾，並今生的驕傲，都不是從父來的，乃是從世界來的。」然後說：「你們既從聖者受了恩膏，並且知道一切的事。」你已經有聖靈的恩膏在你裡面，那個認識天父的能力是真實的。讓那個認識成為你分辨世界的羅盤。,不要愛世界，和世界上的事。人若愛世界，愛父的心就不在他裏面了。《約翰壹書2:15》
62約翰壹書第03章,信仰,天父讓你稱為祂的兒女，這是何等的愛,你是否曾在自我懷疑的時刻，覺得「神的兒女」這個身份對你來說太遙遠、太崇高，好像配不上你？約翰說：「你看父賜給我們是何等的慈愛，使我們得稱為神的兒女！我們也真是他的兒女。世人所以不認識我們，是因未曾認識他。親愛的弟兄啊，我們現在是神的兒女，將來如何，還未顯明；但我們知道，主若顯現，我們必要像他，因為必得見他的真體。」現在，今天，你就是天父的兒女。這個身份是真實的，是已經給了你的。,你看父賜給我們是何等的慈愛，使我們得稱為神的兒女！我們也真是他的兒女。《約翰壹書3:1》
62約翰壹書第04章,信仰,天父先愛了你，你的愛是從那愛裡流出來的,你是否曾在努力去愛那些難以愛的人時感到力竭，不知道那份愛從哪裡來？約翰說：「不是我們愛神，乃是神愛我們，差他的兒子為我們的罪作了挽回祭，這就是愛了。……我們愛，因為神先愛我們。」你的愛不是源頭，而是出口。當你覺得愛不下去的時候，不是要更努力地讓自己愛，而是回到那個源頭——天父先愛了你的那份愛。讓那份愛重新充滿你，然後從你身上流出去，流向那個你覺得很難愛的人。,我們愛，因為神先愛我們。《約翰壹書4:19》
62約翰壹書第05章,信仰,天父讓你確知你有永生，這是可以確定的事,你是否曾在對天堂和永生的問題上感到不確定，不知道自己到底有沒有永生，信仰的確信在哪裡？約翰說：「我將這些話寫給你們信奉神兒子之名的人，要叫你們知道自己有永生。」這份確知，不是靠你的感覺，不是靠你的行為，而是靠「信奉神兒子之名」這個真實。「神賜給我們永生，這永生是在他兒子裏面。人有了神的兒子，就有生命。」你已經有神的兒子了嗎？如果是，你已經有了永生。不是希望有，而是「有」了。,神賜給我們永生，這永生是在他兒子裏面。《約翰壹書5:11》
63約翰貳書第01章,智慧,天父讓你在真理和愛心裡同行，不偏左右,你是否曾在信仰群體中感到為難——一邊是追求嚴格的真理，一邊是強調無條件的愛，兩者常常看起來在拉扯？約翰對蒙揀選的太太說：「我如今求你，不是像寫新命令，乃是我們從起初所受的命令，就是我們要彼此相愛……因為世界上有許多迷惑人的出來……所以你們要謹慎，不要失去你們所做的工。」真理和愛不是對立的，而是基督裡最完整的結合。天父讓你持守真理，也在真理裡以愛行走。,我現在求你，不是寫一條新命令，乃是我們從起初所受的命令，就是我們要彼此相愛。《約翰貳書1:5》
64約翰參書第01章,服事,天父看見你在事奉上的忠心，那是祂所喜悅的,你是否曾在默默忠心服事卻無人注意的時候，心裡有一絲失落，懷疑自己的付出是否值得？約翰對該猶說：「親愛的弟兄啊，你在凡事上忠心是很好的，你對待弟兄，特別是對待遠來的人，都是以愛心待他們；我有人來見證你心中的誠實，使我甚快樂。你若幫助他們，叫他們配得上神的心意……這都是我所喜悅的。」你在服事中的忠心，就算只有少數人看見，天父都記錄在案。你的每一個「以愛款待」，都是天父所看見的。,你在凡事上忠心是很好的。《約翰參書1:5》
65猶大書第01章,信仰,天父保守你到底，讓你無瑕、歡歡喜喜地站在祂面前,你是否曾擔心在末世的混亂中能否持守信仰，或者在看見身邊人的信仰被搖動時，感到不安？猶大說，要為那從前交付聖徒的信仰認真爭辯，要在聖靈裡禱告，保守自己常在神的愛中。然後以一個美麗的頌讚作結：「那能保守你們不失腳，叫你們無瑕無疵、歡歡喜喜站在他榮耀之前的神，我們的救主，就是獨一的神，願榮耀、威嚴、能力、權柄，藉我們主耶穌基督歸於他。」保守你不失腳的，是天父，不是你自己。今天，把你的腳交給祂。,那能保守你們不失腳，叫你們無瑕無疵、歡歡喜喜站在他榮耀之前的神。《猶大書1:24》
66啟示錄第01章,敬拜,天父讓你看見復活的基督，讓你跌倒在祂面前俯伏,你是否曾在信仰生活中漸漸把耶穌當成一個熟悉的「朋友」，卻失去了那種敬畏和震驚？約翰在拔摩島看見復活的基督——眼睛如火焰，腳如精金，聲音如眾水的聲音，臉面如日頭放光。「我一看見，就仆倒在他腳前，像死了一樣。」然後耶穌把右手按在他身上說：「不要懼怕！我是首先的，我是末後的，並那存活的；我曾死過，現在又活了……直活到永永遠遠。」天父讓約翰先跌倒，然後被托起。這樣的相遇，讓人敬畏，也讓人得安慰。,他用右手按着我，說：「不要懼怕！我是首先的，我是末後的，並那存活的。」《啟示錄1:17-18》
66啟示錄第02章,信仰,天父呼召你回到起初的愛，那是一切的根基,你是否曾在信仰上忠心、努力，卻感覺那份愛的溫度漸漸冷卻，服事變成了責任和習慣，而不再是出於愛？耶穌對以弗所教會說：「我知道你的行為、勞碌、忍耐……你也曾為我的名勞苦，並不乏倦。然而有一件事我要責備你，就是你把起初的愛心離棄了。所以，應當回想你是從哪裏墜落的，並要悔改，行起初所行的事。」天父沒有忽視你的努力，但祂更在乎你心裡那份愛的真實。今天，回去找那份初心。,你把起初的愛心離棄了……應當回想你是從哪裏墜落的，並要悔改，行起初所行的事。《啟示錄2:4-5》
66啟示錄第03章,信仰,天父站在你心門外敲門，等待你為祂開門,你是否曾感覺信仰的生命進入了一種「不冷不熱」的溫水狀態，說不上有問題，卻也沒有真實的火熱？耶穌對老底嘉教會說：「我知道你的行為，你也不冷也不熱；我巴不得你或冷或熱！你既如溫水，也不冷也不熱，所以我必從我口中把你吐出去。」然後說：「看哪，我站在門外叩門，若有聽見我聲音就開門的，我要進到他那裡去，我與他、他與我一同坐席。」天父不是遠處的審判官，而是站在你心門外敲門的那一位。你願意今天為祂開門嗎？,看哪，我站在門外叩門，若有聽見我聲音就開門的，我要進到他那裏去，我與他、他與我一同坐席。《啟示錄3:20》
66啟示錄第04章,敬拜,天父坐在寶座上掌管萬有，讓你放下憂慮，俯伏讚美,你是否曾在混亂的世局和生活的失控感中，忘記了天父仍然坐在寶座上，一切都在祂的掌管之下？約翰在異象中看見天上的寶座，四活物晝夜不停地說：「聖哉！聖哉！聖哉！主神是昔在、今在、以後永在的全能者！」二十四位長老俯伏敬拜，把冠冕放在寶座前，說：「我們的主，我們的神，你是配得榮耀、尊貴、權柄的；因為你創造了萬物，並且萬物是因你的旨意被創造而有的。」天父在寶座上，你不需要替祂操心。今天，俯伏讚美。,我們的主，我們的神，你是配得榮耀、尊貴、權柄的；因為你創造了萬物，並且萬物是因你的旨意被創造而有的。《啟示錄4:11》
66啟示錄第05章,敬拜,天父讓羔羊配得一切頌讚，祂的得勝是你信心的根基,你是否曾在面對世界的強權和黑暗時感到絕望，覺得邪惡好像永遠不會被制止？約翰看見一本封了七印的書，沒有人配拆開，他就大哭。長老說：「不要哭！猶大支派中的獅子，大衛的根，他已得勝，能以拆開那書卷。」羔羊上前拆開，天上萬萬千千的使者大聲說：「曾被殺的羔羊是配得權柄、豐富、智慧、能力、尊貴、榮耀、頌讚的。」這個世界的最終結局，在羔羊的手裡。你今天所面對的，都在祂掌管之下。,曾被殺的羔羊是配得權柄、豐富、智慧、能力、尊貴、榮耀、頌讚的。《啟示錄5:12》
66啟示錄第06章,信仰,天父在歷史的審判中記念那些為真理付出代價的你,你是否曾因信仰付上了代價，卻感覺自己的受苦沒有人記得，甚至天父也好像沉默？第五印打開，祭壇底下有殉道者的靈魂呼求：「聖潔真實的主啊，你不審判住在地上的人，給我們伸流血的冤，要等到幾時呢？」他們各人得了白衣，有話告訴他們，說「還要安息片時」。天父記念每一個為真理付代價的生命，那些白衣是天父的應許。你今天的受苦，天父都記錄了；祂的時間到，必然伸冤。,他們各人得了一件白衣，有話告訴他們，說：還要安息片時，等着一同作僕人的。《啟示錄6:11》
66啟示錄第07章,未來,天父要親手擦去你所有的眼淚，那是祂的永恆應許,你是否曾在受苦中問：「這一切的淚水到底有沒有意義？天父真的記得我所走過的嗎？」大患難中從各國各族各民出來的人站在寶座前，長老說：「他們是從大患難中出來的，曾用羔羊的血，把衣裳洗白了。……他們不再飢，不再渴；日頭和炎熱也必不傷害他們；因為寶座中的羔羊必牧養他們，領他們到生命水的泉源；神也必擦去他們一切的眼淚。」「神也必擦去他們一切的眼淚。」你流過的每一滴，天父都記得。,神也必擦去他們一切的眼淚。《啟示錄7:17》
66啟示錄第08章,禱告,天父讓你的禱告升到祂面前，成為天上的香,你是否曾覺得自己的禱告微不足道，感覺那些禱告消散在空氣中，沒有到達任何地方？第七印打開，「在神面前侍立的七位天使」；然後另一位天使拿着金香爐，「有許多香賜給他……要和眾聖徒的禱告一同獻在寶座前的金壇上。那香的煙，和眾聖徒的禱告，從天使的手中升到神面前。」你的禱告，在天上有一個形狀，有一種香氣，真實地升到天父面前。沒有一個禱告是消失的，它們都在天上的金壇上。繼續禱告。,那香的煙，和眾聖徒的禱告，從天使的手中升到神面前。《啟示錄8:4》
66啟示錄第09章,悔改,天父的審判呼喚人回頭，讓你珍視每一個悔改的時刻,你是否曾在看見周圍的人面對困難卻仍不回轉時，感到心痛和無力？第六號的審判降下，各種災禍臨到，但聖經說：「其餘未曾被這些災殺死的人，仍舊不悔改他們手所做的，還是拜鬼魔和那些不能看、不能聽、不能走的金、銀、銅、石、木的偶像，又不悔改他們那些兇殺、邪術、奸淫、偷竊的事。」這段記載令人痛心，但也揭示天父心意——每一個審判，都是讓人有機會回頭的呼召。你今天，還有機會。不要錯過這個時刻。,其餘未曾被這些災殺死的人，仍舊不悔改……《啟示錄9:20》
66啟示錄第10章,服事,天父讓你把吃下的話語帶出去傳講，就算有苦也值得,你是否曾在接受天父的話語、在心裡感到甘甜之後，卻在實際傳講或活出時遇到苦澀的經歷？天使拿着小書卷，約翰吃了，「在我口中果然甜如蜜，吃了以後，肚子覺得苦了」。天使說：「你必須指着多民、多國、多方、多王再說預言。」天父的話，在心裡是甘甜的啟示，在口中說出去的時候，往往要面對拒絕、誤解和代價。但天父讓你吃下那話，不是讓你獨自享用，而是讓你帶著它，去說預言。,你必須指着多民、多國、多方、多王再說預言。《啟示錄10:11》
66啟示錄第11章,信仰,天父讓你作見證，就算在最難的地方也不停止,你是否曾在見證信仰最困難的環境裡，覺得實在說不下去，或者說了也沒有人聽？兩位見證人在最黑暗的時候仍然見證，被殺之後三天半，「神所賜生命的氣又入了他們身中，他們就站起來」，被接到天上。然後第七號吹響，有大聲音說：「世上的國，成了我主和主基督的國；他要作王，直到永永遠遠。」你的見證，就算在最不受歡迎的時候，仍然是天父計劃的一部分。最終的結局，是天父的勝利。,世上的國，成了我主和主基督的國；他要作王，直到永永遠遠。《啟示錄11:15》
66啟示錄第12章,信仰,天父的子民靠羔羊的血和見證得勝，那也是你的武器,你是否曾在屬靈爭戰中感到被控告、被定罪，不知道如何站立？大龍被摔下，在天上的聲音說：「我們弟兄的控告者，夜晝在我們神面前控告他們的，已經被摔下去了！弟兄們勝過他，是因羔羊的血和自己所見證的道。他們雖至於死，也不愛惜性命。」你勝過那控告者的武器，是羔羊的血和你的見證。不是靠你的完美，而是靠那已流出的血。天父已經在法庭上為你贏得了判決。,弟兄們勝過他，是因羔羊的血和自己所見證的道。《啟示錄12:11》
66啟示錄第13章,信仰,天父讓你在獸的印記和神的印記之間，清楚地選擇,你是否曾在社會的壓力和妥協的誘惑面前，感到信仰的立場越來越模糊，不知道界限在哪裡？第二個獸「叫眾人……就是小的大的、富的窮的、自主的為奴的，都在右手上或是在額上受一個印記，除了那受印記、有了獸名或有獸名數目的，都不得做買賣」。但天父的子民額上有天父的印記。兩個印記，兩種選擇。天父讓你清醒：你額上的印記是誰的？在每個要你妥協真理的時刻，記住你屬於誰。,智慧在此：凡有聰明的，可以算計獸的數目。《啟示錄13:18》
66啟示錄第14章,信仰,天父讓你跟隨羔羊，你是祂的第一批果子,你是否曾在一個充滿妥協的時代，問自己：「在末世，真正跟隨天父的生命是什麼樣子的？」十四萬四千人站在錫安山，「這些人是從地上買來的，作初熟的果子，歸給神和羔羊的。在他們口中察不出謊言來；他們是沒有瑕疵的。」不是因為完美，而是因為他們的心跟隨羔羊無論去哪裡，他們的口不說謊。天父要的，不是一個依照末世標準「做得夠好」的生命，而是一個真實跟隨祂的心。你今天願意繼續跟隨嗎？,這些人是從地上買來的，作初熟的果子，歸給神和羔羊的。《啟示錄14:4》
66啟示錄第15章,敬拜,天父在審判的前夕仍然被讚美，讓你也先讚美祂,你是否曾在面對世界的不公義時，感到憤怒和疲憊，找不到讚美的理由？在七碗審判倒出之前，那些勝了獸的人「站在玻璃海上，拿着神的琴，唱神僕人摩西的歌，並羔羊的歌」：「主神全能者啊，你的作為大哉！奇哉！萬世之王啊，你的道途義哉！誠哉！」在審判還未到來的時刻，他們先讚美。天父的義，值得在你還看不見結局的時候就先唱出來。今天，選擇讚美，因為天父是義的，無論你的處境如何。,主神全能者啊，你的作為大哉！奇哉！萬世之王啊，你的道途義哉！誠哉！《啟示錄15:3》
66啟示錄第16章,信仰,天父的公義審判是真實的，叫你更珍視與祂同行的每一天,你是否曾對「神的審判」感到遙遠、抽象，覺得那是末世的事，跟現在的生活沒有太大關係？七碗的審判傾下，是對那些「拜獸」拒絕悔改的人所降的。每一碗倒出，都有天使說：「主啊，你這樣判決是公義的……因為……他們是應當受的。」審判不是天父的殘忍，而是對不義的最後清算。這讓你珍視的，是今天與天父同行的每一步——不是因為怕，而是因為明白祂的義是真實的，祂的愛也是真實的。,他們流了聖徒和先知的血，你就給他們血喝；這是他們所應當受的。《啟示錄16:6》
66啟示錄第17章,信仰,天父讓你認清世俗體系的虛假，因為羔羊必勝,你是否曾在強大的世俗體系和文化潮流面前感到無力，覺得那些力量太大，不知道信仰能否站得住？大淫婦騎在獸上，象徵世俗的權力和誘惑，看似不可一世。但天使說：「他們要和羔羊爭戰，羔羊必勝過他們，因為羔羊是萬主之主、萬王之王；同着羔羊的，就是蒙召、被選、有忠心的，也必得勝。」你站在羔羊這邊，你和一個必勝的王站在同一邊。這不是因為你強大，而是因為祂勝過了一切。今天，站穩在那個位置上。,羔羊必勝過他們，因為羔羊是萬主之主、萬王之王。《啟示錄17:14》
66啟示錄第18章,信仰,天父呼喚你從世俗的迷戀中出來，與祂同在,你是否曾察覺自己的心被這個世界的財富、享樂或名聲過度牽引，卻又說不清楚界限在哪裡？有聲音從天上說：「我的民哪，你們要從她中間出來，免得與她一同有罪，受她所受的災殃。」大巴比倫傾倒，地上的君王和商人都為她哭泣，因為他們的財富和享樂都在其中。但天上卻在歡呼。天父在呼喚你「從她中間出來」——不是逃避世界，而是不讓世界成為你心的主人。你的心，給了世界多少空間？,我的民哪，你們要從她中間出來，免得與她一同有罪，受她所受的災殃。《啟示錄18:4》
66啟示錄第19章,敬拜,天父的羔羊婚宴是你一切忠心服事的終極目的地,你是否曾在長期服事或忍耐的路上，感到疲憊，不知道這一切努力往哪裡去？天上有大聲音說：「哈利路亞！因為主我們的神、全能者作王了。我們要歡喜快樂，將榮耀歸給他；因為羔羊婚娶的時候到了；新婦也自己預備好了，就蒙恩得穿光明潔白的細麻衣。這細麻衣就是聖徒所行的義。」你每一天忠心的選擇、每一次義的行走，都是在為那場婚宴預備你的衣裳。你現在的每一步，都在為那個終極的喜悅預備。,我們要歡喜快樂，將榮耀歸給他；因為羔羊婚娶的時候到了。《啟示錄19:7》
66啟示錄第20章,信仰,天父讓撒但有確定的終局，你在屬靈爭戰中不必懼怕,你是否曾在屬靈爭戰中感到仇敵太強，不確定自己能否最終得勝？撒但被捆綁一千年，後來被釋放，再次迷惑列國，但「就有火從天降下，燒滅了他們，那迷惑他們的魔鬼被扔在硫磺的火湖裡……他們必晝夜受痛苦，直到永永遠遠。」仇敵的結局已經確定。他今天的囂張，是在他確定失敗之前的最後掙扎。你在爭戰中所站立的，是一個勝利已定的陣地。「在頭一次復活有分的有福了，聖潔了！第二次的死在他們身上沒有權柄。」,在頭一次復活有分的有福了，聖潔了！第二次的死在他們身上沒有權柄。《啟示錄20:6》
66啟示錄第21章,未來,天父親自擦去你一切的眼淚，這是祂永恆的應許,你是否曾在今世的苦難和失去中，渴望有一天一切都能重新開始，不再有眼淚和痛苦？約翰看見新天新地，神的帳幕在人間。有大聲音說：「神的帳幕在人間。他要與人同住，他們要作他的子民。神要親自與他們同在，作他們的神。神要擦去他們一切的眼淚；不再有死亡，也不再有悲哀、哭號、疼痛，因為以前的事都過去了。」「神要擦去他們一切的眼淚」——是親自，是「一切」。你今天流的每一滴眼淚，天父都記得，那一天，祂親手擦去。,神要擦去他們一切的眼淚；不再有死亡，也不再有悲哀、哭號、疼痛，因為以前的事都過去了。《啟示錄21:4》
66啟示錄第22章,未來,天父說「我必快來」，你的盼望就是對這話說「阿們」,你是否曾在信仰路上感到漫長，對主再來的盼望漸漸變淡，覺得那還很遙遠？整本聖經最後的篇章，以一個渴望作結：「說這話的說：是了，我必快來！阿們！主耶穌啊，我願你來！」這是天上與地上最美麗的對答——耶穌說「我必快來」，信徒的心說「我願你來」。「凡願意的，都可以白白取生命的水喝。」天父的邀請還敞開著，而你的整個信仰生命，就是在等候那個應許的日子，說著：「阿們，主耶穌，我願你來！」,說這話的說：是了，我必快來！阿們！主耶穌啊，我願你來！《啟示錄22:20》
